{"nm":"Comp 1","ddd":0,"h":40,"w":40,"meta":{"g":"@lottiefiles/toolkit-js 0.33.2"},"layers":[{"ty":3,"nm":"Dj8xOjY48E.json 1","sr":1,"st":0,"op":151,"ip":0,"hd":false,"ddd":0,"bm":0,"hasMask":false,"ao":0,"ks":{"a":{"a":0,"k":[15.99999988079071,15.99999988079071],"ix":2},"s":{"a":0,"k":[100,100],"ix":2},"sk":{"a":0,"k":0,"ix":2},"p":{"a":0,"k":[20,20],"ix":2},"r":{"a":0,"k":0,"ix":2},"sa":{"a":0,"k":0,"ix":2},"o":{"a":0,"k":100,"ix":2}},"ef":[],"ind":1},{"ty":0,"nm":"Giftbox","sr":1,"st":0,"op":151,"ip":0,"hd":false,"ddd":0,"bm":0,"hasMask":false,"ao":0,"ks":{"a":{"a":0,"k":[160,160],"ix":2},"s":{"a":0,"k":[10,10],"ix":2},"sk":{"a":0,"k":0,"ix":2},"p":{"a":0,"k":[16,16],"ix":2},"r":{"a":0,"k":0,"ix":2},"sa":{"a":0,"k":0,"ix":2},"o":{"a":0,"k":100,"ix":2}},"ef":[],"w":320,"h":320,"refId":"0","ind":2,"parent":1}],"v":"5.7.5","fr":100,"op":150,"ip":0,"assets":[{"nm":"","id":"0","layers":[{"ty":4,"nm":"star 2","sr":1,"st":0,"op":151,"ip":0,"hd":false,"ddd":0,"bm":0,"hasMask":false,"ao":0,"ks":{"a":{"a":0,"k":[0,0],"ix":2},"s":{"a":0,"k":[100,100],"ix":2},"sk":{"a":0,"k":0,"ix":2},"p":{"a":0,"k":[0,0],"ix":2},"r":{"a":0,"k":0,"ix":2},"sa":{"a":0,"k":0,"ix":2},"o":{"a":0,"k":100,"ix":2}},"ef":[],"shapes":[{"ty":"gr","bm":0,"hd":false,"nm":"","it":[{"ty":"gr","bm":0,"hd":false,"nm":"Group 1","it":[{"ty":"sh","bm":0,"hd":false,"nm":"","d":1,"ks":{"a":0,"k":{"c":true,"i":[[0,0],[0,0],[8.079,-2.308],[0,0],[0,0],[-2.308,-8.079],[0,0],[0,0],[-8.079,2.308],[0,0],[0,0],[2.307,8.078],[0,0]],"o":[[0,0],[-2.308,8.078],[0,0],[0,0],[8.079,2.308],[0,0],[0,0],[2.307,-8.079],[0,0],[0,0],[-8.079,-2.308],[0,0],[0,0]],"v":[[0,-42.413],[-5.713,-22.414],[-22.415,-5.713],[-42.413,0],[-22.415,5.714],[-5.713,22.415],[0,42.413],[5.714,22.415],[22.415,5.714],[42.413,0],[22.415,-5.713],[5.714,-22.414],[0,-42.413]]}}},{"ty":"fl","bm":0,"hd":false,"nm":"","c":{"a":0,"k":[1,0.898,0.6392],"ix":2},"r":1,"o":{"a":0,"k":100,"ix":2}},{"ty":"tr","a":{"a":0,"k":[0,0],"ix":2},"s":{"a":0,"k":[100,100],"ix":2},"sk":{"a":0,"k":0,"ix":2},"p":{"a":0,"k":[42.663,42.663],"ix":2},"r":{"a":0,"k":0,"ix":2},"sa":{"a":0,"k":0,"ix":2},"o":{"a":0,"k":100,"ix":2}}]},{"ty":"tr","a":{"a":0,"k":[43,43],"ix":2},"s":{"a":1,"k":[{"o":{"x":0.25,"y":0},"i":{"x":0.75,"y":1},"s":[0,0],"t":30},{"o":{"x":0.25,"y":0},"i":{"x":0.75,"y":1},"s":[40,40],"t":47},{"o":{"x":0.25,"y":0},"i":{"x":0.75,"y":1},"s":[60,60],"t":80},{"s":[0,0],"t":110}],"ix":2},"sk":{"a":0,"k":0,"ix":2},"p":{"a":0,"k":[73,275],"ix":2},"r":{"a":1,"k":[{"o":{"x":0.25,"y":0},"i":{"x":0.75,"y":1},"s":[0],"t":30},{"s":[184],"t":135}],"ix":2},"sa":{"a":0,"k":0,"ix":2},"o":{"a":0,"k":100,"ix":2}}]}],"ind":1},{"ty":4,"nm":"star","sr":1,"st":0,"op":151,"ip":0,"hd":false,"ddd":0,"bm":0,"hasMask":false,"ao":0,"ks":{"a":{"a":0,"k":[0,0],"ix":2},"s":{"a":0,"k":[100,100],"ix":2},"sk":{"a":0,"k":0,"ix":2},"p":{"a":0,"k":[0,0],"ix":2},"r":{"a":0,"k":0,"ix":2},"sa":{"a":0,"k":0,"ix":2},"o":{"a":0,"k":100,"ix":2}},"ef":[],"shapes":[{"ty":"gr","bm":0,"hd":false,"nm":"","it":[{"ty":"gr","bm":0,"hd":false,"nm":"Group 1","it":[{"ty":"sh","bm":0,"hd":false,"nm":"","d":1,"ks":{"a":0,"k":{"c":true,"i":[[0,0],[0,0],[8.079,-2.308],[0,0],[0,0],[-2.308,-8.079],[0,0],[0,0],[-8.079,2.308],[0,0],[0,0],[2.307,8.078],[0,0]],"o":[[0,0],[-2.308,8.078],[0,0],[0,0],[8.079,2.308],[0,0],[0,0],[2.307,-8.079],[0,0],[0,0],[-8.079,-2.308],[0,0],[0,0]],"v":[[0,-42.413],[-5.713,-22.414],[-22.415,-5.713],[-42.413,0],[-22.415,5.714],[-5.713,22.415],[0,42.413],[5.714,22.415],[22.415,5.714],[42.413,0],[22.415,-5.713],[5.714,-22.414],[0,-42.413]]}}},{"ty":"fl","bm":0,"hd":false,"nm":"","c":{"a":0,"k":[1,0.898,0.6392],"ix":2},"r":1,"o":{"a":0,"k":100,"ix":2}},{"ty":"tr","a":{"a":0,"k":[0,0],"ix":2},"s":{"a":0,"k":[100,100],"ix":2},"sk":{"a":0,"k":0,"ix":2},"p":{"a":0,"k":[42.663,42.663],"ix":2},"r":{"a":0,"k":0,"ix":2},"sa":{"a":0,"k":0,"ix":2},"o":{"a":0,"k":100,"ix":2}}]},{"ty":"tr","a":{"a":0,"k":[43,43],"ix":2},"s":{"a":1,"k":[{"o":{"x":0.25,"y":0},"i":{"x":0.75,"y":1},"s":[0,0],"t":45},{"o":{"x":0.25,"y":0},"i":{"x":0.75,"y":1},"s":[51,51],"t":62},{"o":{"x":0.25,"y":0},"i":{"x":0.75,"y":1},"s":[84,84],"t":95},{"s":[0,0],"t":125}],"ix":2},"sk":{"a":0,"k":0,"ix":2},"p":{"a":0,"k":[272,113],"ix":2},"r":{"a":1,"k":[{"o":{"x":0.25,"y":0},"i":{"x":0.75,"y":1},"s":[0],"t":45},{"s":[135],"t":138}],"ix":2},"sa":{"a":0,"k":0,"ix":2},"o":{"a":0,"k":100,"ix":2}}]}],"ind":2},{"ty":4,"nm":"bottom (Group)","sr":1,"st":0,"op":151,"ip":0,"hd":false,"ddd":0,"bm":0,"hasMask":false,"ao":0,"ks":{"a":{"a":0,"k":[0,0],"ix":2},"s":{"a":0,"k":[100,100],"ix":2},"sk":{"a":0,"k":0,"ix":2},"p":{"a":0,"k":[0,0],"ix":2},"r":{"a":0,"k":0,"ix":2},"sa":{"a":0,"k":0,"ix":2},"o":{"a":0,"k":100,"ix":2}},"ef":[],"shapes":[{"ty":"gr","bm":0,"hd":false,"nm":"","it":[{"ty":"gr","bm":0,"hd":false,"nm":"","it":[{"ty":"gr","bm":0,"hd":false,"nm":"Group 1","it":[{"ty":"sh","bm":0,"hd":false,"nm":"","d":1,"ks":{"a":1,"k":[{"o":{"x":0.33,"y":0},"i":{"x":0.67,"y":1},"s":[{"c":true,"i":[[0,0],[0,0],[0,0],[0,0],[0,0]],"o":[[0,0],[0,0],[0,0],[0,0],[0,0]],"v":[[-10.613,12.607],[10.613,12.607],[10.613,-12.607],[-10.613,-12.607],[-10.613,12.607]]}],"t":25},{"o":{"x":0.33,"y":0},"i":{"x":0.67,"y":1},"s":[{"c":true,"i":[[0,0],[0,0],[0,0],[0,0],[0,0]],"o":[[0,0],[0,0],[0,0],[0,0],[0,0]],"v":[[-10.613,12.607],[10.613,12.607],[10.651,-11.178],[-10.574,-11.178],[-10.613,12.607]]}],"t":42},{"s":[{"c":true,"i":[[0,0],[0,0],[0,0],[0,0],[0,0]],"o":[[0,0],[0,0],[0,0],[0,0],[0,0]],"v":[[-10.613,12.607],[10.613,12.607],[10.613,-12.607],[-10.613,-12.607],[-10.613,12.607]]}],"t":85}],"ix":2}},{"ty":"fl","bm":0,"hd":false,"nm":"","c":{"a":0,"k":[1,0.5451,0.1294],"ix":2},"r":1,"o":{"a":0,"k":100,"ix":2}},{"ty":"tr","a":{"a":0,"k":[0,0],"ix":2},"s":{"a":0,"k":[100,100],"ix":2},"sk":{"a":0,"k":0,"ix":2},"p":{"a":0,"k":[50.251,12.857],"ix":2},"r":{"a":0,"k":0,"ix":2},"sa":{"a":0,"k":0,"ix":2},"o":{"a":0,"k":100,"ix":2}}]},{"ty":"gr","bm":0,"hd":false,"nm":"Group 2","it":[{"ty":"sh","bm":0,"hd":false,"nm":"","d":1,"ks":{"a":1,"k":[{"o":{"x":0.33,"y":0},"i":{"x":0.67,"y":1},"s":[{"c":true,"i":[[0,0],[0,0],[0,3.767],[0,0],[-3.769,0],[0,0],[0,-3.768],[0,0],[3.768,0]],"o":[[0,0],[-3.769,0],[0,0],[0,-3.768],[0,0],[3.768,0],[0,0],[0,3.767],[0,0]],"v":[[43.178,12.607],[-43.177,12.607],[-50,5.785],[-50,-5.785],[-43.177,-12.607],[43.178,-12.607],[50,-5.785],[50,5.785],[43.178,12.607]]}],"t":25},{"o":{"x":0.33,"y":0},"i":{"x":0.67,"y":1},"s":[{"c":true,"i":[[0,0],[0,0],[0,3.767],[0,0],[-3.769,0],[0,0],[0,-3.768],[0,0],[3.768,0]],"o":[[0,0],[-3.769,0],[0,0],[0,-3.768],[0,0],[3.768,0],[0,0],[0,3.767],[0,0]],"v":[[43.178,12.607],[-43.177,12.607],[-50,5.785],[-49.975,-4.237],[-43.152,-11.059],[43.203,-11.059],[50.025,-4.237],[50,5.785],[43.178,12.607]]}],"t":42},{"s":[{"c":true,"i":[[0,0],[0,0],[0,3.767],[0,0],[-3.769,0],[0,0],[0,-3.768],[0,0],[3.768,0]],"o":[[0,0],[-3.769,0],[0,0],[0,-3.768],[0,0],[3.768,0],[0,0],[0,3.767],[0,0]],"v":[[43.178,12.607],[-43.177,12.607],[-50,5.785],[-50,-5.785],[-43.177,-12.607],[43.178,-12.607],[50,-5.785],[50,5.785],[43.178,12.607]]}],"t":85}],"ix":2}},{"ty":"fl","bm":0,"hd":false,"nm":"","c":{"a":0,"k":[1,0.7922,0.2471],"ix":2},"r":1,"o":{"a":0,"k":100,"ix":2}},{"ty":"tr","a":{"a":0,"k":[0,0],"ix":2},"s":{"a":0,"k":[100,100],"ix":2},"sk":{"a":0,"k":0,"ix":2},"p":{"a":0,"k":[50.25,12.857],"ix":2},"r":{"a":0,"k":0,"ix":2},"sa":{"a":0,"k":0,"ix":2},"o":{"a":0,"k":100,"ix":2}}]},{"ty":"tr","a":{"a":0,"k":[50.5,19.094],"ix":2},"s":{"a":0,"k":[100,100],"ix":2},"sk":{"a":0,"k":0,"ix":2},"p":{"a":1,"k":[{"o":{"x":0.33,"y":0},"i":{"x":0.67,"y":1},"s":[42.5,13.826],"t":25,"ti":[0,-0.145],"to":[0,0.715]},{"o":{"x":0.33,"y":0},"i":{"x":0.67,"y":1},"s":[42.5,18.113],"t":42,"ti":[0,0],"to":[0,0.145]},{"o":{"x":0.33,"y":0},"i":{"x":0.67,"y":1},"s":[42.5,14.699],"t":63,"ti":[0,0.145],"to":[0,0]},{"o":{"x":0.33,"y":0},"i":{"x":0.67,"y":1},"s":[42.5,18.113],"t":85,"ti":[0,0.715],"to":[0,-0.145]},{"s":[42.5,13.826],"t":100}],"ix":2},"r":{"a":0,"k":0,"ix":2},"sa":{"a":0,"k":0,"ix":2},"o":{"a":0,"k":100,"ix":2}}]},{"ty":"gr","bm":0,"hd":false,"nm":"shadow","it":[{"ty":"sh","bm":0,"hd":false,"nm":"","d":1,"ks":{"a":1,"k":[{"o":{"x":0.33,"y":0},"i":{"x":0.67,"y":1},"s":[{"c":true,"i":[[0,0],[0,0],[0,0],[0,0],[0.404,1.124],[0,0],[0,-1.263]],"o":[[0,0],[0,0],[0,0],[0,-1.263],[0,0],[-0.404,1.124],[0,0]],"v":[[0,3.593],[0,17.905],[84.299,24.149],[84.299,3.593],[83.663,0],[0.636,0],[0,3.593]]}],"t":25},{"o":{"x":0.33,"y":0},"i":{"x":0.67,"y":1},"s":[{"c":true,"i":[[0,0],[0,0],[0,0],[0,0],[0.404,1.124],[0,0],[0,-1.263]],"o":[[0,0],[0,0],[0,0],[0,-1.263],[0,0],[-0.404,1.124],[0,0]],"v":[[0,3.593],[-0.057,16.357],[84.26,18.433],[84.299,3.593],[83.663,0],[0.636,0],[0,3.593]]}],"t":42},{"o":{"x":0.33,"y":0},"i":{"x":0.67,"y":1},"s":[{"c":true,"i":[[0,0],[0,0],[0,0],[0,0],[0.404,1.124],[0,0],[0,-1.263]],"o":[[0,0],[0,0],[0,0],[0,-1.263],[0,0],[-0.404,1.124],[0,0]],"v":[[0,3.593],[0.047,18.817],[84.346,25.061],[84.299,3.593],[83.663,0],[0.636,0],[0,3.593]]}],"t":63},{"o":{"x":0.33,"y":0},"i":{"x":0.67,"y":1},"s":[{"c":true,"i":[[0,0],[0,0],[0,0],[0,0],[0.404,1.124],[0,0],[0,-1.263]],"o":[[0,0],[0,0],[0,0],[0,-1.263],[0,0],[-0.404,1.124],[0,0]],"v":[[0,3.593],[-0.057,16.357],[84.26,18.433],[84.299,3.593],[83.663,0],[0.636,0],[0,3.593]]}],"t":85},{"s":[{"c":true,"i":[[0,0],[0,0],[0,0],[0,0],[0.404,1.124],[0,0],[0,-1.263]],"o":[[0,0],[0,0],[0,0],[0,-1.263],[0,0],[-0.404,1.124],[0,0]],"v":[[0,3.593],[0,17.905],[84.299,24.149],[84.299,3.593],[83.663,0],[0.636,0],[0,3.593]]}],"t":100}],"ix":2}},{"ty":"fl","bm":0,"hd":false,"nm":"","c":{"a":0,"k":[0.8392,0.5765,0.0471],"ix":2},"r":1,"o":{"a":0,"k":100,"ix":2}},{"ty":"tr","a":{"a":0,"k":[42.1495,12.0745],"ix":2},"s":{"a":0,"k":[100,100],"ix":2},"sk":{"a":0,"k":0,"ix":2},"p":{"a":0,"k":[42.14950180053711,22.436500549316406],"ix":2},"r":{"a":0,"k":0,"ix":2},"sa":{"a":0,"k":0,"ix":2},"o":{"a":0,"k":20,"ix":2}}]},{"ty":"tr","a":{"a":0,"k":[42.399,67.111],"ix":2},"s":{"a":1,"k":[{"o":{"x":0.33,"y":0},"i":{"x":0.67,"y":1},"s":[237.934,237.934],"t":25},{"o":{"x":0.33,"y":0},"i":{"x":0.67,"y":1},"s":[237.934,209.93399999999997],"t":42},{"o":{"x":0.33,"y":0},"i":{"x":0.67,"y":1},"s":[210,236],"t":63},{"o":{"x":0.33,"y":0},"i":{"x":0.67,"y":1},"s":[218.00000000000003,236],"t":78},{"o":{"x":0.33,"y":0},"i":{"x":0.67,"y":1},"s":[248,210],"t":90},{"s":[237.934,237.934],"t":105}],"ix":2},"sk":{"a":0,"k":0,"ix":2},"p":{"a":1,"k":[{"o":{"x":0.33,"y":0},"i":{"x":0.67,"y":1},"s":[159.761,297.283],"t":42,"ti":[0,0],"to":[0,-8.547]},{"o":{"x":0.33,"y":0},"i":{"x":0.67,"y":1},"s":[159.761,246],"t":63,"ti":[0,-8.547],"to":[0,0]},{"s":[159.761,297.283],"t":85}],"ix":2},"r":{"a":0,"k":0,"ix":2},"sa":{"a":0,"k":0,"ix":2},"o":{"a":0,"k":100,"ix":2}}]}],"ind":3},{"ty":4,"nm":"bottom","sr":1,"st":0,"op":151,"ip":0,"hd":false,"ddd":0,"bm":0,"hasMask":false,"ao":0,"ks":{"a":{"a":0,"k":[0,0],"ix":2},"s":{"a":0,"k":[100,100],"ix":2},"sk":{"a":0,"k":0,"ix":2},"p":{"a":0,"k":[0,0],"ix":2},"r":{"a":0,"k":0,"ix":2},"sa":{"a":0,"k":0,"ix":2},"o":{"a":0,"k":100,"ix":2}},"ef":[],"shapes":[{"ty":"gr","bm":0,"hd":false,"nm":"","it":[{"ty":"gr","bm":0,"hd":false,"nm":"Group 1","it":[{"ty":"sh","bm":0,"hd":false,"nm":"","d":1,"ks":{"a":0,"k":{"c":true,"i":[[0,0],[0,0],[0,0],[0,0],[0,0]],"o":[[0,0],[0,0],[0,0],[0,0],[0,0]],"v":[[-10.067,33.43],[10.067,33.43],[10.067,-33.43],[-10.067,-33.43],[-10.067,33.43]]}}},{"ty":"fl","bm":0,"hd":false,"nm":"","c":{"a":0,"k":[0.9961,0.4078,0.0235],"ix":2},"r":1,"o":{"a":0,"k":100,"ix":2}},{"ty":"tr","a":{"a":0,"k":[0,0],"ix":2},"s":{"a":0,"k":[100,100],"ix":2},"sk":{"a":0,"k":0,"ix":2},"p":{"a":0,"k":[42.4,33.681],"ix":2},"r":{"a":0,"k":0,"ix":2},"sa":{"a":0,"k":0,"ix":2},"o":{"a":0,"k":100,"ix":2}}]},{"ty":"gr","bm":0,"hd":false,"nm":"Group 2","it":[{"ty":"sh","bm":0,"hd":false,"nm":"","d":1,"ks":{"a":0,"k":{"c":true,"i":[[0,0],[0,0],[0,5.884],[0,0],[-5.884,0],[0,0],[0,-5.885],[0,0],[5.885,0]],"o":[[0,0],[-5.884,0],[0,0],[0,-5.885],[0,0],[5.885,0],[0,0],[0,5.884],[0,0]],"v":[[31.495,33.43],[-31.495,33.43],[-42.15,22.775],[-42.15,-22.776],[-31.495,-33.43],[31.495,-33.43],[42.15,-22.776],[42.15,22.775],[31.495,33.43]]}}},{"ty":"fl","bm":0,"hd":false,"nm":"","c":{"a":0,"k":[0.9843,0.6941,0.1333],"ix":2},"r":1,"o":{"a":0,"k":100,"ix":2}},{"ty":"tr","a":{"a":0,"k":[0,0],"ix":2},"s":{"a":0,"k":[100,100],"ix":2},"sk":{"a":0,"k":0,"ix":2},"p":{"a":0,"k":[42.399,33.681],"ix":2},"r":{"a":0,"k":0,"ix":2},"sa":{"a":0,"k":0,"ix":2},"o":{"a":0,"k":100,"ix":2}}]},{"ty":"tr","a":{"a":0,"k":[42.399,67.111],"ix":2},"s":{"a":1,"k":[{"o":{"x":0.33,"y":0},"i":{"x":0.67,"y":1},"s":[237.934,237.934],"t":25},{"o":{"x":0.33,"y":0},"i":{"x":0.67,"y":1},"s":[237.934,209.93399999999997],"t":42},{"o":{"x":0.33,"y":0},"i":{"x":0.67,"y":1},"s":[210,236],"t":63},{"o":{"x":0.33,"y":0},"i":{"x":0.67,"y":1},"s":[218.00000000000003,236],"t":78},{"o":{"x":0.33,"y":0},"i":{"x":0.67,"y":1},"s":[248,210],"t":90},{"s":[237.934,237.934],"t":105}],"ix":2},"sk":{"a":0,"k":0,"ix":2},"p":{"a":1,"k":[{"o":{"x":0.33,"y":0},"i":{"x":0.67,"y":1},"s":[159.761,297.283],"t":42,"ti":[0,0],"to":[0,-8.547]},{"o":{"x":0.33,"y":0},"i":{"x":0.67,"y":1},"s":[159.761,246],"t":63,"ti":[0,-8.547],"to":[0,0]},{"s":[159.761,297.283],"t":85}],"ix":2},"r":{"a":0,"k":0,"ix":2},"sa":{"a":0,"k":0,"ix":2},"o":{"a":0,"k":100,"ix":2}}]}],"ind":4},{"ty":4,"nm":"bottom (Group)","sr":1,"st":0,"op":151,"ip":0,"hd":false,"ddd":0,"bm":0,"hasMask":false,"ao":0,"ks":{"a":{"a":0,"k":[0,0],"ix":2},"s":{"a":0,"k":[100,100],"ix":2},"sk":{"a":0,"k":0,"ix":2},"p":{"a":0,"k":[0,0],"ix":2},"r":{"a":0,"k":0,"ix":2},"sa":{"a":0,"k":0,"ix":2},"o":{"a":0,"k":100,"ix":2}},"ef":[],"shapes":[{"ty":"gr","bm":0,"hd":false,"nm":"","it":[{"ty":"gr","bm":0,"hd":false,"nm":"","it":[{"ty":"gr","bm":0,"hd":false,"nm":"Group 1","it":[{"ty":"sh","bm":0,"hd":false,"nm":"","d":1,"ks":{"a":1,"k":[{"o":{"x":0.33,"y":0},"i":{"x":0.67,"y":1},"s":[{"c":true,"i":[[0,0],[4.092,-0.083],[-2.316,1.328],[0,0],[6.687,8.563]],"o":[[-4.734,7.657],[8.935,4.927],[2.531,-1.45],[0,0],[0,0]],"v":[[7.283,-11.125],[-19.596,-2.587],[10.672,9.797],[19.596,4.987],[7.283,-11.125]]}],"t":53},{"o":{"x":0.33,"y":0},"i":{"x":0.67,"y":1},"s":[{"c":true,"i":[[0,0],[4.092,-0.083],[-2.316,1.328],[0,0],[6.371,9.243]],"o":[[-4.734,7.657],[8.731,5.589],[2.531,-1.45],[0,0],[0,0]],"v":[[7.252,-11.232],[-18.266,-2.36],[10.671,9.797],[19.596,4.987],[7.252,-11.232]]}],"t":73},{"s":[{"c":true,"i":[[0,0],[4.092,-0.083],[-2.316,1.328],[0,0],[6.687,8.563]],"o":[[-4.734,7.657],[8.935,4.927],[2.531,-1.45],[0,0],[0,0]],"v":[[7.283,-11.125],[-19.596,-2.587],[10.672,9.797],[19.596,4.987],[7.283,-11.125]]}],"t":97}],"ix":2}},{"ty":"fl","bm":0,"hd":false,"nm":"","c":{"a":0,"k":[0.9961,0.4078,0.0235],"ix":2},"r":1,"o":{"a":0,"k":100,"ix":2}},{"ty":"tr","a":{"a":0,"k":[0,0],"ix":2},"s":{"a":0,"k":[100,100],"ix":2},"sk":{"a":0,"k":0,"ix":2},"p":{"a":0,"k":[29.525,31.807],"ix":2},"r":{"a":0,"k":0,"ix":2},"sa":{"a":0,"k":0,"ix":2},"o":{"a":0,"k":100,"ix":2}}]},{"ty":"gr","bm":0,"hd":false,"nm":"Group 2","it":[{"ty":"sh","bm":0,"hd":false,"nm":"","d":1,"ks":{"a":1,"k":[{"o":{"x":0.33,"y":0},"i":{"x":0.67,"y":1},"s":[{"c":true,"i":[[0,0],[9.061,11.233],[6.628,-7.01],[-7.471,-4.472],[-2.53,1.45],[0,0]],"o":[[0,0],[-9.248,-11.466],[-6.627,7.01],[7.471,4.472],[2.531,-1.45],[0,0]],"v":[[24.436,15.142],[5.686,-9.091],[-14.574,-14.392],[-16.965,6.307],[15.511,19.952],[24.436,15.142]]}],"t":53},{"o":{"x":0.33,"y":0},"i":{"x":0.67,"y":1},"s":[{"c":true,"i":[[0,0],[6.708,12.778],[6.351,-7.262],[-5.082,-3.735],[-2.53,1.45],[0,0]],"o":[[0,0],[-7.767,-14.796],[-8.104,9.268],[7.016,5.156],[2.531,-1.45],[0,0]],"v":[[24.436,15.142],[6.161,-10.965],[-14.406,-17.336],[-14.892,6.871],[15.511,19.952],[24.436,15.142]]}],"t":73},{"s":[{"c":true,"i":[[0,0],[9.061,11.233],[6.628,-7.01],[-7.471,-4.472],[-2.53,1.45],[0,0]],"o":[[0,0],[-9.248,-11.466],[-6.627,7.01],[7.471,4.472],[2.531,-1.45],[0,0]],"v":[[24.436,15.142],[5.686,-9.091],[-14.574,-14.392],[-16.965,6.307],[15.511,19.952],[24.436,15.142]]}],"t":97}],"ix":2}},{"ty":"fl","bm":0,"hd":false,"nm":"","c":{"a":0,"k":[1,0.5451,0.1294],"ix":2},"r":1,"o":{"a":0,"k":100,"ix":2}},{"ty":"tr","a":{"a":0,"k":[0,0],"ix":2},"s":{"a":0,"k":[100,100],"ix":2},"sk":{"a":0,"k":0,"ix":2},"p":{"a":0,"k":[24.686,21.652],"ix":2},"r":{"a":0,"k":0,"ix":2},"sa":{"a":0,"k":0,"ix":2},"o":{"a":0,"k":100,"ix":2}}]},{"ty":"tr","a":{"a":0,"k":[39.29,36.92],"ix":2},"s":{"a":0,"k":[100,100],"ix":2},"sk":{"a":0,"k":0,"ix":2},"p":{"a":0,"k":[43.971,0.587],"ix":2},"r":{"a":1,"k":[{"o":{"x":0.33,"y":0},"i":{"x":0.667,"y":1},"s":[0],"t":25},{"o":{"x":0.33,"y":0},"i":{"x":0.67,"y":1},"s":[-11],"t":53},{"o":{"x":0.33,"y":0},"i":{"x":0.67,"y":1},"s":[16],"t":80},{"o":{"x":0.33,"y":0},"i":{"x":0.67,"y":1},"s":[-14],"t":100},{"s":[0],"t":118}],"ix":2},"sa":{"a":0,"k":0,"ix":2},"o":{"a":0,"k":100,"ix":2}}]},{"ty":"gr","bm":0,"hd":false,"nm":"","it":[{"ty":"gr","bm":0,"hd":false,"nm":"Group 1","it":[{"ty":"sh","bm":0,"hd":false,"nm":"","d":1,"ks":{"a":0,"k":{"c":true,"i":[[0,0],[3.426,-2.476],[-1.503,-2.013],[0,0],[-1.529,0.115],[-7.162,5.481],[3.556,1.714]],"o":[[-3.059,2.932],[-2.036,1.472],[0,0],[0.917,1.228],[11.527,-0.87],[-11.272,0.402],[0,0]],"v":[[-6.38,-8.212],[-16.181,-0.124],[-17.157,6.219],[-16.999,6.294],[-13.069,8.097],[18.66,-2.547],[-6.38,-8.212]]}}},{"ty":"fl","bm":0,"hd":false,"nm":"","c":{"a":0,"k":[0.9098,0.2784,0.0824],"ix":2},"r":1,"o":{"a":0,"k":100,"ix":2}},{"ty":"tr","a":{"a":0,"k":[0,0],"ix":2},"s":{"a":0,"k":[100,100],"ix":2},"sk":{"a":0,"k":0,"ix":2},"p":{"a":0,"k":[18.91,28.352],"ix":2},"r":{"a":0,"k":0,"ix":2},"sa":{"a":0,"k":0,"ix":2},"o":{"a":0,"k":100,"ix":2}}]},{"ty":"gr","bm":0,"hd":false,"nm":"Group 2","it":[{"ty":"sh","bm":0,"hd":false,"nm":"","d":1,"ks":{"a":0,"k":{"c":true,"i":[[0,0],[-4.844,8.966],[-4.7,-3.19],[1.848,-5.172],[15.547,-1.172],[0.917,1.228],[0,0],[-2.036,1.471]],"o":[[8.203,-5.928],[3.244,-6.004],[2.938,1.994],[-2.91,8.143],[-1.529,0.115],[0,0],[-1.503,-2.012],[0,0]],"v":[[-19.624,9.822],[1.02,-12.152],[11.32,-14.081],[20.255,1.327],[-16.512,18.042],[-20.441,16.24],[-20.6,16.163],[-19.624,9.822]]}}},{"ty":"fl","bm":0,"hd":false,"nm":"","c":{"a":0,"k":[0.9961,0.4078,0.0235],"ix":2},"r":1,"o":{"a":0,"k":100,"ix":2}},{"ty":"tr","a":{"a":0,"k":[0,0],"ix":2},"s":{"a":0,"k":[100,100],"ix":2},"sk":{"a":0,"k":0,"ix":2},"p":{"a":0,"k":[22.353,18.406],"ix":2},"r":{"a":0,"k":0,"ix":2},"sa":{"a":0,"k":0,"ix":2},"o":{"a":0,"k":100,"ix":2}}]},{"ty":"tr","a":{"a":0,"k":[7.904,31.219],"ix":2},"s":{"a":0,"k":[97.777,97.777],"ix":2},"sk":{"a":0,"k":0,"ix":2},"p":{"a":0,"k":[43.341,-1.199],"ix":2},"r":{"a":1,"k":[{"o":{"x":0.33,"y":0},"i":{"x":0.67,"y":1},"s":[0],"t":25},{"o":{"x":0.33,"y":0},"i":{"x":0.67,"y":1},"s":[10],"t":52},{"o":{"x":0.33,"y":0},"i":{"x":0.67,"y":1},"s":[-23],"t":73},{"o":{"x":0.33,"y":0},"i":{"x":0.67,"y":1},"s":[14],"t":97},{"s":[0],"t":115}],"ix":2},"sa":{"a":0,"k":0,"ix":2},"o":{"a":0,"k":100,"ix":2}}]},{"ty":"tr","a":{"a":0,"k":[42.399,67.111],"ix":2},"s":{"a":1,"k":[{"o":{"x":0.33,"y":0},"i":{"x":0.67,"y":1},"s":[237.934,237.934],"t":25},{"o":{"x":0.33,"y":0},"i":{"x":0.67,"y":1},"s":[237.934,209.93399999999997],"t":42},{"o":{"x":0.33,"y":0},"i":{"x":0.67,"y":1},"s":[210,236],"t":63},{"o":{"x":0.33,"y":0},"i":{"x":0.67,"y":1},"s":[218.00000000000003,236],"t":78},{"o":{"x":0.33,"y":0},"i":{"x":0.67,"y":1},"s":[248,210],"t":90},{"s":[237.934,237.934],"t":105}],"ix":2},"sk":{"a":0,"k":0,"ix":2},"p":{"a":1,"k":[{"o":{"x":0.33,"y":0},"i":{"x":0.67,"y":1},"s":[159.761,297.283],"t":42,"ti":[0,0],"to":[0,-8.547]},{"o":{"x":0.33,"y":0},"i":{"x":0.67,"y":1},"s":[159.761,246],"t":63,"ti":[0,-8.547],"to":[0,0]},{"s":[159.761,297.283],"t":85}],"ix":2},"r":{"a":0,"k":0,"ix":2},"sa":{"a":0,"k":0,"ix":2},"o":{"a":0,"k":100,"ix":2}}]}],"ind":5},{"ty":3,"nm":"","sr":1,"st":0,"op":151,"ip":0,"hd":false,"ddd":0,"bm":0,"hasMask":false,"ao":0,"ks":{"a":{"a":0,"k":[0,0],"ix":2},"s":{"a":0,"k":[100,100],"ix":2},"sk":{"a":0,"k":0,"ix":2},"p":{"a":0,"k":[0,0],"ix":2},"r":{"a":0,"k":0,"ix":2},"sa":{"a":0,"k":0,"ix":2},"o":{"a":0,"k":100,"ix":2}},"ef":[],"ind":6},{"ty":0,"nm":"star 3 (In/Out)","sr":1,"st":0,"op":151,"ip":0,"hd":false,"ddd":0,"bm":0,"hasMask":false,"ao":0,"ks":{"a":{"a":0,"k":[0,0],"ix":2},"s":{"a":0,"k":[100,100],"ix":2},"sk":{"a":0,"k":0,"ix":2},"p":{"a":0,"k":[45,44],"ix":2},"r":{"a":0,"k":0,"ix":2},"sa":{"a":0,"k":0,"ix":2},"o":{"a":1,"k":[{"h":1,"o":{"x":0.167,"y":0.167},"i":{"x":0.833,"y":0.833},"s":[0],"t":0},{"s":[100],"t":53}],"ix":2}},"ef":[],"w":73,"h":73,"refId":"1","ind":7,"parent":6}]},{"nm":"","id":"1","layers":[{"ty":4,"nm":"star 3","sr":1,"st":0,"op":151,"ip":0,"hd":false,"ddd":0,"bm":0,"hasMask":false,"ao":0,"ks":{"a":{"a":0,"k":[0,0],"ix":2},"s":{"a":0,"k":[100,100],"ix":2},"sk":{"a":0,"k":0,"ix":2},"p":{"a":0,"k":[-45,-44],"ix":2},"r":{"a":0,"k":0,"ix":2},"sa":{"a":0,"k":0,"ix":2},"o":{"a":0,"k":100,"ix":2}},"ef":[],"shapes":[{"ty":"gr","bm":0,"hd":false,"nm":"","it":[{"ty":"gr","bm":0,"hd":false,"nm":"Group 1","it":[{"ty":"sh","bm":0,"hd":false,"nm":"","d":1,"ks":{"a":0,"k":{"c":true,"i":[[0,0],[0,0],[8.079,-2.308],[0,0],[0,0],[-2.308,-8.079],[0,0],[0,0],[-8.079,2.308],[0,0],[0,0],[2.307,8.078],[0,0]],"o":[[0,0],[-2.308,8.078],[0,0],[0,0],[8.079,2.308],[0,0],[0,0],[2.307,-8.079],[0,0],[0,0],[-8.079,-2.308],[0,0],[0,0]],"v":[[0,-42.413],[-5.713,-22.414],[-22.415,-5.713],[-42.413,0],[-22.415,5.714],[-5.713,22.415],[0,42.413],[5.714,22.415],[22.415,5.714],[42.413,0],[22.415,-5.713],[5.714,-22.414],[0,-42.413]]}}},{"ty":"fl","bm":0,"hd":false,"nm":"","c":{"a":0,"k":[1,0.898,0.6392],"ix":2},"r":1,"o":{"a":0,"k":100,"ix":2}},{"ty":"tr","a":{"a":0,"k":[0,0],"ix":2},"s":{"a":0,"k":[100,100],"ix":2},"sk":{"a":0,"k":0,"ix":2},"p":{"a":0,"k":[42.663,42.663],"ix":2},"r":{"a":0,"k":0,"ix":2},"sa":{"a":0,"k":0,"ix":2},"o":{"a":0,"k":100,"ix":2}}]},{"ty":"tr","a":{"a":0,"k":[43,43],"ix":2},"s":{"a":1,"k":[{"o":{"x":0.25,"y":0},"i":{"x":0.75,"y":1},"s":[0,0],"t":83},{"o":{"x":0.25,"y":0},"i":{"x":0.75,"y":1},"s":[40,40],"t":100},{"o":{"x":0.25,"y":0},"i":{"x":0.75,"y":1},"s":[60,60],"t":133},{"s":[0,0],"t":163}],"ix":2},"sk":{"a":0,"k":0,"ix":2},"p":{"a":0,"k":[81,81],"ix":2},"r":{"a":1,"k":[{"o":{"x":0.25,"y":0},"i":{"x":0.75,"y":1},"s":[0],"t":83},{"s":[184],"t":188}],"ix":2},"sa":{"a":0,"k":0,"ix":2},"o":{"a":0,"k":100,"ix":2}}]}],"ind":1}]}]}