{"v":"5.5.7","ip":0,"op":100,"fr":30,"w":1440,"h":1080,"nm":"C","assets":[{"id":"comp_0","layers":[{"ind":1,"ty":3,"nm":"B","sr":1,"ks":{"o":{"a":0,"k":0},"r":{"a":1,"k":[{"i":{"x":[0.667],"y":[1]},"o":{"x":[0.333],"y":[0]},"t":23,"s":[0]},{"i":{"x":[0.667],"y":[1]},"o":{"x":[0.333],"y":[0]},"t":31,"s":[20]},{"i":{"x":[0.667],"y":[1]},"o":{"x":[0.333],"y":[0]},"t":86,"s":[20]},{"t":94,"s":[0]}]},"p":{"a":0,"k":[363.972,556.106,0]},"a":{"a":0,"k":[0,0,0]},"s":{"a":0,"k":[100,100,100]}},"ip":0,"op":100,"st":0},{"ind":2,"ty":3,"nm":"H","sr":1,"ks":{"o":{"a":0,"k":0},"r":{"a":1,"k":[{"i":{"x":[0.667],"y":[1]},"o":{"x":[0.333],"y":[0]},"t":22,"s":[0]},{"i":{"x":[0.667],"y":[1]},"o":{"x":[0.333],"y":[0]},"t":30,"s":[10]},{"i":{"x":[0.379],"y":[1]},"o":{"x":[0.333],"y":[0]},"t":50,"s":[10]},{"i":{"x":[0.667],"y":[1]},"o":{"x":[0.603],"y":[0]},"t":59,"s":[0]},{"i":{"x":[0.667],"y":[1]},"o":{"x":[0.333],"y":[0]},"t":68,"s":[10]},{"i":{"x":[0.667],"y":[1]},"o":{"x":[0.333],"y":[0]},"t":86,"s":[10]},{"t":94,"s":[0]}]},"p":{"k":[{"i":{"x":0.667,"y":1},"o":{"x":0.333,"y":0},"t":3,"s":[363.505,417.115,0],"ti":[0,0,0],"to":[0,2.167,0]},{"i":{"x":0.667,"y":1},"o":{"x":0.333,"y":0},"t":9,"s":[363.505,430.115,0],"ti":[0,2.167,0],"to":[0,0,0]},{"t":15,"s":[363.505,417.115,0]}],"a":1},"a":{"a":0,"k":[0,0,0]},"s":{"a":0,"k":[100,100,100]}},"ip":0,"op":100,"st":0},{"ind":3,"ty":0,"nm":"R","sr":1,"ks":{"o":{"a":0,"k":100},"r":{"a":1,"k":[{"i":{"x":[0.667],"y":[1]},"o":{"x":[0.333],"y":[0]},"t":23,"s":[135]},{"i":{"x":[0.667],"y":[1]},"o":{"x":[0.333],"y":[0]},"t":31,"s":[150]},{"i":{"x":[0.667],"y":[1]},"o":{"x":[0.333],"y":[0]},"t":86,"s":[150]},{"t":94,"s":[135]}]},"p":{"k":[{"i":{"x":0.667,"y":1},"o":{"x":0.333,"y":0},"t":23,"s":[262.09,580.032,0],"ti":[-12.167,-1.833,0],"to":[12.167,1.833,0]},{"i":{"x":0.667,"y":0.667},"o":{"x":0.333,"y":0.333},"t":31,"s":[335.09,591.032,0],"ti":[0,0,0],"to":[0,0,0]},{"i":{"x":0.667,"y":1},"o":{"x":0.333,"y":0},"t":86,"s":[335.09,591.032,0],"ti":[12.167,1.833,0],"to":[-12.167,-1.833,0]},{"t":94,"s":[262.09,580.032,0]}],"a":1},"a":{"a":0,"k":[83.16,63.968,0]},"s":{"a":0,"k":[100,100,100]}},"ip":0,"op":100,"st":0,"refId":"comp_1","h":129,"w":226},{"ind":4,"ty":4,"nm":"e","sr":1,"ks":{"o":{"a":0,"k":100},"r":{"a":0,"k":0},"p":{"a":0,"k":[0.466,-11.786,0]},"a":{"a":0,"k":[182.296,180.597,0]},"s":{"a":0,"k":[100,100,100]}},"shapes":[{"ty":"gr","nm":"e","bm":0,"it":[{"ty":"sh","nm":"P","ind":0,"ks":{"k":{"i":[[0,-17.434],[15.508,0],[0,17.434],[-15.509,0]],"o":[[0,17.434],[-15.509,0],[0,-17.434],[15.508,0]],"v":[[28.08,0],[0,31.567],[-28.08,0],[0,-31.567]],"c":true},"a":0}},{"ty":"fl","nm":"F","bm":0,"c":{"a":0,"k":[0.059,0,0.639,1]},"o":{"a":0,"k":100},"r":1},{"ty":"tr","o":{"a":0,"k":100},"r":{"a":0,"k":0},"p":{"k":[{"i":{"x":0.667,"y":1},"o":{"x":0.333,"y":0},"t":22,"s":[24.33,192.383],"ti":[-26.25,0],"to":[26.25,0]},{"i":{"x":0.667,"y":0.667},"o":{"x":0.333,"y":0.333},"t":30,"s":[181.83,192.383],"ti":[0,0],"to":[0,0]},{"i":{"x":0.833,"y":1},"o":{"x":0.333,"y":0},"t":85,"s":[181.83,192.383],"ti":[26.25,0],"to":[-26.25,0]},{"t":93,"s":[24.33,192.383]}],"a":1},"a":{"a":0,"k":[0,0]},"s":{"k":[{"i":{"x":[0.667,0.667],"y":[1,1]},"o":{"x":[0.333,0.333],"y":[0,0]},"t":22,"s":[70,100]},{"i":{"x":[0.667,0.667],"y":[1,1]},"o":{"x":[0.333,0.333],"y":[0,0]},"t":30,"s":[100,100]},{"i":{"x":[0.667,0.667],"y":[1,1]},"o":{"x":[0.333,0.333],"y":[0,0]},"t":85,"s":[100,100]},{"t":93,"s":[70,100]}],"a":1},"nm":"T","sk":{"a":0,"k":0},"sa":{"a":0,"k":0}}]}],"ip":22,"op":93,"st":0,"parent":2},{"ind":5,"ty":4,"nm":"A","sr":1,"ks":{"o":{"a":0,"k":100},"r":{"a":0,"k":0},"p":{"a":0,"k":[363.971,405.328,0]},"a":{"a":0,"k":[182.296,180.597,0]},"s":{"a":0,"k":[100,100,100]}},"shapes":[{"ty":"gr","nm":"p","bm":0,"it":[{"ty":"sh","nm":"P","ind":0,"ks":{"k":{"i":[[0,0],[0,0]],"o":[[0,0],[0,0]],"v":[[-19.784,39.552],[19.784,-39.552]],"c":false},"a":0}},{"ty":"st","nm":"S","bm":0,"lc":2,"lj":2,"o":{"a":0,"k":100},"w":{"a":0,"k":10},"c":{"a":0,"k":[0.482,1,0.984,1]}},{"ty":"tr","o":{"a":0,"k":100},"r":{"a":0,"k":0},"p":{"a":0,"k":[268.499,83.927]},"a":{"a":0,"k":[-23.531,39.375]},"s":{"a":0,"k":[100,100]},"nm":"T","sk":{"a":0,"k":0},"sa":{"a":0,"k":0}}]},{"ty":"gr","nm":"G","bm":0,"it":[{"ty":"sh","nm":"P","ind":0,"ks":{"k":{"i":[[1.799,-4.192],[5.971,2.564],[-1.8,4.193],[-5.972,-2.564]],"o":[[-1.8,4.192],[-5.973,-2.563],[1.799,-4.192],[5.972,2.563]],"v":[[10.815,4.641],[-3.257,7.591],[-10.814,-4.643],[3.259,-7.591]],"c":true},"a":0}},{"ty":"fl","nm":"F","bm":0,"c":{"a":0,"k":[0.059,0,0.639,1]},"o":{"a":0,"k":100},"r":1},{"ty":"tr","o":{"a":0,"k":100},"r":{"a":0,"k":0},"p":{"a":0,"k":[269.646,88.004]},"a":{"a":0,"k":[0,0]},"s":{"a":0,"k":[100,100]},"nm":"T","sk":{"a":0,"k":0},"sa":{"a":0,"k":0}}]}],"ip":94,"op":100,"st":77},{"ind":6,"ty":4,"nm":"A","sr":1,"ks":{"o":{"a":0,"k":100},"r":{"a":0,"k":0.43},"p":{"a":0,"k":[-0.674,-31.573,0]},"a":{"a":0,"k":[-357.406,-154.452,0]},"s":{"a":0,"k":[100,100,100]}},"shapes":[{"ty":"gr","nm":"S","bm":0,"it":[{"ty":"sh","nm":"P","ind":0,"ks":{"k":{"i":[[0,0],[0,0],[0,0],[-119.022,-1.92],[0,0]],"o":[[0,0],[0,0],[0,0],[124,2],[0,0]],"v":[[-197,-365],[-513,-365],[-513,-161],[-353,-272],[-197,-151]],"c":true},"a":0}},{"ty":"fl","nm":"F","bm":0,"c":{"a":0,"k":[1,1,1,1]},"o":{"a":0,"k":100},"r":1},{"ty":"tr","o":{"a":0,"k":100},"r":{"a":0,"k":0},"p":{"a":0,"k":[0,0]},"a":{"a":0,"k":[0,0]},"s":{"a":0,"k":[100,100]},"nm":"T","sk":{"a":0,"k":0},"sa":{"a":0,"k":0}}]}],"ip":23,"op":94,"st":0,"parent":2,"td":1},{"ind":7,"ty":4,"nm":"A","sr":1,"ks":{"o":{"a":0,"k":100},"r":{"a":0,"k":-0.43},"p":{"k":[{"i":{"x":0.667,"y":1},"o":{"x":0.333,"y":0},"t":23,"s":[0.378,-11.789,0],"ti":[15,-0.112,0],"to":[-15,0.112,0]},{"i":{"x":0.667,"y":0.667},"o":{"x":0.333,"y":0.333},"t":31,"s":[-89.62,-11.114,0],"ti":[0,0,0],"to":[0,0,0]},{"i":{"x":0.667,"y":1},"o":{"x":0.333,"y":0},"t":86,"s":[-89.62,-11.114,0],"ti":[-15,0.112,0],"to":[15,-0.112,0]},{"t":94,"s":[0.378,-11.789,0]}],"a":1},"a":{"a":0,"k":[182.296,180.597,0]},"s":{"a":0,"k":[100,100,100]}},"shapes":[{"ty":"gr","nm":"p","bm":0,"it":[{"ty":"sh","nm":"P","ind":0,"ks":{"k":{"i":[[0,0],[0,0]],"o":[[0,0],[0,0]],"v":[[-19.784,39.552],[19.784,-39.552]],"c":false},"a":0}},{"ty":"st","nm":"S","bm":0,"lc":2,"lj":2,"o":{"a":0,"k":100},"w":{"a":0,"k":10},"c":{"a":0,"k":[0.482,1,0.984,1]}},{"ty":"tr","o":{"a":0,"k":100},"r":{"a":1,"k":[{"i":{"x":[0.667],"y":[1]},"o":{"x":[0.333],"y":[0]},"t":23,"s":[0]},{"i":{"x":[0.667],"y":[1]},"o":{"x":[0.333],"y":[0]},"t":31,"s":[-50]},{"i":{"x":[0.667],"y":[1]},"o":{"x":[0.333],"y":[0]},"t":86,"s":[-50]},{"t":94,"s":[0]}]},"p":{"a":0,"k":[268.499,83.927]},"a":{"a":0,"k":[-23.531,39.375]},"s":{"a":0,"k":[100,100]},"nm":"T","sk":{"a":0,"k":0},"sa":{"a":0,"k":0}}]},{"ty":"gr","nm":"G","bm":0,"it":[{"ty":"sh","nm":"P","ind":0,"ks":{"k":{"i":[[1.799,-4.192],[5.971,2.564],[-1.8,4.193],[-5.972,-2.564]],"o":[[-1.8,4.192],[-5.973,-2.563],[1.799,-4.192],[5.972,2.563]],"v":[[10.815,4.641],[-3.257,7.591],[-10.814,-4.643],[3.259,-7.591]],"c":true},"a":0}},{"ty":"fl","nm":"F","bm":0,"c":{"a":0,"k":[0.059,0,0.639,1]},"o":{"a":0,"k":100},"r":1},{"ty":"tr","o":{"a":0,"k":100},"r":{"a":0,"k":0},"p":{"a":0,"k":[269.646,88.004]},"a":{"a":0,"k":[0,0]},"s":{"a":0,"k":[100,100]},"nm":"T","sk":{"a":0,"k":0},"sa":{"a":0,"k":0}}]}],"ip":23,"op":94,"st":0,"parent":2,"tt":1},{"ind":8,"ty":4,"nm":"A","sr":1,"ks":{"o":{"a":0,"k":100},"r":{"a":0,"k":0},"p":{"a":0,"k":[0.466,-11.786,0]},"a":{"a":0,"k":[182.296,180.597,0]},"s":{"a":0,"k":[100,100,100]}},"shapes":[{"ty":"gr","nm":"p","bm":0,"it":[{"ty":"sh","nm":"P","ind":0,"ks":{"k":{"i":[[0,0],[0,0]],"o":[[0,0],[0,0]],"v":[[-19.784,39.552],[19.784,-39.552]],"c":false},"a":0}},{"ty":"st","nm":"S","bm":0,"lc":2,"lj":2,"o":{"a":0,"k":100},"w":{"a":0,"k":10},"c":{"a":0,"k":[0.482,1,0.984,1]}},{"ty":"tr","o":{"a":0,"k":100},"r":{"a":0,"k":0},"p":{"a":0,"k":[268.499,83.927]},"a":{"a":0,"k":[-23.531,39.375]},"s":{"a":0,"k":[100,100]},"nm":"T","sk":{"a":0,"k":0},"sa":{"a":0,"k":0}}]},{"ty":"gr","nm":"G","bm":0,"it":[{"ty":"sh","nm":"P","ind":0,"ks":{"k":{"i":[[1.799,-4.192],[5.971,2.564],[-1.8,4.193],[-5.972,-2.564]],"o":[[-1.8,4.192],[-5.973,-2.563],[1.799,-4.192],[5.972,2.563]],"v":[[10.815,4.641],[-3.257,7.591],[-10.814,-4.643],[3.259,-7.591]],"c":true},"a":0}},{"ty":"fl","nm":"F","bm":0,"c":{"a":0,"k":[0.059,0,0.639,1]},"o":{"a":0,"k":100},"r":1},{"ty":"tr","o":{"a":0,"k":100},"r":{"a":0,"k":0},"p":{"a":0,"k":[269.646,88.004]},"a":{"a":0,"k":[0,0]},"s":{"a":0,"k":[100,100]},"nm":"T","sk":{"a":0,"k":0},"sa":{"a":0,"k":0}}]}],"ip":0,"op":23,"st":0,"parent":2},{"ind":9,"ty":4,"nm":"F","sr":1,"ks":{"o":{"a":0,"k":100},"r":{"a":0,"k":0},"p":{"a":0,"k":[0.466,-11.786,0]},"a":{"a":0,"k":[182.296,180.597,0]},"s":{"a":0,"k":[100,100,100]}},"shapes":[{"ty":"gr","nm":"h","bm":0,"it":[{"ty":"sh","nm":"P","ind":0,"ks":{"k":{"i":[[0,-91.143],[-8.373,-14.144],[-14.274,-8.19],[-53.314,0],[-22.516,12.61],[-8.384,14.143],[0,17.628],[91.13,0]],"o":[[0,17.628],[8.385,14.143],[22.515,12.61],[53.312,0],[14.273,-8.19],[8.373,-14.144],[0,-91.143],[-91.13,0]],"v":[[-165.022,27.684],[-151.839,75.966],[-117.246,110.078],[0.001,137.351],[117.248,110.078],[151.84,75.966],[165.022,27.684],[0.001,-137.352]],"c":true},"a":0}},{"ty":"fl","nm":"F","bm":0,"c":{"a":0,"k":[1,1,1,1]},"o":{"a":0,"k":100},"r":1},{"ty":"tr","o":{"a":0,"k":100},"r":{"a":0,"k":0},"p":{"a":0,"k":[182.296,180.597]},"a":{"a":0,"k":[0,0]},"s":{"a":0,"k":[100,100]},"nm":"T","sk":{"a":0,"k":0},"sa":{"a":0,"k":0}}]}],"ip":0,"op":100,"st":0,"parent":2,"td":1},{"ind":10,"ty":4,"nm":"f","sr":1,"ks":{"o":{"a":0,"k":100},"r":{"a":0,"k":0},"p":{"k":[{"i":{"x":0.667,"y":1},"o":{"x":0.333,"y":0},"t":3,"s":[0.466,-11.786,0],"ti":[0,0,0],"to":[0,2.833,0]},{"i":{"x":0.667,"y":1},"o":{"x":0.333,"y":0},"t":9,"s":[0.466,5.214,0],"ti":[0,2.833,0],"to":[0,0,0]},{"i":{"x":0.833,"y":0.833},"o":{"x":0.333,"y":0.333},"t":15,"s":[0.466,-11.786,0],"ti":[0,0,0],"to":[0,0,0]},{"i":{"x":0.667,"y":1},"o":{"x":0.333,"y":0},"t":20,"s":[0.466,-11.786,0],"ti":[-27,0,0],"to":[27,0,0]},{"i":{"x":0.667,"y":0.667},"o":{"x":0.333,"y":0.333},"t":29,"s":[162.466,-11.786,0],"ti":[0,0,0],"to":[0,0,0]},{"i":{"x":0.667,"y":1},"o":{"x":0.333,"y":0},"t":86,"s":[162.466,-11.786,0],"ti":[27,0,0],"to":[-27,0,0]},{"t":95,"s":[0.466,-11.786,0]}],"a":1},"a":{"a":0,"k":[182.296,180.597,0]},"s":{"a":0,"k":[100,100,100]}},"shapes":[{"ty":"gr","nm":"R","bm":0,"it":[{"ty":"sh","nm":"P","ind":0,"ks":{"k":{"i":[[0,-17.434],[10.136,0],[0,17.434],[-10.136,0]],"o":[[0,17.434],[-10.136,0],[0,-17.434],[10.136,0]],"v":[[18.353,0],[0,31.567],[-18.353,0],[0,-31.567]],"c":true},"a":0}},{"ty":"fl","nm":"F","bm":0,"c":{"a":0,"k":[0.482,1,0.984,1]},"o":{"a":0,"k":100},"r":1},{"ty":"tr","o":{"a":0,"k":100},"r":{"a":0,"k":0},"p":{"k":[{"i":{"x":0.667,"y":1},"o":{"x":0.333,"y":0},"t":3,"s":[122.342,192.383],"ti":[0,0],"to":[0,2.167]},{"i":{"x":0.667,"y":1},"o":{"x":0.333,"y":0},"t":8,"s":[122.342,205.383],"ti":[0,2.167],"to":[0,0]},{"t":13,"s":[122.342,192.383]}],"a":1},"a":{"a":0,"k":[0,0]},"s":{"k":[{"i":{"x":[0.667,0.667],"y":[1,1]},"o":{"x":[0.333,0.333],"y":[0,0]},"t":3,"s":[100,100]},{"i":{"x":[0.667,0.667],"y":[1,1]},"o":{"x":[0.333,0.333],"y":[0,0]},"t":8,"s":[100,60]},{"i":{"x":[0.833,0.833],"y":[1,1]},"o":{"x":[0.333,0.333],"y":[0,0]},"t":13,"s":[100,100]},{"i":{"x":[0.667,0.667],"y":[1,1]},"o":{"x":[0.333,0.333],"y":[0,0]},"t":37,"s":[100,100]},{"i":{"x":[0.667,0.667],"y":[1,1]},"o":{"x":[0.333,0.333],"y":[0,0]},"t":40,"s":[100,0]},{"t":43,"s":[100,100]}],"a":1},"nm":"T","sk":{"a":0,"k":0},"sa":{"a":0,"k":0}}]},{"ty":"gr","nm":"L","bm":0,"it":[{"ty":"sh","nm":"P","ind":0,"ks":{"k":{"i":[[0,-17.434],[10.136,0],[0,17.434],[-10.136,0]],"o":[[0,17.434],[-10.136,0],[0,-17.434],[10.136,0]],"v":[[18.353,0],[0,31.567],[-18.353,0],[0,-31.567]],"c":true},"a":0}},{"ty":"fl","nm":"F","bm":0,"c":{"a":0,"k":[0.482,1,0.984,1]},"o":{"a":0,"k":100},"r":1},{"ty":"tr","o":{"a":0,"k":100},"r":{"a":0,"k":0},"p":{"k":[{"i":{"x":0.667,"y":1},"o":{"x":0.333,"y":0},"t":3,"s":[242.262,192.383],"ti":[0,0],"to":[0,2.167]},{"i":{"x":0.667,"y":1},"o":{"x":0.333,"y":0},"t":8,"s":[242.262,205.383],"ti":[0,2.167],"to":[0,0]},{"t":13,"s":[242.262,192.383]}],"a":1},"a":{"a":0,"k":[0,0]},"s":{"k":[{"i":{"x":[0.667,0.667],"y":[1,1]},"o":{"x":[0.333,0.333],"y":[0,0]},"t":3,"s":[100,100]},{"i":{"x":[0.667,0.667],"y":[1,1]},"o":{"x":[0.333,0.333],"y":[0,0]},"t":8,"s":[100,60]},{"t":13,"s":[100,100]}],"a":1},"nm":"T","sk":{"a":0,"k":0},"sa":{"a":0,"k":0}}]},{"ty":"gr","nm":"m","bm":0,"it":[{"ty":"sh","nm":"P","ind":0,"ks":{"k":{"i":[[0,0],[15.433,0.779],[0.692,15.122]],"o":[[-0.785,16.243],[-14.401,-0.727],[0,0]],"v":[[28.631,-14.338],[-1.469,13.559],[-28.631,-14.338]],"c":true},"a":0}},{"ty":"fl","nm":"F","bm":0,"c":{"a":0,"k":[1,1,1,1]},"o":{"a":0,"k":100},"r":1},{"ty":"tr","o":{"a":0,"k":100},"r":{"a":0,"k":0},"p":{"a":0,"k":[182.296,231.985]},"a":{"a":0,"k":[0,0]},"s":{"a":0,"k":[100,100]},"nm":"T","sk":{"a":0,"k":0},"sa":{"a":0,"k":0}}]},{"ty":"gr","nm":"f","bm":0,"it":[{"ty":"sh","nm":"P","ind":0,"ks":{"k":{"i":[[0,-62.932],[-26.305,0],[0,0],[0,0],[0,26.305],[62.933,0]],"o":[[0,26.305],[0,0],[0,0],[26.306,0],[0,-62.932],[-62.932,0]],"v":[[-113.949,33.159],[-66.321,80.789],[0.641,80.789],[66.319,80.789],[113.949,33.159],[-0.001,-80.79]],"c":true},"a":0}},{"ty":"gf","s":{"a":0,"k":[0,79.406]},"e":{"a":0,"k":[1.758,-80.586]},"t":1,"g":{"k":{"a":0,"k":[0,0.314,0.431,1,0.5,0.186,0.216,0.82,0.999,0.059,0,0.639]},"p":3},"nm":"G","bm":0,"o":{"a":0,"k":100},"r":1},{"ty":"tr","o":{"a":0,"k":100},"r":{"a":0,"k":0},"p":{"a":0,"k":[182.303,182.62]},"a":{"a":0,"k":[0,0]},"s":{"a":0,"k":[100,100]},"nm":"T","sk":{"a":0,"k":0},"sa":{"a":0,"k":0}}]}],"ip":0,"op":100,"st":0,"parent":2,"tt":1},{"ind":11,"ty":4,"nm":"h","sr":1,"ks":{"o":{"a":0,"k":100},"r":{"a":0,"k":0},"p":{"a":0,"k":[0.466,-11.786,0]},"a":{"a":0,"k":[182.296,180.597,0]},"s":{"a":0,"k":[100,100,100]}},"shapes":[{"ty":"gr","nm":"h","bm":0,"it":[{"ty":"sh","nm":"P","ind":0,"ks":{"k":{"i":[[-91.13,0],[0,0],[22.516,12.61],[8.385,14.143],[0,17.628]],"o":[[0,0],[-53.313,0],[-14.274,-8.19],[-8.372,-14.144],[0,-91.143]],"v":[[82.511,-137.352],[82.511,137.351],[-34.736,110.078],[-69.329,75.966],[-82.511,27.684]],"c":true},"a":0}},{"ty":"fl","nm":"F","bm":0,"c":{"a":0,"k":[0.502,0.631,1,1]},"o":{"a":0,"k":100},"r":1},{"ty":"tr","o":{"a":0,"k":100},"r":{"a":0,"k":0},"p":{"a":0,"k":[99.786,180.597]},"a":{"a":0,"k":[0,0]},"s":{"a":0,"k":[100,100]},"nm":"T","sk":{"a":0,"k":0},"sa":{"a":0,"k":0}}]},{"ty":"gr","nm":"h","bm":0,"it":[{"ty":"sh","nm":"P","ind":0,"ks":{"k":{"i":[[0,-91.143],[-8.373,-14.144],[-14.274,-8.19],[-53.314,0],[-22.516,12.61],[-8.384,14.143],[0,17.628],[91.13,0]],"o":[[0,17.628],[8.385,14.143],[22.515,12.61],[53.312,0],[14.273,-8.19],[8.373,-14.144],[0,-91.143],[-91.13,0]],"v":[[-165.022,27.684],[-151.839,75.966],[-117.246,110.078],[0.001,137.351],[117.248,110.078],[151.84,75.966],[165.022,27.684],[0.001,-137.352]],"c":true},"a":0}},{"ty":"gf","s":{"a":0,"k":[-162.883,0]},"e":{"a":0,"k":[165.188,0]},"t":1,"g":{"k":{"a":0,"k":[0,0.314,0.431,1,0.5,0.527,0.667,1,0.999,0.741,0.902,1]},"p":3},"nm":"G","bm":0,"o":{"a":0,"k":100},"r":1},{"ty":"tr","o":{"a":0,"k":100},"r":{"a":0,"k":0},"p":{"a":0,"k":[182.296,180.597]},"a":{"a":0,"k":[0,0]},"s":{"a":0,"k":[100,100]},"nm":"T","sk":{"a":0,"k":0},"sa":{"a":0,"k":0}}]}],"ip":0,"op":100,"st":0,"parent":2},{"ind":12,"ty":4,"nm":"e","sr":1,"ks":{"o":{"a":0,"k":100},"r":{"a":0,"k":0},"p":{"a":0,"k":[0.466,-11.786,0]},"a":{"a":0,"k":[182.296,180.597,0]},"s":{"a":0,"k":[100,100,100]}},"shapes":[{"ty":"gr","nm":"L","bm":0,"it":[{"ty":"sh","nm":"P","ind":0,"ks":{"k":{"i":[[0,-17.434],[15.508,0],[0,17.434],[-15.509,0]],"o":[[0,17.434],[-15.509,0],[0,-17.434],[15.508,0]],"v":[[28.08,0],[0,31.567],[-28.08,0],[0,-31.567]],"c":true},"a":0}},{"ty":"fl","nm":"F","bm":0,"c":{"a":0,"k":[0.059,0,0.639,1]},"o":{"a":0,"k":100},"r":1},{"ty":"tr","o":{"a":0,"k":100},"r":{"a":0,"k":0},"p":{"k":[{"i":{"x":0.667,"y":1},"o":{"x":0.333,"y":0},"t":22,"s":[337.508,192.383],"ti":[26,0],"to":[-26,0]},{"i":{"x":0.667,"y":0.667},"o":{"x":0.333,"y":0.333},"t":30,"s":[181.508,192.383],"ti":[0,0],"to":[0,0]},{"i":{"x":0.833,"y":1},"o":{"x":0.333,"y":0},"t":85,"s":[181.508,192.383],"ti":[-26,0],"to":[26,0]},{"t":93,"s":[337.508,192.383]}],"a":1},"a":{"a":0,"k":[0,0]},"s":{"k":[{"i":{"x":[0.667,0.667],"y":[1,1]},"o":{"x":[0.333,0.333],"y":[0,0]},"t":21,"s":[100,100]},{"i":{"x":[0.667,0.667],"y":[1,1]},"o":{"x":[0.333,0.333],"y":[0,0]},"t":22,"s":[70,100]},{"i":{"x":[0.667,0.667],"y":[1,1]},"o":{"x":[0.333,0.333],"y":[0,0]},"t":93,"s":[70,100]},{"t":94,"s":[100,100]}],"a":1},"nm":"T","sk":{"a":0,"k":0},"sa":{"a":0,"k":0}}]},{"ty":"gr","nm":"R","bm":0,"it":[{"ty":"sh","nm":"P","ind":0,"ks":{"k":{"i":[[0,-17.434],[15.508,0],[0,17.434],[-15.509,0]],"o":[[0,17.434],[-15.509,0],[0,-17.434],[15.508,0]],"v":[[28.08,0],[0,31.567],[-28.08,0],[0,-31.567]],"c":true},"a":0}},{"ty":"fl","nm":"F","bm":0,"c":{"a":0,"k":[0.059,0,0.639,1]},"o":{"a":0,"k":100},"r":1},{"ty":"tr","o":{"a":0,"k":100},"r":{"a":0,"k":0},"p":{"k":[{"i":{"x":0.667,"y":1},"o":{"x":0.333,"y":0},"t":22,"s":[24.33,192.383],"ti":[-26.25,0],"to":[26.25,0]},{"i":{"x":0.667,"y":0.667},"o":{"x":0.333,"y":0.333},"t":30,"s":[181.83,192.383],"ti":[0,0],"to":[0,0]},{"i":{"x":0.833,"y":1},"o":{"x":0.333,"y":0},"t":85,"s":[181.83,192.383],"ti":[26.25,0],"to":[-26.25,0]},{"t":93,"s":[24.33,192.383]}],"a":1},"a":{"a":0,"k":[0,0]},"s":{"k":[{"i":{"x":[0.667,0.667],"y":[1,1]},"o":{"x":[0.333,0.333],"y":[0,0]},"t":21,"s":[100,100]},{"i":{"x":[0.667,0.667],"y":[1,1]},"o":{"x":[0.333,0.333],"y":[0,0]},"t":22,"s":[70,100]},{"i":{"x":[0.667,0.667],"y":[1,1]},"o":{"x":[0.333,0.333],"y":[0,0]},"t":93,"s":[70,100]},{"t":94,"s":[100,100]}],"a":1},"nm":"T","sk":{"a":0,"k":0},"sa":{"a":0,"k":0}}]}],"ip":0,"op":100,"st":0,"parent":2},{"ind":13,"ty":4,"nm":"B","sr":1,"ks":{"o":{"a":0,"k":100},"r":{"a":0,"k":0},"p":{"a":0,"k":[0,79.227,0]},"a":{"a":0,"k":[189.883,84.8,0]},"s":{"a":0,"k":[100,100,100]}},"shapes":[{"ty":"gr","nm":"b","bm":0,"it":[{"ty":"sh","nm":"P","ind":0,"ks":{"k":{"i":[[-5.155,-36.593],[0,0],[-11.5,-9.192],[-15.426,-0.497],[-10.943,8.747],[-2.074,14.722],[0,0],[40.596,0.907]],"o":[[0,0],[2.074,14.722],[10.943,8.747],[15.425,-0.497],[11.5,-9.192],[0,0],[5.154,-36.593],[-40.596,0.907]],"v":[[-65.928,-7.971],[-62.04,11.835],[-40.539,48.62],[0,63.28],[40.539,48.62],[62.041,11.835],[65.93,-7.971],[0,-63.28]],"c":true},"a":0}},{"ty":"gf","s":{"a":0,"k":[-64.195,0]},"e":{"a":0,"k":[64.734,0]},"t":1,"g":{"k":{"a":0,"k":[0,0.314,0.431,1,0.5,0.527,0.667,1,0.999,0.741,0.902,1]},"p":3},"nm":"G","bm":0,"o":{"a":0,"k":100},"r":1},{"ty":"tr","o":{"a":0,"k":100},"r":{"a":0,"k":0},"p":{"a":0,"k":[189.883,68.853]},"a":{"a":0,"k":[0,0]},"s":{"a":0,"k":[100,100]},"nm":"T","sk":{"a":0,"k":0},"sa":{"a":0,"k":0}}]}],"ip":0,"op":100,"st":0,"parent":1,"td":1},{"ind":14,"ty":4,"nm":"h","sr":1,"ks":{"o":{"a":0,"k":100},"r":{"a":0,"k":0},"p":{"k":[{"i":{"x":0.667,"y":1},"o":{"x":0.333,"y":0},"t":22,"s":[0,79.227,0],"ti":[-8.5,0,0],"to":[8.5,0,0]},{"i":{"x":0.667,"y":0.667},"o":{"x":0.333,"y":0.333},"t":30,"s":[51,79.227,0],"ti":[0,0,0],"to":[0,0,0]},{"i":{"x":0.667,"y":1},"o":{"x":0.333,"y":0},"t":87,"s":[51,79.227,0],"ti":[8.5,0,0],"to":[-8.5,0,0]},{"t":95,"s":[0,79.227,0]}],"a":1},"a":{"a":0,"k":[189.883,84.8,0]},"s":{"a":0,"k":[100,100,100]}},"shapes":[{"ty":"gr","nm":"h","bm":0,"it":[{"ty":"sh","nm":"P","ind":0,"ks":{"k":{"i":[[0,-7.039],[7.039,0],[0,7.039],[-7.04,0]],"o":[[0,7.039],[-7.04,0],[0,-7.039],[7.039,0]],"v":[[12.746,0],[0,12.746],[-12.746,0],[0,-12.746]],"c":true},"a":0}},{"ty":"fl","nm":"F","bm":0,"c":{"a":0,"k":[0.482,1,0.984,1]},"o":{"a":0,"k":100},"r":1},{"ty":"tr","o":{"a":0,"k":100},"r":{"a":0,"k":0},"p":{"a":0,"k":[218.513,58.75]},"a":{"a":0,"k":[0,0]},"s":{"a":0,"k":[100,100]},"nm":"T","sk":{"a":0,"k":0},"sa":{"a":0,"k":0}}]}],"ip":0,"op":100,"st":0,"parent":1,"tt":1},{"ind":15,"ty":4,"nm":"b","sr":1,"ks":{"o":{"a":0,"k":100},"r":{"a":0,"k":0},"p":{"a":0,"k":[0,79.227,0]},"a":{"a":0,"k":[189.883,84.8,0]},"s":{"a":0,"k":[100,100,100]}},"shapes":[{"ty":"gr","nm":"h","bm":0,"it":[{"ty":"sh","nm":"P","ind":0,"ks":{"k":{"i":[[-40.596,0.907],[0,0],[10.943,8.748],[2.074,14.721],[0,0]],"o":[[0,0],[-15.426,-0.497],[-11.5,-9.191],[0,0],[-5.154,-36.593]],"v":[[35.542,-63.28],[35.542,63.28],[-4.997,48.618],[-26.5,11.835],[-30.388,-7.971]],"c":true},"a":0}},{"ty":"fl","nm":"F","bm":0,"c":{"a":0,"k":[0.502,0.631,1,1]},"o":{"a":0,"k":100},"r":1},{"ty":"tr","o":{"a":0,"k":100},"r":{"a":0,"k":0},"p":{"a":0,"k":[188.349,66.998]},"a":{"a":0,"k":[34.008,-1.855]},"s":{"a":0,"k":[100,100]},"nm":"T","sk":{"a":0,"k":0},"sa":{"a":0,"k":0}}]},{"ty":"gr","nm":"b","bm":0,"it":[{"ty":"sh","nm":"P","ind":0,"ks":{"k":{"i":[[-5.155,-36.593],[0,0],[-11.5,-9.192],[-15.426,-0.497],[-10.943,8.747],[-2.074,14.722],[0,0],[40.596,0.907]],"o":[[0,0],[2.074,14.722],[10.943,8.747],[15.425,-0.497],[11.5,-9.192],[0,0],[5.154,-36.593],[-40.596,0.907]],"v":[[-65.928,-7.971],[-62.04,11.835],[-40.539,48.62],[0,63.28],[40.539,48.62],[62.041,11.835],[65.93,-7.971],[0,-63.28]],"c":true},"a":0}},{"ty":"gf","s":{"a":0,"k":[-64.195,0]},"e":{"a":0,"k":[64.734,0]},"t":1,"g":{"k":{"a":0,"k":[0,0.314,0.431,1,0.5,0.527,0.667,1,0.999,0.741,0.902,1]},"p":3},"nm":"G","bm":0,"o":{"a":0,"k":100},"r":1},{"ty":"tr","o":{"a":0,"k":100},"r":{"a":0,"k":0},"p":{"a":0,"k":[189.883,68.853]},"a":{"a":0,"k":[0,0]},"s":{"a":0,"k":[100,100]},"nm":"T","sk":{"a":0,"k":0},"sa":{"a":0,"k":0}}]},{"ty":"gr","nm":"f","bm":0,"it":[{"ty":"sh","nm":"P","ind":0,"ks":{"k":{"i":[[0,-12.004],[12.004,0],[0,12.004],[-12.004,0]],"o":[[0,12.004],[-12.004,0],[0,-12.004],[12.004,0]],"v":[[21.735,0],[0.001,21.734],[-21.735,0],[0.001,-21.734]],"c":true},"a":0}},{"ty":"fl","nm":"F","bm":0,"c":{"a":0,"k":[0.482,1,0.984,1]},"o":{"a":0,"k":100},"r":1},{"ty":"tr","o":{"a":0,"k":100},"r":{"a":0,"k":0},"p":{"a":0,"k":[189.975,110.888]},"a":{"a":0,"k":[-0.053,-21.244]},"s":{"k":[{"i":{"x":[0.667,0.237],"y":[1,1]},"o":{"x":[0.333,0.333],"y":[0,0]},"t":21,"s":[100,100]},{"i":{"x":[0.667,0.667],"y":[1,1]},"o":{"x":[0.333,0.443],"y":[0,0]},"t":27,"s":[100,200]},{"i":{"x":[0.667,0.667],"y":[1,1]},"o":{"x":[0.167,0.167],"y":[0,0]},"t":36,"s":[100,100]},{"i":{"x":[0.667,0.339],"y":[1,0.996]},"o":{"x":[0.333,0.333],"y":[0,0]},"t":81,"s":[100,100]},{"i":{"x":[0.542,0.667],"y":[1,1]},"o":{"x":[0.333,0.382],"y":[0,0]},"t":90,"s":[100,200]},{"t":96,"s":[100,100]}],"a":1},"nm":"T","sk":{"a":0,"k":0},"sa":{"a":0,"k":0}}]},{"ty":"gr","nm":"f","bm":0,"it":[{"ty":"sh","nm":"P","ind":0,"ks":{"k":{"i":[[0,-16.279],[-16.279,0],[0,16.28],[16.279,0]],"o":[[0,16.28],[16.279,0],[0,-16.279],[-16.279,0]],"v":[[-29.477,0],[0,29.477],[29.477,0],[0,-29.477]],"c":true},"a":0}},{"ty":"gf","s":{"a":0,"k":[-0.889,-29.264]},"e":{"a":0,"k":[0.406,29.803]},"t":1,"g":{"k":{"a":0,"k":[0,0.314,0.431,1,0.5,0.527,0.667,1,0.999,0.741,0.902,1]},"p":3},"nm":"G","bm":0,"o":{"a":0,"k":100},"r":1},{"ty":"tr","o":{"a":0,"k":100},"r":{"a":0,"k":0},"p":{"a":0,"k":[189.975,110.97]},"a":{"a":0,"k":[-0.555,-28.904]},"s":{"k":[{"i":{"x":[0.667,0.237],"y":[1,1]},"o":{"x":[0.333,0.333],"y":[0,0]},"t":21,"s":[100,100]},{"i":{"x":[0.667,0.667],"y":[1,1]},"o":{"x":[0.333,0.443],"y":[0,0]},"t":27,"s":[100,200]},{"i":{"x":[0.667,0.667],"y":[1,1]},"o":{"x":[0.167,0.167],"y":[0,0]},"t":36,"s":[100,100]},{"i":{"x":[0.667,0.339],"y":[1,0.996]},"o":{"x":[0.333,0.333],"y":[0,0]},"t":81,"s":[100,100]},{"i":{"x":[0.542,0.667],"y":[1,1]},"o":{"x":[0.333,0.382],"y":[0,0]},"t":90,"s":[100,200]},{"t":96,"s":[100,100]}],"a":1},"nm":"T","sk":{"a":0,"k":0},"sa":{"a":0,"k":0}}]}],"ip":0,"op":100,"st":0,"parent":1},{"ind":16,"ty":0,"nm":"L","sr":1,"ks":{"o":{"a":0,"k":100},"r":{"a":1,"k":[{"i":{"x":[0.667],"y":[1]},"o":{"x":[0.333],"y":[0]},"t":21,"s":[45]},{"i":{"x":[0.667],"y":[1]},"o":{"x":[0.333],"y":[0]},"t":29,"s":[150]},{"i":{"x":[0.667],"y":[1]},"o":{"x":[0.333],"y":[0]},"t":87,"s":[150]},{"t":95,"s":[45]}]},"p":{"k":[{"i":{"x":0.667,"y":1},"o":{"x":0.333,"y":0},"t":21,"s":[460.426,580.032,0],"ti":[20.333,-1.667,0],"to":[-20.333,1.667,0]},{"i":{"x":0.667,"y":0.667},"o":{"x":0.333,"y":0.333},"t":29,"s":[338.426,590.032,0],"ti":[0,0,0],"to":[0,0,0]},{"i":{"x":0.667,"y":1},"o":{"x":0.333,"y":0},"t":87,"s":[338.426,590.032,0],"ti":[-20.333,1.667,0],"to":[20.333,-1.667,0]},{"t":95,"s":[460.426,580.032,0]}],"a":1},"a":{"a":0,"k":[83.676,64.032,0]},"s":{"a":0,"k":[100,100,100]}},"ip":0,"op":100,"st":0,"refId":"comp_1","h":129,"w":226}]},{"id":"comp_1","layers":[{"ind":1,"ty":4,"nm":"a","sr":1,"ks":{"o":{"a":0,"k":100},"r":{"a":0,"k":0},"p":{"a":0,"k":[83.853,64.032,0]},"a":{"a":0,"k":[291.764,29.5,0]},"s":{"a":0,"k":[100,100,100]}},"shapes":[{"ty":"gr","nm":"a","bm":0,"it":[{"ty":"sh","nm":"P","ind":0,"ks":{"k":{"i":[[0.189,-16.152],[-5.368,-5.367],[-8.074,0],[-9.486,1.388],[0,16.066],[22.362,3.135],[8.664,0]],"o":[[-0.098,8.211],[5.305,5.291],[9.587,0],[22.585,-3.305],[0,-16.525],[-8.582,-1.204],[-16.154,0]],"v":[[-58.45,-0.35],[-49.886,20.683],[-29.202,29.25],[-0.557,27.199],[58.548,0],[-2.497,-27.473],[-28.394,-29.25]],"c":true},"a":0}},{"ty":"gf","s":{"a":0,"k":[-56.578,1.898]},"e":{"a":0,"k":[61.484,2.16]},"t":1,"g":{"k":{"a":0,"k":[0,0.314,0.431,1,0.5,0.527,0.667,1,0.999,0.741,0.902,1]},"p":3},"nm":"G","bm":0,"o":{"a":0,"k":100},"r":1},{"ty":"tr","o":{"a":0,"k":100},"r":{"a":0,"k":0},"p":{"a":0,"k":[291.709,29.778]},"a":{"a":0,"k":[-29.258,0.278]},"s":{"a":0,"k":[100,100]},"nm":"T","sk":{"a":0,"k":0},"sa":{"a":0,"k":0}}]}],"ip":0,"op":100,"st":0}]},{"id":"comp_2","layers":[{"ind":1,"ty":3,"nm":"C","sr":1,"ks":{"o":{"a":0,"k":0},"r":{"a":0,"k":0},"p":{"k":[{"i":{"x":0.667,"y":1},"o":{"x":0.333,"y":0},"t":50,"s":[720,540,0],"ti":[0,60.833,0],"to":[0,-60.833,0]},{"t":60,"s":[720,175,0]}],"a":1},"a":{"a":0,"k":[0,0,0]},"s":{"a":0,"k":[100,100,100]}},"ip":50,"op":100,"st":2},{"ind":2,"ty":0,"nm":"B","sr":1,"ks":{"o":{"a":0,"k":100},"r":{"a":0,"k":0},"p":{"k":[{"i":{"x":0.667,"y":1},"o":{"x":0.333,"y":0},"t":25,"s":[0,0,0],"ti":[8.667,18.5,0],"to":[-8.667,-18.5,0]},{"t":30,"s":[-52,-111,0]}],"a":1},"a":{"a":0,"k":[720,540,0]},"s":{"a":0,"k":[100,100,100]}},"ip":0,"op":60,"st":0,"parent":1,"refId":"comp_3","h":1080,"w":1440},{"ind":3,"ty":0,"nm":"E","sr":1,"ks":{"o":{"a":0,"k":100},"r":{"a":0,"k":0},"p":{"a":0,"k":[0,0,0]},"a":{"a":0,"k":[720,540,0]},"s":{"a":0,"k":[100,100,100]}},"ip":0,"op":100,"st":0,"parent":1,"refId":"comp_5","h":1080,"w":1440},{"ind":4,"ty":3,"nm":"C","sr":1,"ks":{"o":{"a":0,"k":0},"r":{"a":0,"k":0},"p":{"k":[{"i":{"x":0.667,"y":1},"o":{"x":0.333,"y":0},"t":85,"s":[720,540,0],"ti":[0,60,0],"to":[0,-60,0]},{"t":95,"s":[720,180,0]}],"a":1},"a":{"a":0,"k":[0,0,0]},"s":{"a":0,"k":[100,100,100]}},"ip":85,"op":100,"st":0},{"ind":5,"ty":0,"nm":"E","sr":1,"ks":{"o":{"a":0,"k":100},"r":{"a":0,"k":0},"p":{"a":0,"k":[0,0,0]},"a":{"a":0,"k":[720,540,0]},"s":{"a":0,"k":[100,100,100]}},"ip":50,"op":110,"st":50,"parent":4,"refId":"comp_7","h":1080,"w":1440},{"ind":6,"ty":0,"nm":"B","sr":1,"ks":{"o":{"a":0,"k":100},"r":{"a":0,"k":0},"p":{"k":[{"i":{"x":0.667,"y":1},"o":{"x":0.333,"y":0},"t":85,"s":[720,850,0],"ti":[0,51.667,0],"to":[0,-51.667,0]},{"t":95,"s":[720,540,0]}],"a":1},"a":{"a":0,"k":[720,540,0]},"s":{"a":0,"k":[100,100,100]}},"ip":85,"op":145,"st":85,"refId":"comp_4","h":1080,"w":1440}]},{"id":"comp_3","layers":[{"ind":1,"ty":4,"nm":"l","sr":1,"ks":{"o":{"a":0,"k":100},"r":{"a":0,"k":0},"p":{"a":0,"k":[740,561.981,0]},"a":{"a":0,"k":[94.75,103.416,0]},"s":{"a":0,"k":[100,100,100]}},"shapes":[{"ty":"gr","nm":"l","bm":0,"it":[{"ty":"sh","nm":"P","ind":0,"ks":{"k":{"i":[[0,0],[0,0]],"o":[[0,0],[0,0]],"v":[[113.35,40.558],[124.385,40.558]],"c":false},"a":0}},{"ty":"tm","nm":"T","s":{"a":0,"k":0},"e":{"a":1,"k":[{"i":{"x":[0.667],"y":[1]},"o":{"x":[0.333],"y":[0]},"t":5,"s":[0]},{"t":10,"s":[100]}]},"o":{"a":0,"k":0},"m":1},{"ty":"st","nm":"S","bm":0,"lc":2,"lj":2,"o":{"a":0,"k":100},"w":{"a":0,"k":12},"c":{"a":0,"k":[1,1,1,1]}},{"ty":"tr","o":{"a":0,"k":100},"r":{"a":0,"k":0},"p":{"a":0,"k":[0,0]},"a":{"a":0,"k":[0,0]},"s":{"a":0,"k":[100,100]},"nm":"T","sk":{"a":0,"k":0},"sa":{"a":0,"k":0}}]},{"ty":"gr","nm":"l","bm":0,"it":[{"ty":"sh","nm":"P","ind":0,"ks":{"k":{"i":[[0,0],[0,0]],"o":[[0,0],[0,0]],"v":[[36.521,40.558],[94.034,40.558]],"c":false},"a":0}},{"ty":"tm","nm":"T","s":{"a":0,"k":0},"e":{"a":1,"k":[{"i":{"x":[0.667],"y":[1]},"o":{"x":[1],"y":[0]},"t":0,"s":[0]},{"t":5,"s":[100]}]},"o":{"a":0,"k":0},"m":1},{"ty":"st","nm":"S","bm":0,"lc":2,"lj":2,"o":{"a":0,"k":100},"w":{"a":0,"k":12},"c":{"a":0,"k":[1,1,1,1]}},{"ty":"tr","o":{"a":0,"k":100},"r":{"a":0,"k":0},"p":{"a":0,"k":[0,0]},"a":{"a":0,"k":[0,0]},"s":{"a":0,"k":[100,100]},"nm":"T","sk":{"a":0,"k":0},"sa":{"a":0,"k":0}}]}],"ip":0,"op":60,"st":0},{"ind":2,"ty":0,"nm":"B","sr":1,"ks":{"o":{"a":0,"k":100},"r":{"a":0,"k":0},"p":{"a":0,"k":[720,540,0]},"a":{"a":0,"k":[720,540,0]},"s":{"a":0,"k":[100,100,100]}},"ip":0,"op":60,"st":0,"refId":"comp_4","h":1080,"w":1440}]},{"id":"comp_4","layers":[{"ind":1,"ty":4,"nm":"b","sr":1,"ks":{"o":{"a":0,"k":100},"r":{"a":0,"k":0},"p":{"a":0,"k":[740,561.981,0]},"a":{"a":0,"k":[94.75,103.416,0]},"s":{"a":0,"k":[100,100,100]}},"shapes":[{"ty":"gr","nm":"c","bm":0,"it":[{"ty":"sh","nm":"P","ind":0,"ks":{"k":{"i":[[21.539,0],[0,0],[0,-21.539],[-21.539,0],[0,0],[0,0],[0,0],[0,19.826]],"o":[[0,0],[-21.539,0],[0,21.539],[0,0],[0,0],[0,0],[19.151,-2.478],[0,-21.539]],"v":[[39,-52.666],[-39,-52.666],[-78,-13.666],[-39,25.334],[16.383,25.334],[16.383,52.666],[44.051,24.998],[78,-13.666]],"c":true},"a":0}},{"ty":"fl","nm":"F","bm":0,"c":{"a":0,"k":[0.314,0,1,1]},"o":{"a":0,"k":100},"r":1},{"ty":"tr","o":{"a":0,"k":100},"r":{"a":0,"k":0},"p":{"a":0,"k":[95.191,104.607]},"a":{"a":0,"k":[16.941,51.691]},"s":{"a":0,"k":[100,100]},"nm":"T","sk":{"a":0,"k":0},"sa":{"a":0,"k":0}}]}],"ip":0,"op":60,"st":0}]},{"id":"comp_5","layers":[{"ind":1,"ty":0,"nm":"P","sr":1,"ks":{"o":{"a":0,"k":100},"r":{"a":0,"k":0},"p":{"a":0,"k":[812,406.703,0]},"a":{"a":0,"k":[90,72,0]},"s":{"a":0,"k":[100,100,100]}},"ip":27,"op":87,"st":27,"refId":"comp_6","h":144,"w":180},{"ind":2,"ty":4,"nm":"e","sr":1,"ks":{"o":{"a":0,"k":100},"r":{"a":0,"k":0},"p":{"k":[{"i":{"x":0.667,"y":1},"o":{"x":0.333,"y":0},"t":20,"s":[719.972,900.329,0],"ti":[0,65.333,0],"to":[0,-65.333,0]},{"t":30,"s":[719.972,508.329,0]}],"a":1},"a":{"a":0,"k":[131.875,101.876,0]},"s":{"a":0,"k":[100,100,100]}},"shapes":[{"ty":"gr","nm":"l","bm":0,"it":[{"ty":"sh","nm":"P","ind":0,"ks":{"k":{"i":[[0,0],[0,0]],"o":[[0,0],[0,0]],"v":[[198.448,109.355],[219.56,109.355]],"c":false},"a":0}},{"ty":"tm","nm":"T","s":{"a":0,"k":0},"e":{"a":1,"k":[{"i":{"x":[0.667],"y":[1]},"o":{"x":[0.747],"y":[0]},"t":46,"s":[0]},{"t":51,"s":[100]}]},"o":{"a":0,"k":0},"m":1},{"ty":"st","nm":"S","bm":0,"lc":2,"lj":2,"o":{"a":0,"k":100},"w":{"a":0,"k":12},"c":{"a":0,"k":[0.314,0,1,1]}},{"ty":"tr","o":{"a":0,"k":100},"r":{"a":0,"k":0},"p":{"a":0,"k":[0,0]},"a":{"a":0,"k":[0,0]},"s":{"a":0,"k":[100,100]},"nm":"T","sk":{"a":0,"k":0},"sa":{"a":0,"k":0}}]},{"ty":"gr","nm":"l","bm":0,"it":[{"ty":"sh","nm":"P","ind":0,"ks":{"k":{"i":[[0,0],[0,0]],"o":[[0,0],[0,0]],"v":[[53.916,109.355],[169.26,109.355]],"c":false},"a":0}},{"ty":"tm","nm":"T","s":{"a":0,"k":0},"e":{"a":1,"k":[{"i":{"x":[0.667],"y":[1]},"o":{"x":[0.747],"y":[0]},"t":43,"s":[0]},{"t":48,"s":[100]}]},"o":{"a":0,"k":0},"m":1},{"ty":"st","nm":"S","bm":0,"lc":2,"lj":2,"o":{"a":0,"k":100},"w":{"a":0,"k":12},"c":{"a":0,"k":[0.314,0,1,1]}},{"ty":"tr","o":{"a":0,"k":100},"r":{"a":0,"k":0},"p":{"a":0,"k":[0,0]},"a":{"a":0,"k":[0,0]},"s":{"a":0,"k":[100,100]},"nm":"T","sk":{"a":0,"k":0},"sa":{"a":0,"k":0}}]},{"ty":"gr","nm":"l","bm":0,"it":[{"ty":"sh","nm":"P","ind":0,"ks":{"k":{"i":[[0,0],[0,0]],"o":[[0,0],[0,0]],"v":[[164.057,79.001],[219.561,79.001]],"c":false},"a":0}},{"ty":"tm","nm":"T","s":{"a":0,"k":0},"e":{"a":1,"k":[{"i":{"x":[0.667],"y":[1]},"o":{"x":[0.747],"y":[0]},"t":40,"s":[0]},{"t":45,"s":[100]}]},"o":{"a":0,"k":0},"m":1},{"ty":"st","nm":"S","bm":0,"lc":2,"lj":2,"o":{"a":0,"k":100},"w":{"a":0,"k":12},"c":{"a":0,"k":[0.314,0,1,1]}},{"ty":"tr","o":{"a":0,"k":100},"r":{"a":0,"k":0},"p":{"a":0,"k":[0,0]},"a":{"a":0,"k":[0,0]},"s":{"a":0,"k":[100,100]},"nm":"T","sk":{"a":0,"k":0},"sa":{"a":0,"k":0}}]},{"ty":"gr","nm":"l","bm":0,"it":[{"ty":"sh","nm":"P","ind":0,"ks":{"k":{"i":[[0,0],[0,0]],"o":[[0,0],[0,0]],"v":[[53.916,79.001],[139.205,79.001]],"c":false},"a":0}},{"ty":"tm","nm":"T","s":{"a":0,"k":0},"e":{"a":1,"k":[{"i":{"x":[0.667],"y":[1]},"o":{"x":[0.747],"y":[0]},"t":37,"s":[0]},{"t":42,"s":[100]}]},"o":{"a":0,"k":0},"m":1},{"ty":"st","nm":"S","bm":0,"lc":2,"lj":2,"o":{"a":0,"k":100},"w":{"a":0,"k":12},"c":{"a":0,"k":[0.314,0,1,1]}},{"ty":"tr","o":{"a":0,"k":100},"r":{"a":0,"k":0},"p":{"a":0,"k":[0,0]},"a":{"a":0,"k":[0,0]},"s":{"a":0,"k":[100,100]},"nm":"T","sk":{"a":0,"k":0},"sa":{"a":0,"k":0}}]},{"ty":"gr","nm":"c","bm":0,"it":[{"ty":"sh","nm":"P","ind":0,"ks":{"k":{"i":[[48.463,0],[0,0],[0,-48.463],[-42.294,-6.285],[0,0],[0,0],[0,0],[0,48.463]],"o":[[0,0],[-48.463,0],[0,44.042],[0,0],[0,0],[0,0],[48.463,0],[0,-48.463]],"v":[[43.875,-101.626],[-43.875,-101.626],[-131.625,-13.876],[-56.884,72.912],[-28.172,101.626],[-28.172,73.874],[43.875,73.874],[131.625,-13.876]],"c":true},"a":0}},{"ty":"fl","nm":"F","bm":0,"c":{"a":0,"k":[1,1,1,1]},"o":{"a":0,"k":100},"r":1},{"ty":"tr","o":{"a":0,"k":100},"r":{"a":0,"k":0},"p":{"a":0,"k":[103.555,203.391]},"a":{"a":0,"k":[-28.32,101.516]},"s":{"a":0,"k":[100,100]},"nm":"T","sk":{"a":0,"k":0},"sa":{"a":0,"k":0}}]}],"ip":0,"op":100,"st":0}]},{"id":"comp_6","layers":[{"ind":1,"ty":4,"nm":"p","sr":1,"ks":{"o":{"a":0,"k":100},"r":{"a":0,"k":0},"p":{"a":0,"k":[59.077,109.556,0]},"a":{"a":0,"k":[0.25,67.491,0]},"s":{"k":[{"i":{"x":[0.667,0.667,0.667],"y":[1,1,1]},"o":{"x":[0.333,0.333,0.333],"y":[0,0,0]},"t":0,"s":[0,0,100]},{"t":5,"s":[100,100,100]}],"a":1}},"shapes":[{"ty":"gr","nm":"h","bm":0,"it":[{"ty":"sh","nm":"P","ind":0,"ks":{"k":{"i":[[0,-6.538],[6.538,0],[0,6.538],[-6.538,0]],"o":[[0,6.538],[-6.538,0],[0,-6.538],[6.538,0]],"v":[[11.838,0],[0,11.837],[-11.838,0],[0,-11.837]],"c":true},"a":0}},{"ty":"fl","nm":"F","bm":0,"c":{"a":0,"k":[0.314,0,1,1]},"o":{"a":0,"k":100},"r":1},{"ty":"tr","o":{"a":0,"k":100},"r":{"a":0,"k":0},"p":{"a":0,"k":[33.917,33.706]},"a":{"a":0,"k":[0.047,10.93]},"s":{"k":[{"i":{"x":[0.667,0.667],"y":[1,1]},"o":{"x":[0.333,0.333],"y":[0,0]},"t":6,"s":[0,0]},{"i":{"x":[0.667,0.667],"y":[1,1]},"o":{"x":[0.333,0.333],"y":[0,0]},"t":10,"s":[80,100]},{"t":12,"s":[80,80]}],"a":1},"nm":"T","sk":{"a":0,"k":0},"sa":{"a":0,"k":0}}]},{"ty":"gr","nm":"b","bm":0,"it":[{"ty":"sh","nm":"P","ind":0,"ks":{"k":{"i":[[0,-9.042],[0,0],[-10.042,0]],"o":[[0,0],[0,-9.042],[10.042,0]],"v":[[18.174,8.19],[-18.174,8.19],[0,-8.19]],"c":true},"a":0}},{"ty":"fl","nm":"F","bm":0,"c":{"a":0,"k":[0.314,0,1,1]},"o":{"a":0,"k":100},"r":1},{"ty":"tr","o":{"a":0,"k":100},"r":{"a":0,"k":0},"p":{"a":0,"k":[32.649,53.839]},"a":{"a":0,"k":[-1.221,8.398]},"s":{"k":[{"i":{"x":[0.667,0.667],"y":[1,1]},"o":{"x":[0.333,0.333],"y":[0,0]},"t":4,"s":[0,0]},{"i":{"x":[0.667,0.667],"y":[1,1]},"o":{"x":[0.333,0.333],"y":[0,0]},"t":8,"s":[86.667,130]},{"t":11,"s":[100,100]}],"a":1},"nm":"T","sk":{"a":0,"k":0},"sa":{"a":0,"k":0}}]},{"ty":"gr","nm":"c","bm":0,"it":[{"ty":"sh","nm":"P","ind":0,"ks":{"k":{"i":[[0,-18.568],[18.568,0],[0,18.568],[-18.568,0]],"o":[[0,18.568],[-18.568,0],[0,-18.568],[18.568,0]],"v":[[33.62,0],[0,33.621],[-33.62,0],[0,-33.621]],"c":true},"a":0}},{"ty":"fl","nm":"F","bm":0,"c":{"a":0,"k":[1,0.353,0.616,1]},"o":{"a":0,"k":100},"r":1},{"ty":"tr","o":{"a":0,"k":100},"r":{"a":0,"k":0},"p":{"a":0,"k":[33.87,33.871]},"a":{"a":0,"k":[0,0]},"s":{"a":0,"k":[100,100]},"nm":"T","sk":{"a":0,"k":0},"sa":{"a":0,"k":0}}]}],"ip":0,"op":60,"st":0}]},{"id":"comp_7","layers":[{"ind":1,"ty":0,"nm":"P","sr":1,"ks":{"o":{"a":0,"k":100},"r":{"a":0,"k":0},"p":{"a":0,"k":[626,449.75,0]},"a":{"a":0,"k":[90,72,0]},"s":{"a":0,"k":[100,100,100]}},"ip":7,"op":67,"st":7,"refId":"comp_6","h":144,"w":180},{"ind":2,"ty":4,"nm":"e","sr":1,"ks":{"o":{"a":0,"k":100},"r":{"a":0,"k":0},"p":{"k":[{"i":{"x":0.667,"y":1},"o":{"x":0.333,"y":0},"t":0,"s":[720,850,0],"ti":[0,53.333,0],"to":[0,-53.333,0]},{"t":10,"s":[720,530,0]}],"a":1},"a":{"a":0,"k":[132,80.5,0]},"s":{"a":0,"k":[100,100,100]}},"shapes":[{"ty":"gr","nm":"l","bm":0,"it":[{"ty":"sh","nm":"P","ind":0,"ks":{"k":{"i":[[0,0],[0,0]],"o":[[0,0],[0,0]],"v":[[53.915,57.533],[169.259,57.533]],"c":false},"a":0}},{"ty":"tm","nm":"T","s":{"a":0,"k":0},"e":{"a":1,"k":[{"i":{"x":[0.667],"y":[1]},"o":{"x":[0.623],"y":[0]},"t":17,"s":[0]},{"t":22,"s":[100]}]},"o":{"a":0,"k":0},"m":1},{"ty":"st","nm":"S","bm":0,"lc":2,"lj":2,"o":{"a":0,"k":100},"w":{"a":0,"k":12},"c":{"a":0,"k":[0.314,0,1,1]}},{"ty":"tr","o":{"a":0,"k":100},"r":{"a":0,"k":0},"p":{"a":0,"k":[0,0]},"a":{"a":0,"k":[0,0]},"s":{"a":0,"k":[100,100]},"nm":"T","sk":{"a":0,"k":0},"sa":{"a":0,"k":0}}]},{"ty":"gr","nm":"l","bm":0,"it":[{"ty":"sh","nm":"P","ind":0,"ks":{"k":{"i":[[0,0],[0,0]],"o":[[0,0],[0,0]],"v":[[198.448,57.533],[219.56,57.533]],"c":false},"a":0}},{"ty":"tm","nm":"T","s":{"a":0,"k":0},"e":{"a":1,"k":[{"i":{"x":[0.667],"y":[1]},"o":{"x":[0.623],"y":[0]},"t":20,"s":[0]},{"t":25,"s":[100]}]},"o":{"a":0,"k":0},"m":1},{"ty":"st","nm":"S","bm":0,"lc":2,"lj":2,"o":{"a":0,"k":100},"w":{"a":0,"k":12},"c":{"a":0,"k":[0.314,0,1,1]}},{"ty":"tr","o":{"a":0,"k":100},"r":{"a":0,"k":0},"p":{"a":0,"k":[0,0]},"a":{"a":0,"k":[0,0]},"s":{"a":0,"k":[100,100]},"nm":"T","sk":{"a":0,"k":0},"sa":{"a":0,"k":0}}]},{"ty":"gr","nm":"l","bm":0,"it":[{"ty":"sh","nm":"P","ind":0,"ks":{"k":{"i":[[0,0],[0,0]],"o":[[0,0],[0,0]],"v":[[53.915,85],[131.874,85]],"c":false},"a":0}},{"ty":"tm","nm":"T","s":{"a":0,"k":0},"e":{"a":1,"k":[{"i":{"x":[0.667],"y":[1]},"o":{"x":[0.623],"y":[0]},"t":23,"s":[0]},{"t":28,"s":[100]}]},"o":{"a":0,"k":0},"m":1},{"ty":"st","nm":"S","bm":0,"lc":2,"lj":2,"o":{"a":0,"k":100},"w":{"a":0,"k":12},"c":{"a":0,"k":[0.314,0,1,1]}},{"ty":"tr","o":{"a":0,"k":100},"r":{"a":0,"k":0},"p":{"a":0,"k":[0,0]},"a":{"a":0,"k":[0,0]},"s":{"a":0,"k":[100,100]},"nm":"T","sk":{"a":0,"k":0},"sa":{"a":0,"k":0}}]},{"ty":"gr","nm":"b","bm":0,"it":[{"ty":"sh","nm":"P","ind":0,"ks":{"k":{"i":[[36.348,0],[0,0],[0,-36.347],[-34.204,-2.358],[0,0],[0,0],[0,0],[0,36.347]],"o":[[0,0],[-36.348,0],[0,34.802],[0,0],[0,0],[0,0],[36.348,0],[0,-36.347]],"v":[[65.812,-80.209],[-65.813,-80.209],[-131.625,-14.396],[-70.402,51.239],[-41.433,80.209],[-41.433,51.416],[65.812,51.416],[131.625,-14.396]],"c":true},"a":0}},{"ty":"fl","nm":"F","bm":0,"c":{"a":0,"k":[1,1,1,1]},"o":{"a":0,"k":100},"r":1},{"ty":"tr","o":{"a":0,"k":100},"r":{"a":0,"k":0},"p":{"a":0,"k":[131.875,80.459]},"a":{"a":0,"k":[0,0]},"s":{"a":0,"k":[100,100]},"nm":"T","sk":{"a":0,"k":0},"sa":{"a":0,"k":0}}]}],"ip":0,"op":60,"st":-44}]}],"layers":[{"ind":1,"ty":0,"nm":"R","sr":1,"ks":{"o":{"a":0,"k":100},"r":{"a":0,"k":0},"p":{"k":[{"i":{"x":0.667,"y":1},"o":{"x":0.333,"y":0},"t":20,"s":[870,590,0],"ti":[0,8.333,0],"to":[0,-8.333,0]},{"i":{"x":0.667,"y":0.667},"o":{"x":0.333,"y":0.333},"t":30,"s":[870,540,0],"ti":[0,0,0],"to":[0,0,0]},{"i":{"x":0.667,"y":1},"o":{"x":0.333,"y":0},"t":85,"s":[870,540,0],"ti":[0,-8.333,0],"to":[0,8.333,0]},{"t":95,"s":[870,590,0]}],"a":1},"a":{"a":0,"k":[720,540,0]},"s":{"a":0,"k":[100,100,100]}},"ip":0,"op":100,"st":0,"refId":"comp_0","h":1080,"w":1440},{"ind":2,"ty":4,"nm":"R","sr":1,"ks":{"o":{"a":0,"k":70},"r":{"a":0,"k":0},"p":{"k":[{"i":{"x":0.667,"y":1},"o":{"x":0.333,"y":0},"t":21,"s":[514.619,832.182,0],"ti":[15.5,0,0],"to":[-15.5,0,0]},{"i":{"x":0.667,"y":0.667},"o":{"x":0.333,"y":0.333},"t":31,"s":[421.619,832.182,0],"ti":[0,0,0],"to":[0,0,0]},{"i":{"x":0.667,"y":1},"o":{"x":0.333,"y":0},"t":86,"s":[421.619,832.182,0],"ti":[-15.5,0,0],"to":[15.5,0,0]},{"t":96,"s":[514.619,832.182,0]}],"a":1},"a":{"a":0,"k":[164.624,19.979,0]},"s":{"k":[{"i":{"x":[0.667,0.667,0.667],"y":[1,1,1]},"o":{"x":[0.333,0.333,0.333],"y":[0,0,0]},"t":21,"s":[80,100,100]},{"i":{"x":[0.667,0.667,0.667],"y":[1,1,1]},"o":{"x":[0.333,0.333,0.333],"y":[0,0,0]},"t":31,"s":[70,100,100]},{"i":{"x":[0.667,0.667,0.667],"y":[1,1,1]},"o":{"x":[0.333,0.333,0.333],"y":[0,0,0]},"t":86,"s":[70,100,100]},{"t":96,"s":[80,100,100]}],"a":1}},"shapes":[{"ty":"gr","nm":"G","bm":0,"it":[{"ty":"sh","nm":"P","ind":0,"ks":{"k":{"i":[[0,-10.896],[90.781,0],[0,10.896],[-90.781,0]],"o":[[0,10.896],[-90.781,0],[0,-10.896],[90.781,0]],"v":[[164.374,0.001],[0,19.73],[-164.374,0.001],[0,-19.73]],"c":true},"a":0}},{"ty":"fl","nm":"F","bm":0,"c":{"a":0,"k":[0.059,0,0.639,1]},"o":{"a":0,"k":100},"r":1},{"ty":"tr","o":{"a":0,"k":100},"r":{"a":0,"k":0},"p":{"a":0,"k":[164.624,19.979]},"a":{"a":0,"k":[0,0]},"s":{"a":0,"k":[100,100]},"nm":"T","sk":{"a":0,"k":0},"sa":{"a":0,"k":0}}]}],"ip":0,"op":120,"st":0},{"ind":3,"ty":4,"nm":"M","sr":1,"ks":{"o":{"a":0,"k":100},"r":{"a":0,"k":0},"p":{"a":0,"k":[889.971,539.671,0]},"a":{"a":0,"k":[170.062,312.087,0]},"s":{"a":0,"k":[100,100,100]}},"shapes":[{"ty":"gr","nm":"s","bm":0,"it":[{"ty":"sh","nm":"P","ind":0,"ks":{"k":{"i":[[0,0],[0,0],[0,0],[0,0]],"o":[[0,0],[0,0],[0,0],[0,0]],"v":[[-157.462,259.35],[157.462,259.35],[157.462,-259.35],[-157.462,-259.35]],"c":true},"a":0}},{"ty":"fl","nm":"F","bm":0,"c":{"a":0,"k":[1,1,1,1]},"o":{"a":0,"k":100},"r":1},{"ty":"tr","o":{"a":0,"k":100},"r":{"a":0,"k":0},"p":{"a":0,"k":[170.062,298.728]},"a":{"a":0,"k":[0,0]},"s":{"a":0,"k":[100,100]},"nm":"T","sk":{"a":0,"k":0},"sa":{"a":0,"k":0}}]}],"ip":0,"op":120,"st":0,"td":1},{"ind":4,"ty":0,"nm":"C","sr":1,"ks":{"o":{"a":0,"k":100},"r":{"a":0,"k":0},"p":{"a":0,"k":[890,556,0]},"a":{"a":0,"k":[720,540,0]},"s":{"a":0,"k":[100,100,100]}},"ip":0,"op":100,"st":0,"tt":1,"refId":"comp_2","h":1080,"w":1440},{"ind":5,"ty":4,"nm":"M","sr":1,"ks":{"o":{"a":0,"k":100},"r":{"a":0,"k":0},"p":{"a":0,"k":[889.971,539.671,0]},"a":{"a":0,"k":[170.062,312.087,0]},"s":{"a":0,"k":[100,100,100]}},"shapes":[{"ty":"gr","nm":"b","bm":0,"it":[{"ty":"sh","nm":"P","ind":0,"ks":{"k":{"i":[[0,-10.231],[10.231,0],[0,10.23],[-10.232,0]],"o":[[0,10.23],[-10.232,0],[0,-10.231],[10.231,0]],"v":[[18.525,0],[0.001,18.524],[-18.525,0],[0.001,-18.525]],"c":true},"a":0}},{"ty":"fl","nm":"F","bm":0,"c":{"a":0,"k":[0.314,0,1,1]},"o":{"a":0,"k":100},"r":1},{"ty":"tr","o":{"a":0,"k":100},"r":{"a":0,"k":0},"p":{"a":0,"k":[170.062,591.275]},"a":{"a":0,"k":[0,0]},"s":{"a":0,"k":[100,100]},"nm":"T","sk":{"a":0,"k":0},"sa":{"a":0,"k":0}}]},{"ty":"gr","nm":"s","bm":0,"it":[{"ty":"sh","nm":"P","ind":0,"ks":{"k":{"i":[[0,0],[0,0],[0,0],[0,0]],"o":[[0,0],[0,0],[0,0],[0,0]],"v":[[-157.462,259.35],[157.462,259.35],[157.462,-259.35],[-157.462,-259.35]],"c":true},"a":0}},{"ty":"gf","s":{"a":0,"k":[3.375,330.422]},"e":{"a":0,"k":[13.469,-248.766]},"t":1,"g":{"k":{"a":0,"k":[0,0.314,0,1,0.5,0.657,0.176,0.808,0.999,1,0.353,0.616]},"p":3},"nm":"G","bm":0,"o":{"a":0,"k":100},"r":1},{"ty":"tr","o":{"a":0,"k":100},"r":{"a":0,"k":0},"p":{"a":0,"k":[170.062,298.728]},"a":{"a":0,"k":[0,0]},"s":{"a":0,"k":[100,100]},"nm":"T","sk":{"a":0,"k":0},"sa":{"a":0,"k":0}}]},{"ty":"gr","nm":"m","bm":0,"it":[{"ty":"sh","nm":"P","ind":0,"ks":{"k":{"i":[[13.642,0],[0,0],[0,13.64],[0,0],[-13.641,0],[0,0],[0,-13.641],[0,0]],"o":[[0,0],[-13.641,0],[0,0],[0,-13.641],[0,0],[13.642,0],[0,0],[0,13.64]],"v":[[145.113,311.837],[-145.113,311.837],[-169.812,287.138],[-169.812,-287.137],[-145.113,-311.837],[145.113,-311.837],[169.812,-287.137],[169.812,287.138]],"c":true},"a":0}},{"ty":"fl","nm":"F","bm":0,"c":{"a":0,"k":[1,1,1,1]},"o":{"a":0,"k":100},"r":1},{"ty":"tr","o":{"a":0,"k":100},"r":{"a":0,"k":0},"p":{"a":0,"k":[170.062,312.088]},"a":{"a":0,"k":[0,0]},"s":{"a":0,"k":[100,100]},"nm":"T","sk":{"a":0,"k":0},"sa":{"a":0,"k":0}}]}],"ip":0,"op":120,"st":0},{"ind":6,"ty":4,"nm":"B","sr":1,"ks":{"o":{"a":0,"k":100},"r":{"a":0,"k":0},"p":{"a":0,"k":[721.286,552.406,0]},"a":{"a":0,"k":[678.24,422.014,0]},"s":{"a":0,"k":[100,100,100]}},"shapes":[{"ty":"gr","nm":"s","bm":0,"it":[{"ty":"sh","nm":"P","ind":0,"ks":{"k":{"i":[[24.667,-5.939],[-5.088,-162.382],[-164.177,-87.296],[-117.705,28.775],[-61.164,-11.999],[-55.169,0],[7.644,209.712],[233.645,25.027],[153.811,0],[127.059,-0.008]],"o":[[-170.194,40.984],[4.318,137.807],[129.657,68.94],[60.088,-14.689],[51.511,10.104],[212.873,0],[-5.062,-138.859],[-133.33,-14.283],[-103.791,0],[-22.287,0.002]],"v":[[-428.615,-413.288],[-672.902,-23.158],[-437.835,352.824],[-69.083,356.102],[120.176,352.985],[364.331,391.069],[670.346,7.801],[367.863,-398.888],[-35.042,-339.674],[-358.288,-421.757]],"c":true},"a":0}},{"ty":"gf","s":{"a":0,"k":[-0.578,-419.984]},"e":{"a":0,"k":[1.609,395.312]},"t":1,"g":{"k":{"a":0,"k":[0,1,0.871,0.992,0.5,0.871,0.886,0.996,1,0.741,0.902,1]},"p":3},"nm":"G","bm":0,"o":{"a":0,"k":100},"r":1},{"ty":"tr","o":{"a":0,"k":100},"r":{"a":0,"k":0},"p":{"a":0,"k":[678.24,422.015]},"a":{"a":0,"k":[0,0]},"s":{"a":0,"k":[100,100]},"nm":"T","sk":{"a":0,"k":0},"sa":{"a":0,"k":0}}]}],"ip":0,"op":100,"st":0}],"markers":[]}