{"nm":"Comp 1","mn":"","layers":[{"ty":0,"nm":"Giftbox","mn":"","sr":1,"st":0,"op":100,"ip":0,"hd":false,"cl":"","ln":"","ddd":0,"bm":0,"hasMask":false,"ao":0,"ks":{"a":{"a":0,"k":[160,160,0],"ix":1},"s":{"a":0,"k":[10,10,100],"ix":6},"sk":{"a":0,"k":0},"p":{"a":0,"k":[16,16,0],"ix":2},"r":{"a":0,"k":0,"ix":10},"sa":{"a":0,"k":0},"o":{"a":0,"k":100,"ix":11}},"ef":[],"w":320,"h":320,"refId":"comp_0","ind":1}],"ddd":0,"h":32,"w":32,"meta":{"a":"","k":"","d":"","g":"LottieFiles AE 0.1.20","tc":"#000000"},"v":"5.5.7","fr":60,"op":100,"ip":0,"assets":[{"nm":"","mn":"","layers":[{"ty":4,"nm":"Shape Layer 2","mn":"","sr":1,"st":0,"op":100,"ip":0,"hd":false,"cl":"","ln":"","ddd":0,"bm":0,"hasMask":false,"ao":0,"ks":{"a":{"a":0,"k":[-2.955,-6.955,0],"ix":1},"s":{"a":0,"k":[100,100,100],"ix":6},"sk":{"a":0,"k":0},"p":{"a":0,"k":[157.045,153.045,0],"ix":2},"r":{"a":0,"k":0,"ix":10},"sa":{"a":0,"k":0},"o":{"a":0,"k":100,"ix":11}},"ef":[],"shapes":[],"ind":1},{"ty":4,"nm":"star 2","mn":"","sr":1,"st":-9,"op":100,"ip":0,"hd":false,"cl":"","ln":"","ddd":0,"bm":0,"hasMask":false,"ao":0,"ks":{"a":{"a":0,"k":[43,43,0],"ix":1},"s":{"a":1,"k":[{"o":{"x":0.25,"y":0},"i":{"x":0.75,"y":1},"s":[0,0,100],"t":18},{"o":{"x":0.25,"y":0},"i":{"x":0.75,"y":1},"s":[40,40,100],"t":28},{"o":{"x":0.25,"y":0},"i":{"x":0.75,"y":1},"s":[60,60,100],"t":48},{"o":{"x":0.167,"y":0.167},"i":{"x":0.833,"y":0.833},"s":[0,0,100],"t":66}],"ix":6},"sk":{"a":0,"k":0},"p":{"a":0,"k":[73,275,0],"ix":2},"r":{"a":1,"k":[{"o":{"x":0.25,"y":0},"i":{"x":0.75,"y":1},"s":[0],"t":18},{"o":{"x":0.167,"y":0.167},"i":{"x":0.833,"y":0.833},"s":[184],"t":81}],"ix":10},"sa":{"a":0,"k":0},"o":{"a":0,"k":100,"ix":11}},"ef":[],"shapes":[{"ty":"gr","bm":0,"cl":"","ln":"","hd":false,"mn":"ADBE Vector Group","nm":"Group 1","ix":1,"cix":2,"np":2,"it":[{"ty":"sh","bm":0,"cl":"","ln":"","hd":false,"mn":"ADBE Vector Shape - Group","nm":"Path 1","ix":1,"d":1,"ks":{"a":0,"k":{"c":true,"i":[[0,0],[0,0],[8.079,-2.308],[0,0],[0,0],[-2.308,-8.079],[0,0],[0,0],[-8.079,2.308],[0,0],[0,0],[2.307,8.078]],"o":[[0,0],[-2.308,8.078],[0,0],[0,0],[8.079,2.308],[0,0],[0,0],[2.307,-8.079],[0,0],[0,0],[-8.079,-2.308],[0,0]],"v":[[0,-42.413],[-5.713,-22.414],[-22.415,-5.713],[-42.413,0],[-22.415,5.714],[-5.713,22.415],[0,42.413],[5.714,22.415],[22.415,5.714],[42.413,0],[22.415,-5.713],[5.714,-22.414]]},"ix":2}},{"ty":"fl","bm":0,"cl":"","ln":"","hd":false,"mn":"ADBE Vector Graphic - Fill","nm":"Fill 1","c":{"a":0,"k":[0.8,0.9412,0.9412],"ix":4},"r":1,"o":{"a":0,"k":100,"ix":5}},{"ty":"tr","a":{"a":0,"k":[0,0],"ix":1},"s":{"a":0,"k":[100,100],"ix":3},"sk":{"a":0,"k":0,"ix":4},"p":{"a":0,"k":[42.663,42.663],"ix":2},"r":{"a":0,"k":0,"ix":6},"sa":{"a":0,"k":0,"ix":5},"o":{"a":0,"k":100,"ix":7}}]}],"ind":2},{"ty":4,"nm":"star","mn":"","sr":1,"st":0,"op":100,"ip":0,"hd":false,"cl":"","ln":"","ddd":0,"bm":0,"hasMask":false,"ao":0,"ks":{"a":{"a":0,"k":[43,43,0],"ix":1},"s":{"a":1,"k":[{"o":{"x":0.25,"y":0},"i":{"x":0.75,"y":1},"s":[0,0,100],"t":27},{"o":{"x":0.25,"y":0},"i":{"x":0.75,"y":1},"s":[51,51,100],"t":37},{"o":{"x":0.25,"y":0},"i":{"x":0.75,"y":1},"s":[84,84,100],"t":57},{"o":{"x":0.167,"y":0.167},"i":{"x":0.833,"y":0.833},"s":[0,0,100],"t":75}],"ix":6},"sk":{"a":0,"k":0},"p":{"a":0,"k":[272,113,0],"ix":2},"r":{"a":1,"k":[{"o":{"x":0.25,"y":0},"i":{"x":0.75,"y":1},"s":[0],"t":27},{"o":{"x":0.167,"y":0.167},"i":{"x":0.833,"y":0.833},"s":[135],"t":83}],"ix":10},"sa":{"a":0,"k":0},"o":{"a":0,"k":100,"ix":11}},"ef":[],"shapes":[{"ty":"gr","bm":0,"cl":"","ln":"","hd":false,"mn":"ADBE Vector Group","nm":"Group 1","ix":1,"cix":2,"np":2,"it":[{"ty":"sh","bm":0,"cl":"","ln":"","hd":false,"mn":"ADBE Vector Shape - Group","nm":"Path 1","ix":1,"d":1,"ks":{"a":0,"k":{"c":true,"i":[[0,0],[0,0],[8.079,-2.308],[0,0],[0,0],[-2.308,-8.079],[0,0],[0,0],[-8.079,2.308],[0,0],[0,0],[2.307,8.078]],"o":[[0,0],[-2.308,8.078],[0,0],[0,0],[8.079,2.308],[0,0],[0,0],[2.307,-8.079],[0,0],[0,0],[-8.079,-2.308],[0,0]],"v":[[0,-42.413],[-5.713,-22.414],[-22.415,-5.713],[-42.413,0],[-22.415,5.714],[-5.713,22.415],[0,42.413],[5.714,22.415],[22.415,5.714],[42.413,0],[22.415,-5.713],[5.714,-22.414]]},"ix":2}},{"ty":"fl","bm":0,"cl":"","ln":"","hd":false,"mn":"ADBE Vector Graphic - Fill","nm":"Fill 1","c":{"a":0,"k":[0.8,0.9412,0.9412],"ix":4},"r":1,"o":{"a":0,"k":100,"ix":5}},{"ty":"tr","a":{"a":0,"k":[0,0],"ix":1},"s":{"a":0,"k":[100,100],"ix":3},"sk":{"a":0,"k":0,"ix":4},"p":{"a":0,"k":[42.663,42.663],"ix":2},"r":{"a":0,"k":0,"ix":6},"sa":{"a":0,"k":0,"ix":5},"o":{"a":0,"k":100,"ix":7}}]}],"ind":3},{"ty":4,"nm":"top","mn":"","sr":1,"st":0,"op":100,"ip":0,"hd":false,"cl":"","ln":"","ddd":0,"bm":0,"hasMask":false,"ao":0,"ks":{"a":{"a":0,"k":[50.5,19.094,0],"ix":1},"s":{"a":0,"k":[100,100,100],"ix":6},"sk":{"a":0,"k":0},"p":{"a":1,"k":[{"o":{"x":0.33,"y":0},"i":{"x":0.67,"y":1},"s":[42.5,13.826,0],"t":15,"ti":[0,-0.145,0],"to":[0,0.715,0]},{"o":{"x":0.33,"y":0},"i":{"x":0.67,"y":1},"s":[42.5,18.113,0],"t":25,"ti":[0,0,0],"to":[0,0.145,0]},{"o":{"x":0.33,"y":0},"i":{"x":0.67,"y":1},"s":[42.5,14.699,0],"t":38,"ti":[0,0.145,0],"to":[0,0,0]},{"o":{"x":0.33,"y":0},"i":{"x":0.67,"y":1},"s":[42.5,18.113,0],"t":51,"ti":[0,0.715,0],"to":[0,-0.145,0]},{"o":{"x":0.167,"y":0.167},"i":{"x":0.833,"y":0.833},"s":[42.5,13.826,0],"t":60}],"ix":2},"r":{"a":0,"k":0,"ix":10},"sa":{"a":0,"k":0},"o":{"a":0,"k":100,"ix":11}},"ef":[],"shapes":[{"ty":"gr","bm":0,"cl":"","ln":"","hd":false,"mn":"ADBE Vector Group","nm":"Group 1","ix":1,"cix":2,"np":2,"it":[{"ty":"sh","bm":0,"cl":"","ln":"","hd":false,"mn":"ADBE Vector Shape - Group","nm":"Path 1","ix":1,"d":1,"ks":{"a":1,"k":[{"o":{"x":0.33,"y":0},"i":{"x":0.67,"y":1},"s":[{"c":true,"i":[[0,0],[0,0],[0,0],[0,0]],"o":[[0,0],[0,0],[0,0],[0,0]],"v":[[-10.613,12.607],[10.613,12.607],[10.613,-12.607],[-10.613,-12.607]]}],"t":15},{"o":{"x":0.33,"y":0},"i":{"x":0.67,"y":1},"s":[{"c":true,"i":[[0,0],[0,0],[0,0],[0,0]],"o":[[0,0],[0,0],[0,0],[0,0]],"v":[[-10.613,12.607],[10.613,12.607],[10.651,-11.178],[-10.574,-11.178]]}],"t":25},{"o":{"x":0.167,"y":0.167},"i":{"x":0.833,"y":0.833},"s":[{"c":true,"i":[[0,0],[0,0],[0,0],[0,0]],"o":[[0,0],[0,0],[0,0],[0,0]],"v":[[-10.613,12.607],[10.613,12.607],[10.613,-12.607],[-10.613,-12.607]]}],"t":51}],"ix":2}},{"ty":"fl","bm":0,"cl":"","ln":"","hd":false,"mn":"ADBE Vector Graphic - Fill","nm":"Fill 1","c":{"a":0,"k":[0.4,0.8235,0.8235],"ix":4},"r":1,"o":{"a":0,"k":100,"ix":5}},{"ty":"tr","a":{"a":0,"k":[0,0],"ix":1},"s":{"a":0,"k":[100,100],"ix":3},"sk":{"a":0,"k":0,"ix":4},"p":{"a":0,"k":[50.251,12.857],"ix":2},"r":{"a":0,"k":0,"ix":6},"sa":{"a":0,"k":0,"ix":5},"o":{"a":0,"k":100,"ix":7}}]},{"ty":"gr","bm":0,"cl":"","ln":"","hd":false,"mn":"ADBE Vector Group","nm":"Group 2","ix":2,"cix":2,"np":2,"it":[{"ty":"sh","bm":0,"cl":"","ln":"","hd":false,"mn":"ADBE Vector Shape - Group","nm":"Path 1","ix":1,"d":1,"ks":{"a":1,"k":[{"o":{"x":0.33,"y":0},"i":{"x":0.67,"y":1},"s":[{"c":true,"i":[[3.768,0],[0,0],[0,3.767],[0,0],[-3.769,0],[0,0],[0,-3.768],[0,0]],"o":[[0,0],[-3.769,0],[0,0],[0,-3.768],[0,0],[3.768,0],[0,0],[0,3.767]],"v":[[43.178,12.607],[-43.177,12.607],[-50,5.785],[-50,-5.785],[-43.177,-12.607],[43.178,-12.607],[50,-5.785],[50,5.785]]}],"t":15},{"o":{"x":0.33,"y":0},"i":{"x":0.67,"y":1},"s":[{"c":true,"i":[[3.768,0],[0,0],[0,3.767],[0,0],[-3.769,0],[0,0],[0,-3.768],[0,0]],"o":[[0,0],[-3.769,0],[0,0],[0,-3.768],[0,0],[3.768,0],[0,0],[0,3.767]],"v":[[43.178,12.607],[-43.177,12.607],[-50,5.785],[-49.975,-4.237],[-43.152,-11.059],[43.203,-11.059],[50.025,-4.237],[50,5.785]]}],"t":25},{"o":{"x":0.167,"y":0.167},"i":{"x":0.833,"y":0.833},"s":[{"c":true,"i":[[3.768,0],[0,0],[0,3.767],[0,0],[-3.769,0],[0,0],[0,-3.768],[0,0]],"o":[[0,0],[-3.769,0],[0,0],[0,-3.768],[0,0],[3.768,0],[0,0],[0,3.767]],"v":[[43.178,12.607],[-43.177,12.607],[-50,5.785],[-50,-5.785],[-43.177,-12.607],[43.178,-12.607],[50,-5.785],[50,5.785]]}],"t":51}],"ix":2}},{"ty":"fl","bm":0,"cl":"","ln":"","hd":false,"mn":"ADBE Vector Graphic - Fill","nm":"Fill 1","c":{"a":0,"k":[0.502,0.851,0.851],"ix":4},"r":1,"o":{"a":0,"k":100,"ix":5}},{"ty":"tr","a":{"a":0,"k":[0,0],"ix":1},"s":{"a":0,"k":[100,100],"ix":3},"sk":{"a":0,"k":0,"ix":4},"p":{"a":0,"k":[50.25,12.857],"ix":2},"r":{"a":0,"k":0,"ix":6},"sa":{"a":0,"k":0,"ix":5},"o":{"a":0,"k":100,"ix":7}}]}],"ind":4,"parent":6},{"ty":4,"nm":"shadow","mn":"","sr":1,"st":0,"op":100,"ip":0,"hd":false,"cl":"","ln":"","ddd":0,"bm":0,"hasMask":false,"ao":0,"ks":{"a":{"a":0,"k":[42.5,12.5,0],"ix":1},"s":{"a":0,"k":[100,100,100],"ix":6},"sk":{"a":0,"k":0},"p":{"a":0,"k":[42.5,22.862,0],"ix":2},"r":{"a":0,"k":0,"ix":10},"sa":{"a":0,"k":0},"o":{"a":0,"k":20,"ix":11}},"ef":[],"shapes":[{"ty":"sh","bm":0,"cl":"","ln":"","hd":false,"mn":"ADBE Vector Shape - Group","nm":"Path 1","ix":1,"d":1,"ks":{"a":1,"k":[{"o":{"x":0.33,"y":0},"i":{"x":0.67,"y":1},"s":[{"c":true,"i":[[0,-1.263],[0,0],[0,0],[0,0],[0.404,1.124],[0,0]],"o":[[0,0],[0,0],[0,0],[0,-1.263],[0,0],[-0.404,1.124]],"v":[[0,3.593],[0,17.905],[84.299,24.149],[84.299,3.593],[83.663,0],[0.636,0]]}],"t":15},{"o":{"x":0.33,"y":0},"i":{"x":0.67,"y":1},"s":[{"c":true,"i":[[0,-1.263],[0,0],[0,0],[0,0],[0.404,1.124],[0,0]],"o":[[0,0],[0,0],[0,0],[0,-1.263],[0,0],[-0.404,1.124]],"v":[[0,3.593],[-0.057,16.357],[84.26,18.433],[84.299,3.593],[83.663,0],[0.636,0]]}],"t":25},{"o":{"x":0.33,"y":0},"i":{"x":0.67,"y":1},"s":[{"c":true,"i":[[0,-1.263],[0,0],[0,0],[0,0],[0.404,1.124],[0,0]],"o":[[0,0],[0,0],[0,0],[0,-1.263],[0,0],[-0.404,1.124]],"v":[[0,3.593],[0.047,18.817],[84.346,25.061],[84.299,3.593],[83.663,0],[0.636,0]]}],"t":38},{"o":{"x":0.33,"y":0},"i":{"x":0.67,"y":1},"s":[{"c":true,"i":[[0,-1.263],[0,0],[0,0],[0,0],[0.404,1.124],[0,0]],"o":[[0,0],[0,0],[0,0],[0,-1.263],[0,0],[-0.404,1.124]],"v":[[0,3.593],[-0.057,16.357],[84.26,18.433],[84.299,3.593],[83.663,0],[0.636,0]]}],"t":51},{"o":{"x":0.167,"y":0.167},"i":{"x":0.833,"y":0.833},"s":[{"c":true,"i":[[0,-1.263],[0,0],[0,0],[0,0],[0.404,1.124],[0,0]],"o":[[0,0],[0,0],[0,0],[0,-1.263],[0,0],[-0.404,1.124]],"v":[[0,3.593],[0,17.905],[84.299,24.149],[84.299,3.593],[83.663,0],[0.636,0]]}],"t":60}],"ix":2}},{"ty":"fl","bm":0,"cl":"","ln":"","hd":false,"mn":"ADBE Vector Graphic - Fill","nm":"Fill 1","c":{"a":0,"k":[0,0.5647,0.5647],"ix":4},"r":1,"o":{"a":0,"k":100,"ix":5}}],"ind":5,"parent":6},{"ty":4,"nm":"bottom","mn":"","sr":1,"st":0,"op":100,"ip":0,"hd":false,"cl":"","ln":"","ddd":0,"bm":0,"hasMask":false,"ao":0,"ks":{"a":{"a":0,"k":[42.399,67.111,0],"ix":1},"s":{"a":1,"k":[{"o":{"x":0.33,"y":0},"i":{"x":0.67,"y":1},"s":[237.934,237.934,100],"t":15},{"o":{"x":0.33,"y":0},"i":{"x":0.67,"y":1},"s":[237.934,209.934,100],"t":25},{"o":{"x":0.33,"y":0},"i":{"x":0.67,"y":1},"s":[210,236,100],"t":38},{"o":{"x":0.33,"y":0},"i":{"x":0.67,"y":1},"s":[218,236,100],"t":47},{"o":{"x":0.33,"y":0},"i":{"x":0.67,"y":1},"s":[248,210,100],"t":54},{"o":{"x":0.167,"y":0.167},"i":{"x":0.833,"y":0.833},"s":[237.934,237.934,100],"t":63}],"ix":6},"sk":{"a":0,"k":0},"p":{"a":1,"k":[{"o":{"x":0.33,"y":0},"i":{"x":0.67,"y":1},"s":[159.761,297.283,0],"t":25,"ti":[0,0,0],"to":[0,-8.547,0]},{"o":{"x":0.33,"y":0},"i":{"x":0.67,"y":1},"s":[159.761,246,0],"t":38,"ti":[0,-8.547,0],"to":[0,0,0]},{"o":{"x":0.167,"y":0.167},"i":{"x":0.833,"y":0.833},"s":[159.761,297.283,0],"t":51}],"ix":2},"r":{"a":0,"k":0,"ix":10},"sa":{"a":0,"k":0},"o":{"a":0,"k":100,"ix":11}},"ef":[],"shapes":[{"ty":"gr","bm":0,"cl":"","ln":"","hd":false,"mn":"ADBE Vector Group","nm":"Group 1","ix":1,"cix":2,"np":2,"it":[{"ty":"sh","bm":0,"cl":"","ln":"","hd":false,"mn":"ADBE Vector Shape - Group","nm":"Path 1","ix":1,"d":1,"ks":{"a":0,"k":{"c":true,"i":[[0,0],[0,0],[0,0],[0,0]],"o":[[0,0],[0,0],[0,0],[0,0]],"v":[[-10.067,33.43],[10.067,33.43],[10.067,-33.43],[-10.067,-33.43]]},"ix":2}},{"ty":"fl","bm":0,"cl":"","ln":"","hd":false,"mn":"ADBE Vector Graphic - Fill","nm":"Fill 1","c":{"a":0,"k":[0.2,0.7647,0.7647],"ix":4},"r":1,"o":{"a":0,"k":100,"ix":5}},{"ty":"tr","a":{"a":0,"k":[0,0],"ix":1},"s":{"a":0,"k":[100,100],"ix":3},"sk":{"a":0,"k":0,"ix":4},"p":{"a":0,"k":[42.4,33.681],"ix":2},"r":{"a":0,"k":0,"ix":6},"sa":{"a":0,"k":0,"ix":5},"o":{"a":0,"k":100,"ix":7}}]},{"ty":"gr","bm":0,"cl":"","ln":"","hd":false,"mn":"ADBE Vector Group","nm":"Group 2","ix":2,"cix":2,"np":2,"it":[{"ty":"sh","bm":0,"cl":"","ln":"","hd":false,"mn":"ADBE Vector Shape - Group","nm":"Path 1","ix":1,"d":1,"ks":{"a":0,"k":{"c":true,"i":[[5.885,0],[0,0],[0,5.884],[0,0],[-5.884,0],[0,0],[0,-5.885],[0,0]],"o":[[0,0],[-5.884,0],[0,0],[0,-5.885],[0,0],[5.885,0],[0,0],[0,5.884]],"v":[[31.495,33.43],[-31.495,33.43],[-42.15,22.775],[-42.15,-22.776],[-31.495,-33.43],[31.495,-33.43],[42.15,-22.776],[42.15,22.775]]},"ix":2}},{"ty":"fl","bm":0,"cl":"","ln":"","hd":false,"mn":"ADBE Vector Graphic - Fill","nm":"Fill 1","c":{"a":0,"k":[0.8,0.9412,0.9412],"ix":4},"r":1,"o":{"a":0,"k":100,"ix":5}},{"ty":"tr","a":{"a":0,"k":[0,0],"ix":1},"s":{"a":0,"k":[100,100],"ix":3},"sk":{"a":0,"k":0,"ix":4},"p":{"a":0,"k":[42.399,33.681],"ix":2},"r":{"a":0,"k":0,"ix":6},"sa":{"a":0,"k":0,"ix":5},"o":{"a":0,"k":100,"ix":7}}]}],"ind":6},{"ty":4,"nm":"ribbon_1","mn":"","sr":1,"st":0,"op":100,"ip":0,"hd":false,"cl":"","ln":"","ddd":0,"bm":0,"hasMask":false,"ao":0,"ks":{"a":{"a":0,"k":[39.29,36.92,0],"ix":1},"s":{"a":0,"k":[100,100,100],"ix":6},"sk":{"a":0,"k":0},"p":{"a":0,"k":[43.971,0.587,0],"ix":2},"r":{"a":1,"k":[{"o":{"x":0.33,"y":0},"i":{"x":0.667,"y":1},"s":[0],"t":15},{"o":{"x":0.33,"y":0},"i":{"x":0.67,"y":1},"s":[-11],"t":32},{"o":{"x":0.33,"y":0},"i":{"x":0.67,"y":1},"s":[16],"t":48},{"o":{"x":0.33,"y":0},"i":{"x":0.67,"y":1},"s":[-14],"t":60},{"o":{"x":0.167,"y":0.167},"i":{"x":0.833,"y":0.833},"s":[0],"t":71}],"ix":10},"sa":{"a":0,"k":0},"o":{"a":0,"k":100,"ix":11}},"ef":[],"shapes":[{"ty":"gr","bm":0,"cl":"","ln":"","hd":false,"mn":"ADBE Vector Group","nm":"Group 1","ix":1,"cix":2,"np":2,"it":[{"ty":"sh","bm":0,"cl":"","ln":"","hd":false,"mn":"ADBE Vector Shape - Group","nm":"Path 1","ix":1,"d":1,"ks":{"a":1,"k":[{"o":{"x":0.33,"y":0},"i":{"x":0.67,"y":1},"s":[{"c":true,"i":[[6.687,8.563],[4.092,-0.083],[-2.316,1.328],[0,0]],"o":[[-4.734,7.657],[8.935,4.927],[2.531,-1.45],[0,0]],"v":[[7.283,-11.125],[-19.596,-2.587],[10.672,9.797],[19.596,4.987]]}],"t":32},{"o":{"x":0.33,"y":0},"i":{"x":0.67,"y":1},"s":[{"c":true,"i":[[6.371,9.243],[4.092,-0.083],[-2.316,1.328],[0,0]],"o":[[-4.734,7.657],[8.731,5.589],[2.531,-1.45],[0,0]],"v":[[7.252,-11.232],[-18.266,-2.36],[10.671,9.797],[19.596,4.987]]}],"t":44},{"o":{"x":0.167,"y":0.167},"i":{"x":0.833,"y":0.833},"s":[{"c":true,"i":[[6.687,8.563],[4.092,-0.083],[-2.316,1.328],[0,0]],"o":[[-4.734,7.657],[8.935,4.927],[2.531,-1.45],[0,0]],"v":[[7.283,-11.125],[-19.596,-2.587],[10.672,9.797],[19.596,4.987]]}],"t":58}],"ix":2}},{"ty":"fl","bm":0,"cl":"","ln":"","hd":false,"mn":"ADBE Vector Graphic - Fill","nm":"Fill 1","c":{"a":0,"k":[0,0.7059,0.7059],"ix":4},"r":1,"o":{"a":0,"k":100,"ix":5}},{"ty":"tr","a":{"a":0,"k":[0,0],"ix":1},"s":{"a":0,"k":[100,100],"ix":3},"sk":{"a":0,"k":0,"ix":4},"p":{"a":0,"k":[29.525,31.807],"ix":2},"r":{"a":0,"k":0,"ix":6},"sa":{"a":0,"k":0,"ix":5},"o":{"a":0,"k":100,"ix":7}}]},{"ty":"gr","bm":0,"cl":"","ln":"","hd":false,"mn":"ADBE Vector Group","nm":"Group 2","ix":2,"cix":2,"np":2,"it":[{"ty":"sh","bm":0,"cl":"","ln":"","hd":false,"mn":"ADBE Vector Shape - Group","nm":"Path 1","ix":1,"d":1,"ks":{"a":1,"k":[{"o":{"x":0.33,"y":0},"i":{"x":0.67,"y":1},"s":[{"c":true,"i":[[0,0],[9.061,11.233],[6.628,-7.01],[-7.471,-4.472],[-2.53,1.45]],"o":[[0,0],[-9.248,-11.466],[-6.627,7.01],[7.471,4.472],[2.531,-1.45]],"v":[[24.436,15.142],[5.686,-9.091],[-14.574,-14.392],[-16.965,6.307],[15.511,19.952]]}],"t":32},{"o":{"x":0.33,"y":0},"i":{"x":0.67,"y":1},"s":[{"c":true,"i":[[0,0],[6.708,12.778],[6.351,-7.262],[-5.082,-3.735],[-2.53,1.45]],"o":[[0,0],[-7.767,-14.796],[-8.104,9.268],[7.016,5.156],[2.531,-1.45]],"v":[[24.436,15.142],[6.161,-10.965],[-14.406,-17.336],[-14.892,6.871],[15.511,19.952]]}],"t":44},{"o":{"x":0.167,"y":0.167},"i":{"x":0.833,"y":0.833},"s":[{"c":true,"i":[[0,0],[9.061,11.233],[6.628,-7.01],[-7.471,-4.472],[-2.53,1.45]],"o":[[0,0],[-9.248,-11.466],[-6.627,7.01],[7.471,4.472],[2.531,-1.45]],"v":[[24.436,15.142],[5.686,-9.091],[-14.574,-14.392],[-16.965,6.307],[15.511,19.952]]}],"t":58}],"ix":2}},{"ty":"fl","bm":0,"cl":"","ln":"","hd":false,"mn":"ADBE Vector Graphic - Fill","nm":"Fill 1","c":{"a":0,"k":[0.2,0.7647,0.7647],"ix":4},"r":1,"o":{"a":0,"k":100,"ix":5}},{"ty":"tr","a":{"a":0,"k":[0,0],"ix":1},"s":{"a":0,"k":[100,100],"ix":3},"sk":{"a":0,"k":0,"ix":4},"p":{"a":0,"k":[24.686,21.652],"ix":2},"r":{"a":0,"k":0,"ix":6},"sa":{"a":0,"k":0,"ix":5},"o":{"a":0,"k":100,"ix":7}}]}],"ind":7,"parent":6},{"ty":4,"nm":"ribbon_2","mn":"","sr":1,"st":0,"op":100,"ip":0,"hd":false,"cl":"","ln":"","ddd":0,"bm":0,"hasMask":false,"ao":0,"ks":{"a":{"a":0,"k":[7.904,31.219,0],"ix":1},"s":{"a":0,"k":[97.777,97.777,100],"ix":6},"sk":{"a":0,"k":0},"p":{"a":0,"k":[43.341,-1.199,0],"ix":2},"r":{"a":1,"k":[{"o":{"x":0.33,"y":0},"i":{"x":0.67,"y":1},"s":[0],"t":15},{"o":{"x":0.33,"y":0},"i":{"x":0.67,"y":1},"s":[10],"t":31},{"o":{"x":0.33,"y":0},"i":{"x":0.67,"y":1},"s":[-23],"t":44},{"o":{"x":0.33,"y":0},"i":{"x":0.67,"y":1},"s":[14],"t":58},{"o":{"x":0.167,"y":0.167},"i":{"x":0.833,"y":0.833},"s":[0],"t":69}],"ix":10},"sa":{"a":0,"k":0},"o":{"a":0,"k":100,"ix":11}},"ef":[],"shapes":[{"ty":"gr","bm":0,"cl":"","ln":"","hd":false,"mn":"ADBE Vector Group","nm":"Group 1","ix":1,"cix":2,"np":2,"it":[{"ty":"sh","bm":0,"cl":"","ln":"","hd":false,"mn":"ADBE Vector Shape - Group","nm":"Path 1","ix":1,"d":1,"ks":{"a":0,"k":{"c":true,"i":[[3.556,1.714],[3.426,-2.476],[-1.503,-2.013],[0,0],[-1.529,0.115],[-7.162,5.481]],"o":[[-3.059,2.932],[-2.036,1.472],[0,0],[0.917,1.228],[11.527,-0.87],[-11.272,0.402]],"v":[[-6.38,-8.212],[-16.181,-0.124],[-17.157,6.219],[-16.999,6.294],[-13.069,8.097],[18.66,-2.547]]},"ix":2}},{"ty":"fl","bm":0,"cl":"","ln":"","hd":false,"mn":"ADBE Vector Graphic - Fill","nm":"Fill 1","c":{"a":0,"k":[0.2,0.7647,0.7647],"ix":4},"r":1,"o":{"a":0,"k":100,"ix":5}},{"ty":"tr","a":{"a":0,"k":[0,0],"ix":1},"s":{"a":0,"k":[100,100],"ix":3},"sk":{"a":0,"k":0,"ix":4},"p":{"a":0,"k":[18.91,28.352],"ix":2},"r":{"a":0,"k":0,"ix":6},"sa":{"a":0,"k":0,"ix":5},"o":{"a":0,"k":100,"ix":7}}]},{"ty":"gr","bm":0,"cl":"","ln":"","hd":false,"mn":"ADBE Vector Group","nm":"Group 2","ix":2,"cix":2,"np":2,"it":[{"ty":"sh","bm":0,"cl":"","ln":"","hd":false,"mn":"ADBE Vector Shape - Group","nm":"Path 1","ix":1,"d":1,"ks":{"a":0,"k":{"c":true,"i":[[-2.036,1.471],[-4.844,8.966],[-4.7,-3.19],[1.848,-5.172],[15.547,-1.172],[0.917,1.228],[0,0]],"o":[[8.203,-5.928],[3.244,-6.004],[2.938,1.994],[-2.91,8.143],[-1.529,0.115],[0,0],[-1.503,-2.012]],"v":[[-19.624,9.822],[1.02,-12.152],[11.32,-14.081],[20.255,1.327],[-16.512,18.042],[-20.441,16.24],[-20.6,16.163]]},"ix":2}},{"ty":"fl","bm":0,"cl":"","ln":"","hd":false,"mn":"ADBE Vector Graphic - Fill","nm":"Fill 1","c":{"a":0,"k":[0.4,0.8235,0.8235],"ix":4},"r":1,"o":{"a":0,"k":100,"ix":5}},{"ty":"tr","a":{"a":0,"k":[0,0],"ix":1},"s":{"a":0,"k":[100,100],"ix":3},"sk":{"a":0,"k":0,"ix":4},"p":{"a":0,"k":[22.353,18.406],"ix":2},"r":{"a":0,"k":0,"ix":6},"sa":{"a":0,"k":0,"ix":5},"o":{"a":0,"k":100,"ix":7}}]}],"ind":8,"parent":6},{"ty":4,"nm":"star 3","mn":"","sr":1,"st":23,"op":100,"ip":32,"hd":false,"cl":"","ln":"","ddd":0,"bm":0,"hasMask":false,"ao":0,"ks":{"a":{"a":0,"k":[43,43,0],"ix":1},"s":{"a":1,"k":[{"o":{"x":0.25,"y":0},"i":{"x":0.75,"y":1},"s":[0,0,100],"t":50},{"o":{"x":0.25,"y":0},"i":{"x":0.75,"y":1},"s":[40,40,100],"t":60},{"o":{"x":0.25,"y":0},"i":{"x":0.75,"y":1},"s":[60,60,100],"t":80},{"o":{"x":0.167,"y":0.167},"i":{"x":0.833,"y":0.833},"s":[0,0,100],"t":98}],"ix":6},"sk":{"a":0,"k":0},"p":{"a":0,"k":[81,81,0],"ix":2},"r":{"a":1,"k":[{"o":{"x":0.25,"y":0},"i":{"x":0.75,"y":1},"s":[0],"t":50},{"o":{"x":0.167,"y":0.167},"i":{"x":0.833,"y":0.833},"s":[184],"t":113}],"ix":10},"sa":{"a":0,"k":0},"o":{"a":0,"k":100,"ix":11}},"ef":[],"shapes":[{"ty":"gr","bm":0,"cl":"","ln":"","hd":false,"mn":"ADBE Vector Group","nm":"Group 1","ix":1,"cix":2,"np":2,"it":[{"ty":"sh","bm":0,"cl":"","ln":"","hd":false,"mn":"ADBE Vector Shape - Group","nm":"Path 1","ix":1,"d":1,"ks":{"a":0,"k":{"c":true,"i":[[0,0],[0,0],[8.079,-2.308],[0,0],[0,0],[-2.308,-8.079],[0,0],[0,0],[-8.079,2.308],[0,0],[0,0],[2.307,8.078]],"o":[[0,0],[-2.308,8.078],[0,0],[0,0],[8.079,2.308],[0,0],[0,0],[2.307,-8.079],[0,0],[0,0],[-8.079,-2.308],[0,0]],"v":[[0,-42.413],[-5.713,-22.414],[-22.415,-5.713],[-42.413,0],[-22.415,5.714],[-5.713,22.415],[0,42.413],[5.714,22.415],[22.415,5.714],[42.413,0],[22.415,-5.713],[5.714,-22.414]]},"ix":2}},{"ty":"fl","bm":0,"cl":"","ln":"","hd":false,"mn":"ADBE Vector Graphic - Fill","nm":"Fill 1","c":{"a":0,"k":[0.8,0.9412,0.9412],"ix":4},"r":1,"o":{"a":0,"k":100,"ix":5}},{"ty":"tr","a":{"a":0,"k":[0,0],"ix":1},"s":{"a":0,"k":[100,100],"ix":3},"sk":{"a":0,"k":0,"ix":4},"p":{"a":0,"k":[42.663,42.663],"ix":2},"r":{"a":0,"k":0,"ix":6},"sa":{"a":0,"k":0,"ix":5},"o":{"a":0,"k":100,"ix":7}}]}],"ind":9}],"id":"comp_0"}]}