{"nm":"Loading_Dots_Circle","ddd":0,"h":1080,"w":1080,"meta":{"g":"@lottiefiles/toolkit-js 0.26.1"},"layers":[{"ty":4,"nm":"Shape Layer 25","sr":1,"st":54,"op":91,"ip":54,"hd":false,"ddd":0,"bm":0,"hasMask":false,"ao":0,"ks":{"a":{"a":0,"k":[-54.848,161.152,0],"ix":1},"s":{"a":1,"k":[{"o":{"x":0.792,"y":0},"i":{"x":0,"y":1.431},"s":[0,0,100],"t":55.857},{"o":{"x":0.333,"y":0},"i":{"x":0.833,"y":1},"s":[1080,1080,100],"t":69.036},{"o":{"x":0.948,"y":0},"i":{"x":0.667,"y":1},"s":[1080,1080,100],"t":74.893},{"o":{"x":0.792,"y":0},"i":{"x":0.667,"y":1},"s":[0,0,100],"t":86.607},{"s":[0,0,100],"t":91}],"ix":6},"sk":{"a":0,"k":0},"p":{"a":0,"k":[345.786,855.267,0],"ix":2},"r":{"a":0,"k":0,"ix":10},"sa":{"a":0,"k":0},"o":{"a":0,"k":100,"ix":11}},"ef":[],"shapes":[{"ty":"gr","bm":0,"hd":false,"mn":"ADBE Vector Group","nm":"Ellipse 1","ix":1,"cix":2,"np":3,"it":[{"ty":"el","bm":0,"hd":false,"mn":"ADBE Vector Shape - Ellipse","nm":"Ellipse Path 1","d":1,"p":{"a":0,"k":[0,0],"ix":3},"s":{"a":0,"k":[11.305,11.305],"ix":2}},{"ty":"fl","bm":0,"hd":false,"mn":"ADBE Vector Graphic - Fill","nm":"Fill 1","c":{"a":0,"k":[1,0.3412,0.3412],"ix":4},"r":1,"o":{"a":0,"k":100,"ix":5}},{"ty":"tr","a":{"a":0,"k":[0,0],"ix":1},"s":{"a":0,"k":[100,100],"ix":3},"sk":{"a":0,"k":0,"ix":4},"p":{"a":0,"k":[-54.848,161.152],"ix":2},"r":{"a":0,"k":0,"ix":6},"sa":{"a":0,"k":0,"ix":5},"o":{"a":0,"k":100,"ix":7}}]}],"ind":1},{"ty":4,"nm":"Shape Layer 24","sr":1,"st":52,"op":89,"ip":52,"hd":false,"ddd":0,"bm":0,"hasMask":false,"ao":0,"ks":{"a":{"a":0,"k":[-54.848,161.152,0],"ix":1},"s":{"a":1,"k":[{"o":{"x":0.792,"y":0},"i":{"x":0,"y":1.431},"s":[0,0,100],"t":53.857},{"o":{"x":0.333,"y":0},"i":{"x":0.833,"y":1},"s":[1080,1080,100],"t":67.036},{"o":{"x":0.948,"y":0},"i":{"x":0.667,"y":1},"s":[1080,1080,100],"t":72.893},{"o":{"x":0.792,"y":0},"i":{"x":0.667,"y":1},"s":[0,0,100],"t":84.607},{"s":[0,0,100],"t":89}],"ix":6},"sk":{"a":0,"k":0},"p":{"a":0,"k":[212.089,715.135,0],"ix":2},"r":{"a":0,"k":0,"ix":10},"sa":{"a":0,"k":0},"o":{"a":0,"k":100,"ix":11}},"ef":[],"shapes":[{"ty":"gr","bm":0,"hd":false,"mn":"ADBE Vector Group","nm":"Ellipse 1","ix":1,"cix":2,"np":3,"it":[{"ty":"el","bm":0,"hd":false,"mn":"ADBE Vector Shape - Ellipse","nm":"Ellipse Path 1","d":1,"p":{"a":0,"k":[0,0],"ix":3},"s":{"a":0,"k":[11.305,11.305],"ix":2}},{"ty":"fl","bm":0,"hd":false,"mn":"ADBE Vector Graphic - Fill","nm":"Fill 1","c":{"a":0,"k":[1,0.3412,0.3412],"ix":4},"r":1,"o":{"a":0,"k":100,"ix":5}},{"ty":"tr","a":{"a":0,"k":[0,0],"ix":1},"s":{"a":0,"k":[100,100],"ix":3},"sk":{"a":0,"k":0,"ix":4},"p":{"a":0,"k":[-54.848,161.152],"ix":2},"r":{"a":0,"k":0,"ix":6},"sa":{"a":0,"k":0,"ix":5},"o":{"a":0,"k":100,"ix":7}}]}],"ind":2},{"ty":4,"nm":"Shape Layer 23","sr":1,"st":50,"op":87,"ip":50,"hd":false,"ddd":0,"bm":0,"hasMask":false,"ao":0,"ks":{"a":{"a":0,"k":[-54.848,161.152,0],"ix":1},"s":{"a":1,"k":[{"o":{"x":0.792,"y":0},"i":{"x":0,"y":1.431},"s":[0,0,100],"t":51.857},{"o":{"x":0.333,"y":0},"i":{"x":0.833,"y":1},"s":[1080,1080,100],"t":65.036},{"o":{"x":0.948,"y":0},"i":{"x":0.667,"y":1},"s":[1080,1080,100],"t":70.893},{"o":{"x":0.792,"y":0},"i":{"x":0.667,"y":1},"s":[0,0,100],"t":82.607},{"s":[0,0,100],"t":87}],"ix":6},"sk":{"a":0,"k":0},"p":{"a":0,"k":[169.765,540,0],"ix":2},"r":{"a":0,"k":0,"ix":10},"sa":{"a":0,"k":0},"o":{"a":0,"k":100,"ix":11}},"ef":[],"shapes":[{"ty":"gr","bm":0,"hd":false,"mn":"ADBE Vector Group","nm":"Ellipse 1","ix":1,"cix":2,"np":3,"it":[{"ty":"el","bm":0,"hd":false,"mn":"ADBE Vector Shape - Ellipse","nm":"Ellipse Path 1","d":1,"p":{"a":0,"k":[0,0],"ix":3},"s":{"a":0,"k":[11.305,11.305],"ix":2}},{"ty":"fl","bm":0,"hd":false,"mn":"ADBE Vector Graphic - Fill","nm":"Fill 1","c":{"a":0,"k":[1,0.3412,0.3412],"ix":4},"r":1,"o":{"a":0,"k":100,"ix":5}},{"ty":"tr","a":{"a":0,"k":[0,0],"ix":1},"s":{"a":0,"k":[100,100],"ix":3},"sk":{"a":0,"k":0,"ix":4},"p":{"a":0,"k":[-54.848,161.152],"ix":2},"r":{"a":0,"k":0,"ix":6},"sa":{"a":0,"k":0,"ix":5},"o":{"a":0,"k":100,"ix":7}}]}],"ind":3},{"ty":4,"nm":"Shape Layer 22","sr":1,"st":48,"op":85,"ip":48,"hd":false,"ddd":0,"bm":0,"hasMask":false,"ao":0,"ks":{"a":{"a":0,"k":[-54.848,161.152,0],"ix":1},"s":{"a":1,"k":[{"o":{"x":0.792,"y":0},"i":{"x":0,"y":1.431},"s":[0,0,100],"t":49.857},{"o":{"x":0.333,"y":0},"i":{"x":0.833,"y":1},"s":[1080,1080,100],"t":63.036},{"o":{"x":0.948,"y":0},"i":{"x":0.667,"y":1},"s":[1080,1080,100],"t":68.893},{"o":{"x":0.792,"y":0},"i":{"x":0.667,"y":1},"s":[0,0,100],"t":80.607},{"s":[0,0,100],"t":85}],"ix":6},"sk":{"a":0,"k":0},"p":{"a":0,"k":[218.51,356.248,0],"ix":2},"r":{"a":0,"k":0,"ix":10},"sa":{"a":0,"k":0},"o":{"a":0,"k":100,"ix":11}},"ef":[],"shapes":[{"ty":"gr","bm":0,"hd":false,"mn":"ADBE Vector Group","nm":"Ellipse 1","ix":1,"cix":2,"np":3,"it":[{"ty":"el","bm":0,"hd":false,"mn":"ADBE Vector Shape - Ellipse","nm":"Ellipse Path 1","d":1,"p":{"a":0,"k":[0,0],"ix":3},"s":{"a":0,"k":[11.305,11.305],"ix":2}},{"ty":"fl","bm":0,"hd":false,"mn":"ADBE Vector Graphic - Fill","nm":"Fill 1","c":{"a":0,"k":[1,0.3412,0.3412],"ix":4},"r":1,"o":{"a":0,"k":100,"ix":5}},{"ty":"tr","a":{"a":0,"k":[0,0],"ix":1},"s":{"a":0,"k":[100,100],"ix":3},"sk":{"a":0,"k":0,"ix":4},"p":{"a":0,"k":[-54.848,161.152],"ix":2},"r":{"a":0,"k":0,"ix":6},"sa":{"a":0,"k":0,"ix":5},"o":{"a":0,"k":100,"ix":7}}]}],"ind":4},{"ty":4,"nm":"Shape Layer 21","sr":1,"st":46,"op":83,"ip":46,"hd":false,"ddd":0,"bm":0,"hasMask":false,"ao":0,"ks":{"a":{"a":0,"k":[-54.848,161.152,0],"ix":1},"s":{"a":1,"k":[{"o":{"x":0.792,"y":0},"i":{"x":0,"y":1.431},"s":[0,0,100],"t":47.857},{"o":{"x":0.333,"y":0},"i":{"x":0.833,"y":1},"s":[1080,1080,100],"t":61.036},{"o":{"x":0.948,"y":0},"i":{"x":0.667,"y":1},"s":[1080,1080,100],"t":66.893},{"o":{"x":0.792,"y":0},"i":{"x":0.667,"y":1},"s":[0,0,100],"t":78.607},{"s":[0,0,100],"t":83}],"ix":6},"sk":{"a":0,"k":0},"p":{"a":0,"k":[348.382,223.145,0],"ix":2},"r":{"a":0,"k":0,"ix":10},"sa":{"a":0,"k":0},"o":{"a":0,"k":100,"ix":11}},"ef":[],"shapes":[{"ty":"gr","bm":0,"hd":false,"mn":"ADBE Vector Group","nm":"Ellipse 1","ix":1,"cix":2,"np":3,"it":[{"ty":"el","bm":0,"hd":false,"mn":"ADBE Vector Shape - Ellipse","nm":"Ellipse Path 1","d":1,"p":{"a":0,"k":[0,0],"ix":3},"s":{"a":0,"k":[11.305,11.305],"ix":2}},{"ty":"fl","bm":0,"hd":false,"mn":"ADBE Vector Graphic - Fill","nm":"Fill 1","c":{"a":0,"k":[1,0.3412,0.3412],"ix":4},"r":1,"o":{"a":0,"k":100,"ix":5}},{"ty":"tr","a":{"a":0,"k":[0,0],"ix":1},"s":{"a":0,"k":[100,100],"ix":3},"sk":{"a":0,"k":0,"ix":4},"p":{"a":0,"k":[-54.848,161.152],"ix":2},"r":{"a":0,"k":0,"ix":6},"sa":{"a":0,"k":0,"ix":5},"o":{"a":0,"k":100,"ix":7}}]}],"ind":5},{"ty":4,"nm":"Shape Layer 20","sr":1,"st":44,"op":81,"ip":44,"hd":false,"ddd":0,"bm":0,"hasMask":false,"ao":0,"ks":{"a":{"a":0,"k":[-54.848,161.152,0],"ix":1},"s":{"a":1,"k":[{"o":{"x":0.792,"y":0},"i":{"x":0,"y":1.431},"s":[0,0,100],"t":45.857},{"o":{"x":0.333,"y":0},"i":{"x":0.833,"y":1},"s":[1080,1080,100],"t":59.036},{"o":{"x":0.948,"y":0},"i":{"x":0.667,"y":1},"s":[1080,1080,100],"t":64.893},{"o":{"x":0.792,"y":0},"i":{"x":0.667,"y":1},"s":[0,0,100],"t":76.607},{"s":[0,0,100],"t":81}],"ix":6},"sk":{"a":0,"k":0},"p":{"a":0,"k":[540,169.765,0],"ix":2},"r":{"a":0,"k":0,"ix":10},"sa":{"a":0,"k":0},"o":{"a":0,"k":100,"ix":11}},"ef":[],"shapes":[{"ty":"gr","bm":0,"hd":false,"mn":"ADBE Vector Group","nm":"Ellipse 1","ix":1,"cix":2,"np":3,"it":[{"ty":"el","bm":0,"hd":false,"mn":"ADBE Vector Shape - Ellipse","nm":"Ellipse Path 1","d":1,"p":{"a":0,"k":[0,0],"ix":3},"s":{"a":0,"k":[11.305,11.305],"ix":2}},{"ty":"fl","bm":0,"hd":false,"mn":"ADBE Vector Graphic - Fill","nm":"Fill 1","c":{"a":0,"k":[1,0.3412,0.3412],"ix":4},"r":1,"o":{"a":0,"k":100,"ix":5}},{"ty":"tr","a":{"a":0,"k":[0,0],"ix":1},"s":{"a":0,"k":[100,100],"ix":3},"sk":{"a":0,"k":0,"ix":4},"p":{"a":0,"k":[-54.848,161.152],"ix":2},"r":{"a":0,"k":0,"ix":6},"sa":{"a":0,"k":0,"ix":5},"o":{"a":0,"k":100,"ix":7}}]}],"ind":6},{"ty":4,"nm":"Shape Layer 19","sr":1,"st":42,"op":79,"ip":42,"hd":false,"ddd":0,"bm":0,"hasMask":false,"ao":0,"ks":{"a":{"a":0,"k":[-54.848,161.152,0],"ix":1},"s":{"a":1,"k":[{"o":{"x":0.792,"y":0},"i":{"x":0,"y":1.431},"s":[0,0,100],"t":43.857},{"o":{"x":0.333,"y":0},"i":{"x":0.833,"y":1},"s":[1080,1080,100],"t":57.036},{"o":{"x":0.948,"y":0},"i":{"x":0.667,"y":1},"s":[1080,1080,100],"t":62.893},{"o":{"x":0.792,"y":0},"i":{"x":0.667,"y":1},"s":[0,0,100],"t":74.607},{"s":[0,0,100],"t":79}],"ix":6},"sk":{"a":0,"k":0},"p":{"a":0,"k":[723.825,218.551,0],"ix":2},"r":{"a":0,"k":0,"ix":10},"sa":{"a":0,"k":0},"o":{"a":0,"k":100,"ix":11}},"ef":[],"shapes":[{"ty":"gr","bm":0,"hd":false,"mn":"ADBE Vector Group","nm":"Ellipse 1","ix":1,"cix":2,"np":3,"it":[{"ty":"el","bm":0,"hd":false,"mn":"ADBE Vector Shape - Ellipse","nm":"Ellipse Path 1","d":1,"p":{"a":0,"k":[0,0],"ix":3},"s":{"a":0,"k":[11.305,11.305],"ix":2}},{"ty":"fl","bm":0,"hd":false,"mn":"ADBE Vector Graphic - Fill","nm":"Fill 1","c":{"a":0,"k":[1,0.3412,0.3412],"ix":4},"r":1,"o":{"a":0,"k":100,"ix":5}},{"ty":"tr","a":{"a":0,"k":[0,0],"ix":1},"s":{"a":0,"k":[100,100],"ix":3},"sk":{"a":0,"k":0,"ix":4},"p":{"a":0,"k":[-54.848,161.152],"ix":2},"r":{"a":0,"k":0,"ix":6},"sa":{"a":0,"k":0,"ix":5},"o":{"a":0,"k":100,"ix":7}}]}],"ind":7},{"ty":4,"nm":"Shape Layer 18","sr":1,"st":40,"op":77,"ip":40,"hd":false,"ddd":0,"bm":0,"hasMask":false,"ao":0,"ks":{"a":{"a":0,"k":[-54.848,161.152,0],"ix":1},"s":{"a":1,"k":[{"o":{"x":0.792,"y":0},"i":{"x":0,"y":1.431},"s":[0,0,100],"t":41.857},{"o":{"x":0.333,"y":0},"i":{"x":0.833,"y":1},"s":[1080,1080,100],"t":55.036},{"o":{"x":0.948,"y":0},"i":{"x":0.667,"y":1},"s":[1080,1080,100],"t":60.893},{"o":{"x":0.792,"y":0},"i":{"x":0.667,"y":1},"s":[0,0,100],"t":72.607},{"s":[0,0,100],"t":77}],"ix":6},"sk":{"a":0,"k":0},"p":{"a":0,"k":[859.348,352.558,0],"ix":2},"r":{"a":0,"k":0,"ix":10},"sa":{"a":0,"k":0},"o":{"a":0,"k":100,"ix":11}},"ef":[],"shapes":[{"ty":"gr","bm":0,"hd":false,"mn":"ADBE Vector Group","nm":"Ellipse 1","ix":1,"cix":2,"np":3,"it":[{"ty":"el","bm":0,"hd":false,"mn":"ADBE Vector Shape - Ellipse","nm":"Ellipse Path 1","d":1,"p":{"a":0,"k":[0,0],"ix":3},"s":{"a":0,"k":[11.305,11.305],"ix":2}},{"ty":"fl","bm":0,"hd":false,"mn":"ADBE Vector Graphic - Fill","nm":"Fill 1","c":{"a":0,"k":[1,0.3412,0.3412],"ix":4},"r":1,"o":{"a":0,"k":100,"ix":5}},{"ty":"tr","a":{"a":0,"k":[0,0],"ix":1},"s":{"a":0,"k":[100,100],"ix":3},"sk":{"a":0,"k":0,"ix":4},"p":{"a":0,"k":[-54.848,161.152],"ix":2},"r":{"a":0,"k":0,"ix":6},"sa":{"a":0,"k":0,"ix":5},"o":{"a":0,"k":100,"ix":7}}]}],"ind":8},{"ty":4,"nm":"Shape Layer 17","sr":1,"st":38,"op":75,"ip":38,"hd":false,"ddd":0,"bm":0,"hasMask":false,"ao":0,"ks":{"a":{"a":0,"k":[-54.848,161.152,0],"ix":1},"s":{"a":1,"k":[{"o":{"x":0.792,"y":0},"i":{"x":0,"y":1.431},"s":[0,0,100],"t":39.857},{"o":{"x":0.333,"y":0},"i":{"x":0.833,"y":1},"s":[1080,1080,100],"t":53.036},{"o":{"x":0.948,"y":0},"i":{"x":0.667,"y":1},"s":[1080,1080,100],"t":58.893},{"o":{"x":0.792,"y":0},"i":{"x":0.667,"y":1},"s":[0,0,100],"t":70.607},{"s":[0,0,100],"t":75}],"ix":6},"sk":{"a":0,"k":0},"p":{"a":0,"k":[910.235,540,0],"ix":2},"r":{"a":0,"k":0,"ix":10},"sa":{"a":0,"k":0},"o":{"a":0,"k":100,"ix":11}},"ef":[],"shapes":[{"ty":"gr","bm":0,"hd":false,"mn":"ADBE Vector Group","nm":"Ellipse 1","ix":1,"cix":2,"np":3,"it":[{"ty":"el","bm":0,"hd":false,"mn":"ADBE Vector Shape - Ellipse","nm":"Ellipse Path 1","d":1,"p":{"a":0,"k":[0,0],"ix":3},"s":{"a":0,"k":[11.305,11.305],"ix":2}},{"ty":"fl","bm":0,"hd":false,"mn":"ADBE Vector Graphic - Fill","nm":"Fill 1","c":{"a":0,"k":[1,0.3412,0.3412],"ix":4},"r":1,"o":{"a":0,"k":100,"ix":5}},{"ty":"tr","a":{"a":0,"k":[0,0],"ix":1},"s":{"a":0,"k":[100,100],"ix":3},"sk":{"a":0,"k":0,"ix":4},"p":{"a":0,"k":[-54.848,161.152],"ix":2},"r":{"a":0,"k":0,"ix":6},"sa":{"a":0,"k":0,"ix":5},"o":{"a":0,"k":100,"ix":7}}]}],"ind":9},{"ty":4,"nm":"Shape Layer 16","sr":1,"st":36,"op":73,"ip":36,"hd":false,"ddd":0,"bm":0,"hasMask":false,"ao":0,"ks":{"a":{"a":0,"k":[-54.848,161.152,0],"ix":1},"s":{"a":1,"k":[{"o":{"x":0.792,"y":0},"i":{"x":0,"y":1.431},"s":[0,0,100],"t":36.929},{"o":{"x":0.333,"y":0},"i":{"x":0.833,"y":1},"s":[1080,1080,100],"t":50.107},{"o":{"x":0.948,"y":0},"i":{"x":0.667,"y":1},"s":[1080,1080,100],"t":55.964},{"o":{"x":0.792,"y":0},"i":{"x":0.667,"y":1},"s":[0,0,100],"t":67.679},{"s":[0,0,100],"t":72.0712890625}],"ix":6},"sk":{"a":0,"k":0},"p":{"a":0,"k":[858.275,729.256,0],"ix":2},"r":{"a":0,"k":0,"ix":10},"sa":{"a":0,"k":0},"o":{"a":0,"k":100,"ix":11}},"ef":[],"shapes":[{"ty":"gr","bm":0,"hd":false,"mn":"ADBE Vector Group","nm":"Ellipse 1","ix":1,"cix":2,"np":3,"it":[{"ty":"el","bm":0,"hd":false,"mn":"ADBE Vector Shape - Ellipse","nm":"Ellipse Path 1","d":1,"p":{"a":0,"k":[0,0],"ix":3},"s":{"a":0,"k":[11.305,11.305],"ix":2}},{"ty":"fl","bm":0,"hd":false,"mn":"ADBE Vector Graphic - Fill","nm":"Fill 1","c":{"a":0,"k":[1,0.3412,0.3412],"ix":4},"r":1,"o":{"a":0,"k":100,"ix":5}},{"ty":"tr","a":{"a":0,"k":[0,0],"ix":1},"s":{"a":0,"k":[100,100],"ix":3},"sk":{"a":0,"k":0,"ix":4},"p":{"a":0,"k":[-54.848,161.152],"ix":2},"r":{"a":0,"k":0,"ix":6},"sa":{"a":0,"k":0,"ix":5},"o":{"a":0,"k":100,"ix":7}}]}],"ind":10},{"ty":4,"nm":"Shape Layer 15","sr":1,"st":34,"op":71,"ip":34,"hd":false,"ddd":0,"bm":0,"hasMask":false,"ao":0,"ks":{"a":{"a":0,"k":[-54.848,161.152,0],"ix":1},"s":{"a":1,"k":[{"o":{"x":0.792,"y":0},"i":{"x":0,"y":1.431},"s":[0,0,100],"t":34},{"o":{"x":0.333,"y":0},"i":{"x":0.833,"y":1},"s":[1080,1080,100],"t":47.179},{"o":{"x":0.948,"y":0},"i":{"x":0.667,"y":1},"s":[1080,1080,100],"t":53.036},{"o":{"x":0.792,"y":0},"i":{"x":0.667,"y":1},"s":[0,0,100],"t":64.75},{"s":[0,0,100],"t":69.142578125}],"ix":6},"sk":{"a":0,"k":0},"p":{"a":0,"k":[722.08,862.442,0],"ix":2},"r":{"a":0,"k":0,"ix":10},"sa":{"a":0,"k":0},"o":{"a":0,"k":100,"ix":11}},"ef":[],"shapes":[{"ty":"gr","bm":0,"hd":false,"mn":"ADBE Vector Group","nm":"Ellipse 1","ix":1,"cix":2,"np":3,"it":[{"ty":"el","bm":0,"hd":false,"mn":"ADBE Vector Shape - Ellipse","nm":"Ellipse Path 1","d":1,"p":{"a":0,"k":[0,0],"ix":3},"s":{"a":0,"k":[11.305,11.305],"ix":2}},{"ty":"fl","bm":0,"hd":false,"mn":"ADBE Vector Graphic - Fill","nm":"Fill 1","c":{"a":0,"k":[1,0.3412,0.3412],"ix":4},"r":1,"o":{"a":0,"k":100,"ix":5}},{"ty":"tr","a":{"a":0,"k":[0,0],"ix":1},"s":{"a":0,"k":[100,100],"ix":3},"sk":{"a":0,"k":0,"ix":4},"p":{"a":0,"k":[-54.848,161.152],"ix":2},"r":{"a":0,"k":0,"ix":6},"sa":{"a":0,"k":0,"ix":5},"o":{"a":0,"k":100,"ix":7}}]}],"ind":11},{"ty":4,"nm":"Shape Layer 14","sr":1,"st":32,"op":69,"ip":32,"hd":false,"ddd":0,"bm":0,"hasMask":false,"ao":0,"ks":{"a":{"a":0,"k":[-54.848,161.152,0],"ix":1},"s":{"a":1,"k":[{"o":{"x":0.792,"y":0},"i":{"x":0,"y":1.431},"s":[0,0,100],"t":32},{"o":{"x":0.333,"y":0},"i":{"x":0.833,"y":1},"s":[1080,1080,100],"t":45.179},{"o":{"x":0.948,"y":0},"i":{"x":0.667,"y":1},"s":[1080,1080,100],"t":51.036},{"o":{"x":0.792,"y":0},"i":{"x":0.667,"y":1},"s":[0,0,100],"t":62.75},{"s":[0,0,100],"t":67.142578125}],"ix":6},"sk":{"a":0,"k":0},"p":{"a":0,"k":[540,910.235,0],"ix":2},"r":{"a":0,"k":0,"ix":10},"sa":{"a":0,"k":0},"o":{"a":0,"k":100,"ix":11}},"ef":[],"shapes":[{"ty":"gr","bm":0,"hd":false,"mn":"ADBE Vector Group","nm":"Ellipse 1","ix":1,"cix":2,"np":3,"it":[{"ty":"el","bm":0,"hd":false,"mn":"ADBE Vector Shape - Ellipse","nm":"Ellipse Path 1","d":1,"p":{"a":0,"k":[0,0],"ix":3},"s":{"a":0,"k":[11.305,11.305],"ix":2}},{"ty":"fl","bm":0,"hd":false,"mn":"ADBE Vector Graphic - Fill","nm":"Fill 1","c":{"a":0,"k":[1,0.3412,0.3412],"ix":4},"r":1,"o":{"a":0,"k":100,"ix":5}},{"ty":"tr","a":{"a":0,"k":[0,0],"ix":1},"s":{"a":0,"k":[100,100],"ix":3},"sk":{"a":0,"k":0,"ix":4},"p":{"a":0,"k":[-54.848,161.152],"ix":2},"r":{"a":0,"k":0,"ix":6},"sa":{"a":0,"k":0,"ix":5},"o":{"a":0,"k":100,"ix":7}}]}],"ind":12},{"ty":4,"nm":"Shape Layer 13","sr":1,"st":23,"op":60,"ip":23,"hd":false,"ddd":0,"bm":0,"hasMask":false,"ao":0,"ks":{"a":{"a":0,"k":[-54.848,161.152,0],"ix":1},"s":{"a":1,"k":[{"o":{"x":0.792,"y":0},"i":{"x":0,"y":1.431},"s":[0,0,100],"t":24.857},{"o":{"x":0.333,"y":0},"i":{"x":0.833,"y":1},"s":[1080,1080,100],"t":38.036},{"o":{"x":0.948,"y":0},"i":{"x":0.667,"y":1},"s":[1080,1080,100],"t":43.893},{"o":{"x":0.792,"y":0},"i":{"x":0.667,"y":1},"s":[0,0,100],"t":55.607},{"s":[0,0,100],"t":60}],"ix":6},"sk":{"a":0,"k":0},"p":{"a":0,"k":[345.786,855.267,0],"ix":2},"r":{"a":0,"k":0,"ix":10},"sa":{"a":0,"k":0},"o":{"a":0,"k":100,"ix":11}},"ef":[],"shapes":[{"ty":"gr","bm":0,"hd":false,"mn":"ADBE Vector Group","nm":"Ellipse 1","ix":1,"cix":2,"np":3,"it":[{"ty":"el","bm":0,"hd":false,"mn":"ADBE Vector Shape - Ellipse","nm":"Ellipse Path 1","d":1,"p":{"a":0,"k":[0,0],"ix":3},"s":{"a":0,"k":[11.305,11.305],"ix":2}},{"ty":"fl","bm":0,"hd":false,"mn":"ADBE Vector Graphic - Fill","nm":"Fill 1","c":{"a":0,"k":[1,0.3412,0.3412],"ix":4},"r":1,"o":{"a":0,"k":100,"ix":5}},{"ty":"tr","a":{"a":0,"k":[0,0],"ix":1},"s":{"a":0,"k":[100,100],"ix":3},"sk":{"a":0,"k":0,"ix":4},"p":{"a":0,"k":[-54.848,161.152],"ix":2},"r":{"a":0,"k":0,"ix":6},"sa":{"a":0,"k":0,"ix":5},"o":{"a":0,"k":100,"ix":7}}]}],"ind":13},{"ty":4,"nm":"Shape Layer 12","sr":1,"st":21,"op":58,"ip":21,"hd":false,"ddd":0,"bm":0,"hasMask":false,"ao":0,"ks":{"a":{"a":0,"k":[-54.848,161.152,0],"ix":1},"s":{"a":1,"k":[{"o":{"x":0.792,"y":0},"i":{"x":0,"y":1.431},"s":[0,0,100],"t":22.857},{"o":{"x":0.333,"y":0},"i":{"x":0.833,"y":1},"s":[1080,1080,100],"t":36.036},{"o":{"x":0.948,"y":0},"i":{"x":0.667,"y":1},"s":[1080,1080,100],"t":41.893},{"o":{"x":0.792,"y":0},"i":{"x":0.667,"y":1},"s":[0,0,100],"t":53.607},{"s":[0,0,100],"t":58}],"ix":6},"sk":{"a":0,"k":0},"p":{"a":0,"k":[212.089,715.135,0],"ix":2},"r":{"a":0,"k":0,"ix":10},"sa":{"a":0,"k":0},"o":{"a":0,"k":100,"ix":11}},"ef":[],"shapes":[{"ty":"gr","bm":0,"hd":false,"mn":"ADBE Vector Group","nm":"Ellipse 1","ix":1,"cix":2,"np":3,"it":[{"ty":"el","bm":0,"hd":false,"mn":"ADBE Vector Shape - Ellipse","nm":"Ellipse Path 1","d":1,"p":{"a":0,"k":[0,0],"ix":3},"s":{"a":0,"k":[11.305,11.305],"ix":2}},{"ty":"fl","bm":0,"hd":false,"mn":"ADBE Vector Graphic - Fill","nm":"Fill 1","c":{"a":0,"k":[1,0.3412,0.3412],"ix":4},"r":1,"o":{"a":0,"k":100,"ix":5}},{"ty":"tr","a":{"a":0,"k":[0,0],"ix":1},"s":{"a":0,"k":[100,100],"ix":3},"sk":{"a":0,"k":0,"ix":4},"p":{"a":0,"k":[-54.848,161.152],"ix":2},"r":{"a":0,"k":0,"ix":6},"sa":{"a":0,"k":0,"ix":5},"o":{"a":0,"k":100,"ix":7}}]}],"ind":14},{"ty":4,"nm":"Shape Layer 11","sr":1,"st":19,"op":56,"ip":19,"hd":false,"ddd":0,"bm":0,"hasMask":false,"ao":0,"ks":{"a":{"a":0,"k":[-54.848,161.152,0],"ix":1},"s":{"a":1,"k":[{"o":{"x":0.792,"y":0},"i":{"x":0,"y":1.431},"s":[0,0,100],"t":20.857},{"o":{"x":0.333,"y":0},"i":{"x":0.833,"y":1},"s":[1080,1080,100],"t":34.036},{"o":{"x":0.948,"y":0},"i":{"x":0.667,"y":1},"s":[1080,1080,100],"t":39.893},{"o":{"x":0.792,"y":0},"i":{"x":0.667,"y":1},"s":[0,0,100],"t":51.607},{"s":[0,0,100],"t":56}],"ix":6},"sk":{"a":0,"k":0},"p":{"a":0,"k":[169.765,540,0],"ix":2},"r":{"a":0,"k":0,"ix":10},"sa":{"a":0,"k":0},"o":{"a":0,"k":100,"ix":11}},"ef":[],"shapes":[{"ty":"gr","bm":0,"hd":false,"mn":"ADBE Vector Group","nm":"Ellipse 1","ix":1,"cix":2,"np":3,"it":[{"ty":"el","bm":0,"hd":false,"mn":"ADBE Vector Shape - Ellipse","nm":"Ellipse Path 1","d":1,"p":{"a":0,"k":[0,0],"ix":3},"s":{"a":0,"k":[11.305,11.305],"ix":2}},{"ty":"fl","bm":0,"hd":false,"mn":"ADBE Vector Graphic - Fill","nm":"Fill 1","c":{"a":0,"k":[1,0.3412,0.3412],"ix":4},"r":1,"o":{"a":0,"k":100,"ix":5}},{"ty":"tr","a":{"a":0,"k":[0,0],"ix":1},"s":{"a":0,"k":[100,100],"ix":3},"sk":{"a":0,"k":0,"ix":4},"p":{"a":0,"k":[-54.848,161.152],"ix":2},"r":{"a":0,"k":0,"ix":6},"sa":{"a":0,"k":0,"ix":5},"o":{"a":0,"k":100,"ix":7}}]}],"ind":15},{"ty":4,"nm":"Shape Layer 10","sr":1,"st":17,"op":54,"ip":17,"hd":false,"ddd":0,"bm":0,"hasMask":false,"ao":0,"ks":{"a":{"a":0,"k":[-54.848,161.152,0],"ix":1},"s":{"a":1,"k":[{"o":{"x":0.792,"y":0},"i":{"x":0,"y":1.431},"s":[0,0,100],"t":18.857},{"o":{"x":0.333,"y":0},"i":{"x":0.833,"y":1},"s":[1080,1080,100],"t":32.036},{"o":{"x":0.948,"y":0},"i":{"x":0.667,"y":1},"s":[1080,1080,100],"t":37.893},{"o":{"x":0.792,"y":0},"i":{"x":0.667,"y":1},"s":[0,0,100],"t":49.607},{"s":[0,0,100],"t":54}],"ix":6},"sk":{"a":0,"k":0},"p":{"a":0,"k":[218.51,356.248,0],"ix":2},"r":{"a":0,"k":0,"ix":10},"sa":{"a":0,"k":0},"o":{"a":0,"k":100,"ix":11}},"ef":[],"shapes":[{"ty":"gr","bm":0,"hd":false,"mn":"ADBE Vector Group","nm":"Ellipse 1","ix":1,"cix":2,"np":3,"it":[{"ty":"el","bm":0,"hd":false,"mn":"ADBE Vector Shape - Ellipse","nm":"Ellipse Path 1","d":1,"p":{"a":0,"k":[0,0],"ix":3},"s":{"a":0,"k":[11.305,11.305],"ix":2}},{"ty":"fl","bm":0,"hd":false,"mn":"ADBE Vector Graphic - Fill","nm":"Fill 1","c":{"a":0,"k":[1,0.3412,0.3412],"ix":4},"r":1,"o":{"a":0,"k":100,"ix":5}},{"ty":"tr","a":{"a":0,"k":[0,0],"ix":1},"s":{"a":0,"k":[100,100],"ix":3},"sk":{"a":0,"k":0,"ix":4},"p":{"a":0,"k":[-54.848,161.152],"ix":2},"r":{"a":0,"k":0,"ix":6},"sa":{"a":0,"k":0,"ix":5},"o":{"a":0,"k":100,"ix":7}}]}],"ind":16},{"ty":4,"nm":"Shape Layer 9","sr":1,"st":15,"op":52,"ip":15,"hd":false,"ddd":0,"bm":0,"hasMask":false,"ao":0,"ks":{"a":{"a":0,"k":[-54.848,161.152,0],"ix":1},"s":{"a":1,"k":[{"o":{"x":0.792,"y":0},"i":{"x":0,"y":1.431},"s":[0,0,100],"t":16.857},{"o":{"x":0.333,"y":0},"i":{"x":0.833,"y":1},"s":[1080,1080,100],"t":30.036},{"o":{"x":0.948,"y":0},"i":{"x":0.667,"y":1},"s":[1080,1080,100],"t":35.893},{"o":{"x":0.792,"y":0},"i":{"x":0.667,"y":1},"s":[0,0,100],"t":47.607},{"s":[0,0,100],"t":52}],"ix":6},"sk":{"a":0,"k":0},"p":{"a":0,"k":[348.382,223.145,0],"ix":2},"r":{"a":0,"k":0,"ix":10},"sa":{"a":0,"k":0},"o":{"a":0,"k":100,"ix":11}},"ef":[],"shapes":[{"ty":"gr","bm":0,"hd":false,"mn":"ADBE Vector Group","nm":"Ellipse 1","ix":1,"cix":2,"np":3,"it":[{"ty":"el","bm":0,"hd":false,"mn":"ADBE Vector Shape - Ellipse","nm":"Ellipse Path 1","d":1,"p":{"a":0,"k":[0,0],"ix":3},"s":{"a":0,"k":[11.305,11.305],"ix":2}},{"ty":"fl","bm":0,"hd":false,"mn":"ADBE Vector Graphic - Fill","nm":"Fill 1","c":{"a":0,"k":[1,0.3412,0.3412],"ix":4},"r":1,"o":{"a":0,"k":100,"ix":5}},{"ty":"tr","a":{"a":0,"k":[0,0],"ix":1},"s":{"a":0,"k":[100,100],"ix":3},"sk":{"a":0,"k":0,"ix":4},"p":{"a":0,"k":[-54.848,161.152],"ix":2},"r":{"a":0,"k":0,"ix":6},"sa":{"a":0,"k":0,"ix":5},"o":{"a":0,"k":100,"ix":7}}]}],"ind":17},{"ty":4,"nm":"Shape Layer 8","sr":1,"st":13,"op":50,"ip":13,"hd":false,"ddd":0,"bm":0,"hasMask":false,"ao":0,"ks":{"a":{"a":0,"k":[-54.848,161.152,0],"ix":1},"s":{"a":1,"k":[{"o":{"x":0.792,"y":0},"i":{"x":0,"y":1.431},"s":[0,0,100],"t":14.857},{"o":{"x":0.333,"y":0},"i":{"x":0.833,"y":1},"s":[1080,1080,100],"t":28.036},{"o":{"x":0.948,"y":0},"i":{"x":0.667,"y":1},"s":[1080,1080,100],"t":33.893},{"o":{"x":0.792,"y":0},"i":{"x":0.667,"y":1},"s":[0,0,100],"t":45.607},{"s":[0,0,100],"t":50}],"ix":6},"sk":{"a":0,"k":0},"p":{"a":0,"k":[540,169.765,0],"ix":2},"r":{"a":0,"k":0,"ix":10},"sa":{"a":0,"k":0},"o":{"a":0,"k":100,"ix":11}},"ef":[],"shapes":[{"ty":"gr","bm":0,"hd":false,"mn":"ADBE Vector Group","nm":"Ellipse 1","ix":1,"cix":2,"np":3,"it":[{"ty":"el","bm":0,"hd":false,"mn":"ADBE Vector Shape - Ellipse","nm":"Ellipse Path 1","d":1,"p":{"a":0,"k":[0,0],"ix":3},"s":{"a":0,"k":[11.305,11.305],"ix":2}},{"ty":"fl","bm":0,"hd":false,"mn":"ADBE Vector Graphic - Fill","nm":"Fill 1","c":{"a":0,"k":[1,0.3412,0.3412],"ix":4},"r":1,"o":{"a":0,"k":100,"ix":5}},{"ty":"tr","a":{"a":0,"k":[0,0],"ix":1},"s":{"a":0,"k":[100,100],"ix":3},"sk":{"a":0,"k":0,"ix":4},"p":{"a":0,"k":[-54.848,161.152],"ix":2},"r":{"a":0,"k":0,"ix":6},"sa":{"a":0,"k":0,"ix":5},"o":{"a":0,"k":100,"ix":7}}]}],"ind":18},{"ty":4,"nm":"Shape Layer 7","sr":1,"st":11,"op":48,"ip":11,"hd":false,"ddd":0,"bm":0,"hasMask":false,"ao":0,"ks":{"a":{"a":0,"k":[-54.848,161.152,0],"ix":1},"s":{"a":1,"k":[{"o":{"x":0.792,"y":0},"i":{"x":0,"y":1.431},"s":[0,0,100],"t":12.857},{"o":{"x":0.333,"y":0},"i":{"x":0.833,"y":1},"s":[1080,1080,100],"t":26.036},{"o":{"x":0.948,"y":0},"i":{"x":0.667,"y":1},"s":[1080,1080,100],"t":31.893},{"o":{"x":0.792,"y":0},"i":{"x":0.667,"y":1},"s":[0,0,100],"t":43.607},{"s":[0,0,100],"t":48}],"ix":6},"sk":{"a":0,"k":0},"p":{"a":0,"k":[723.825,218.551,0],"ix":2},"r":{"a":0,"k":0,"ix":10},"sa":{"a":0,"k":0},"o":{"a":0,"k":100,"ix":11}},"ef":[],"shapes":[{"ty":"gr","bm":0,"hd":false,"mn":"ADBE Vector Group","nm":"Ellipse 1","ix":1,"cix":2,"np":3,"it":[{"ty":"el","bm":0,"hd":false,"mn":"ADBE Vector Shape - Ellipse","nm":"Ellipse Path 1","d":1,"p":{"a":0,"k":[0,0],"ix":3},"s":{"a":0,"k":[11.305,11.305],"ix":2}},{"ty":"fl","bm":0,"hd":false,"mn":"ADBE Vector Graphic - Fill","nm":"Fill 1","c":{"a":0,"k":[1,0.3412,0.3412],"ix":4},"r":1,"o":{"a":0,"k":100,"ix":5}},{"ty":"tr","a":{"a":0,"k":[0,0],"ix":1},"s":{"a":0,"k":[100,100],"ix":3},"sk":{"a":0,"k":0,"ix":4},"p":{"a":0,"k":[-54.848,161.152],"ix":2},"r":{"a":0,"k":0,"ix":6},"sa":{"a":0,"k":0,"ix":5},"o":{"a":0,"k":100,"ix":7}}]}],"ind":19},{"ty":4,"nm":"Shape Layer 6","sr":1,"st":9,"op":46,"ip":9,"hd":false,"ddd":0,"bm":0,"hasMask":false,"ao":0,"ks":{"a":{"a":0,"k":[-54.848,161.152,0],"ix":1},"s":{"a":1,"k":[{"o":{"x":0.792,"y":0},"i":{"x":0,"y":1.431},"s":[0,0,100],"t":10.857},{"o":{"x":0.333,"y":0},"i":{"x":0.833,"y":1},"s":[1080,1080,100],"t":24.036},{"o":{"x":0.948,"y":0},"i":{"x":0.667,"y":1},"s":[1080,1080,100],"t":29.893},{"o":{"x":0.792,"y":0},"i":{"x":0.667,"y":1},"s":[0,0,100],"t":41.607},{"s":[0,0,100],"t":46}],"ix":6},"sk":{"a":0,"k":0},"p":{"a":0,"k":[859.348,352.558,0],"ix":2},"r":{"a":0,"k":0,"ix":10},"sa":{"a":0,"k":0},"o":{"a":0,"k":100,"ix":11}},"ef":[],"shapes":[{"ty":"gr","bm":0,"hd":false,"mn":"ADBE Vector Group","nm":"Ellipse 1","ix":1,"cix":2,"np":3,"it":[{"ty":"el","bm":0,"hd":false,"mn":"ADBE Vector Shape - Ellipse","nm":"Ellipse Path 1","d":1,"p":{"a":0,"k":[0,0],"ix":3},"s":{"a":0,"k":[11.305,11.305],"ix":2}},{"ty":"fl","bm":0,"hd":false,"mn":"ADBE Vector Graphic - Fill","nm":"Fill 1","c":{"a":0,"k":[1,0.3412,0.3412],"ix":4},"r":1,"o":{"a":0,"k":100,"ix":5}},{"ty":"tr","a":{"a":0,"k":[0,0],"ix":1},"s":{"a":0,"k":[100,100],"ix":3},"sk":{"a":0,"k":0,"ix":4},"p":{"a":0,"k":[-54.848,161.152],"ix":2},"r":{"a":0,"k":0,"ix":6},"sa":{"a":0,"k":0,"ix":5},"o":{"a":0,"k":100,"ix":7}}]}],"ind":20},{"ty":4,"nm":"Shape Layer 3","sr":1,"st":7,"op":44,"ip":7,"hd":false,"ddd":0,"bm":0,"hasMask":false,"ao":0,"ks":{"a":{"a":0,"k":[-54.848,161.152,0],"ix":1},"s":{"a":1,"k":[{"o":{"x":0.792,"y":0},"i":{"x":0,"y":1.431},"s":[0,0,100],"t":8.857},{"o":{"x":0.333,"y":0},"i":{"x":0.833,"y":1},"s":[1080,1080,100],"t":22.036},{"o":{"x":0.948,"y":0},"i":{"x":0.667,"y":1},"s":[1080,1080,100],"t":27.893},{"o":{"x":0.792,"y":0},"i":{"x":0.667,"y":1},"s":[0,0,100],"t":39.607},{"s":[0,0,100],"t":44}],"ix":6},"sk":{"a":0,"k":0},"p":{"a":0,"k":[910.235,540,0],"ix":2},"r":{"a":0,"k":0,"ix":10},"sa":{"a":0,"k":0},"o":{"a":0,"k":100,"ix":11}},"ef":[],"shapes":[{"ty":"gr","bm":0,"hd":false,"mn":"ADBE Vector Group","nm":"Ellipse 1","ix":1,"cix":2,"np":3,"it":[{"ty":"el","bm":0,"hd":false,"mn":"ADBE Vector Shape - Ellipse","nm":"Ellipse Path 1","d":1,"p":{"a":0,"k":[0,0],"ix":3},"s":{"a":0,"k":[11.305,11.305],"ix":2}},{"ty":"fl","bm":0,"hd":false,"mn":"ADBE Vector Graphic - Fill","nm":"Fill 1","c":{"a":0,"k":[1,0.3412,0.3412],"ix":4},"r":1,"o":{"a":0,"k":100,"ix":5}},{"ty":"tr","a":{"a":0,"k":[0,0],"ix":1},"s":{"a":0,"k":[100,100],"ix":3},"sk":{"a":0,"k":0,"ix":4},"p":{"a":0,"k":[-54.848,161.152],"ix":2},"r":{"a":0,"k":0,"ix":6},"sa":{"a":0,"k":0,"ix":5},"o":{"a":0,"k":100,"ix":7}}]}],"ind":21},{"ty":4,"nm":"Shape Layer 2","sr":1,"st":5,"op":42,"ip":5,"hd":false,"ddd":0,"bm":0,"hasMask":false,"ao":0,"ks":{"a":{"a":0,"k":[-54.848,161.152,0],"ix":1},"s":{"a":1,"k":[{"o":{"x":0.792,"y":0},"i":{"x":0,"y":1.431},"s":[0,0,100],"t":5.929},{"o":{"x":0.333,"y":0},"i":{"x":0.833,"y":1},"s":[1080,1080,100],"t":19.107},{"o":{"x":0.948,"y":0},"i":{"x":0.667,"y":1},"s":[1080,1080,100],"t":24.964},{"o":{"x":0.792,"y":0},"i":{"x":0.667,"y":1},"s":[0,0,100],"t":36.679},{"s":[0,0,100],"t":41.0712890625}],"ix":6},"sk":{"a":0,"k":0},"p":{"a":0,"k":[858.275,729.256,0],"ix":2},"r":{"a":0,"k":0,"ix":10},"sa":{"a":0,"k":0},"o":{"a":0,"k":100,"ix":11}},"ef":[],"shapes":[{"ty":"gr","bm":0,"hd":false,"mn":"ADBE Vector Group","nm":"Ellipse 1","ix":1,"cix":2,"np":3,"it":[{"ty":"el","bm":0,"hd":false,"mn":"ADBE Vector Shape - Ellipse","nm":"Ellipse Path 1","d":1,"p":{"a":0,"k":[0,0],"ix":3},"s":{"a":0,"k":[11.305,11.305],"ix":2}},{"ty":"fl","bm":0,"hd":false,"mn":"ADBE Vector Graphic - Fill","nm":"Fill 1","c":{"a":0,"k":[1,0.3412,0.3412],"ix":4},"r":1,"o":{"a":0,"k":100,"ix":5}},{"ty":"tr","a":{"a":0,"k":[0,0],"ix":1},"s":{"a":0,"k":[100,100],"ix":3},"sk":{"a":0,"k":0,"ix":4},"p":{"a":0,"k":[-54.848,161.152],"ix":2},"r":{"a":0,"k":0,"ix":6},"sa":{"a":0,"k":0,"ix":5},"o":{"a":0,"k":100,"ix":7}}]}],"ind":22},{"ty":4,"nm":"Shape Layer 1","sr":1,"st":3,"op":40,"ip":3,"hd":false,"ddd":0,"bm":0,"hasMask":false,"ao":0,"ks":{"a":{"a":0,"k":[-54.848,161.152,0],"ix":1},"s":{"a":1,"k":[{"o":{"x":0.792,"y":0},"i":{"x":0,"y":1.431},"s":[0,0,100],"t":3},{"o":{"x":0.333,"y":0},"i":{"x":0.833,"y":1},"s":[1080,1080,100],"t":16.179},{"o":{"x":0.948,"y":0},"i":{"x":0.667,"y":1},"s":[1080,1080,100],"t":22.036},{"o":{"x":0.792,"y":0},"i":{"x":0.667,"y":1},"s":[0,0,100],"t":33.75},{"s":[0,0,100],"t":38.142578125}],"ix":6},"sk":{"a":0,"k":0},"p":{"a":0,"k":[722.08,862.442,0],"ix":2},"r":{"a":0,"k":0,"ix":10},"sa":{"a":0,"k":0},"o":{"a":0,"k":100,"ix":11}},"ef":[],"shapes":[{"ty":"gr","bm":0,"hd":false,"mn":"ADBE Vector Group","nm":"Ellipse 1","ix":1,"cix":2,"np":3,"it":[{"ty":"el","bm":0,"hd":false,"mn":"ADBE Vector Shape - Ellipse","nm":"Ellipse Path 1","d":1,"p":{"a":0,"k":[0,0],"ix":3},"s":{"a":0,"k":[11.305,11.305],"ix":2}},{"ty":"fl","bm":0,"hd":false,"mn":"ADBE Vector Graphic - Fill","nm":"Fill 1","c":{"a":0,"k":[1,0.3412,0.3412],"ix":4},"r":1,"o":{"a":0,"k":100,"ix":5}},{"ty":"tr","a":{"a":0,"k":[0,0],"ix":1},"s":{"a":0,"k":[100,100],"ix":3},"sk":{"a":0,"k":0,"ix":4},"p":{"a":0,"k":[-54.848,161.152],"ix":2},"r":{"a":0,"k":0,"ix":6},"sa":{"a":0,"k":0,"ix":5},"o":{"a":0,"k":100,"ix":7}}]}],"ind":23},{"ty":4,"nm":"Shape Layer 5","sr":1,"st":1,"op":38,"ip":1,"hd":false,"ddd":0,"bm":0,"hasMask":false,"ao":0,"ks":{"a":{"a":0,"k":[-54.848,161.152,0],"ix":1},"s":{"a":1,"k":[{"o":{"x":0.792,"y":0},"i":{"x":0,"y":1.431},"s":[0,0,100],"t":1},{"o":{"x":0.333,"y":0},"i":{"x":0.833,"y":1},"s":[1080,1080,100],"t":14.179},{"o":{"x":0.948,"y":0},"i":{"x":0.667,"y":1},"s":[1080,1080,100],"t":20.036},{"o":{"x":0.792,"y":0},"i":{"x":0.667,"y":1},"s":[0,0,100],"t":31.75},{"s":[0,0,100],"t":36.142578125}],"ix":6},"sk":{"a":0,"k":0},"p":{"a":0,"k":[540,910.235,0],"ix":2},"r":{"a":0,"k":0,"ix":10},"sa":{"a":0,"k":0},"o":{"a":0,"k":100,"ix":11}},"ef":[],"shapes":[{"ty":"gr","bm":0,"hd":false,"mn":"ADBE Vector Group","nm":"Ellipse 1","ix":1,"cix":2,"np":3,"it":[{"ty":"el","bm":0,"hd":false,"mn":"ADBE Vector Shape - Ellipse","nm":"Ellipse Path 1","d":1,"p":{"a":0,"k":[0,0],"ix":3},"s":{"a":0,"k":[11.305,11.305],"ix":2}},{"ty":"fl","bm":0,"hd":false,"mn":"ADBE Vector Graphic - Fill","nm":"Fill 1","c":{"a":0,"k":[1,0.3412,0.3412],"ix":4},"r":1,"o":{"a":0,"k":100,"ix":5}},{"ty":"tr","a":{"a":0,"k":[0,0],"ix":1},"s":{"a":0,"k":[100,100],"ix":3},"sk":{"a":0,"k":0,"ix":4},"p":{"a":0,"k":[-54.848,161.152],"ix":2},"r":{"a":0,"k":0,"ix":6},"sa":{"a":0,"k":0,"ix":5},"o":{"a":0,"k":100,"ix":7}}]}],"ind":24}],"v":"5.7.6","fr":25,"op":62,"ip":30,"assets":[]}