<?xml version="1.0" encoding="UTF-8" standalone="yes"?>
<p:sldMaster xmlns:a="http://schemas.openxmlformats.org/drawingml/2006/main" xmlns:p="http://schemas.openxmlformats.org/presentationml/2006/main" xmlns:r="http://schemas.openxmlformats.org/officeDocument/2006/relationships" xmlns:p14="http://schemas.microsoft.com/office/powerpoint/2010/main" xmlns:p15="http://schemas.microsoft.com/office/powerpoint/2012/main" xmlns:mc="http://schemas.openxmlformats.org/markup-compatibility/2006"><p:cSld><p:bg><p:bgPr><a:solidFill><a:srgbClr val="0e2a47"/></a:solidFill></p:bgPr></p:bg><p:spTree><p:nvGrpSpPr>        <p:cNvPr id="1" name=""/>        <p:cNvGrpSpPr/>        <p:nvPr/>      </p:nvGrpSpPr>      <p:grpSpPr>        <a:xfrm>          <a:off x="0" y="0"/>          <a:ext cx="0" cy="0"/>          <a:chOff x="0" y="0"/>          <a:chExt cx="0" cy="0"/>        </a:xfrm>      </p:grpSpPr></p:spTree></p:cSld><p:clrMap bg1="lt1" bg2="lt2" tx1="dk1" tx2="dk2" accent1="accent1" accent2="accent2" accent3="accent3" accent4="accent4" accent5="accent5" accent6="accent6" hlink="hlink" folHlink="folHlink"/><p:sldLayoutIdLst><p:sldLayoutId id="2147483697" r:id="rId2"/></p:sldLayoutIdLst></p:sldMaster>