<?xml version="1.0" encoding="UTF-8" standalone="yes"?>
<p:sldMaster xmlns:a="http://schemas.openxmlformats.org/drawingml/2006/main" xmlns:p="http://schemas.openxmlformats.org/presentationml/2006/main" xmlns:r="http://schemas.openxmlformats.org/officeDocument/2006/relationships" xmlns:p14="http://schemas.microsoft.com/office/powerpoint/2010/main" xmlns:p15="http://schemas.microsoft.com/office/powerpoint/2012/main" xmlns:mc="http://schemas.openxmlformats.org/markup-compatibility/2006"><p:cSld><p:bg><p:bgPr><a:solidFill><a:schemeClr val="lt2"></a:schemeClr></a:solidFill></p:bgPr></p:bg><p:spTree><p:nvGrpSpPr>        <p:cNvPr id="1" name=""/>        <p:cNvGrpSpPr/>        <p:nvPr/>      </p:nvGrpSpPr>      <p:grpSpPr>        <a:xfrm>          <a:off x="0" y="0"/>          <a:ext cx="0" cy="0"/>          <a:chOff x="0" y="0"/>          <a:chExt cx="0" cy="0"/>        </a:xfrm>      </p:grpSpPr><p:pic><p:nvPicPr><p:cNvPr id="0" name="Google Shape;9;p2" descr=""></p:cNvPr><p:cNvPicPr/><p:nvPr/></p:nvPicPr><p:blipFill><a:blip r:embed="rId2"></a:blip><a:srcRect l="0" t="1844" r="1844" b="0"/><a:stretch/></p:blipFill><p:spPr><a:xfrm><a:off x="0" y="0"/><a:ext cx="9143640" cy="5143320"/></a:xfrm><a:prstGeom prst="rect"><a:avLst/></a:prstGeom><a:ln w="0"><a:noFill/></a:ln></p:spPr></p:pic><p:pic><p:nvPicPr><p:cNvPr id="1" name="Google Shape;10;p2" descr=""></p:cNvPr><p:cNvPicPr/><p:nvPr/></p:nvPicPr><p:blipFill><a:blip r:embed="rId3"><a:alphaModFix amt="60000"/></a:blip><a:srcRect l="0" t="0" r="0" b="1681"/><a:stretch/></p:blipFill><p:spPr><a:xfrm><a:off x="0" y="0"/><a:ext cx="2740680" cy="5143320"/></a:xfrm><a:prstGeom prst="rect"><a:avLst/></a:prstGeom><a:ln w="0"><a:noFill/></a:ln></p:spPr></p:pic><p:grpSp><p:nvGrpSpPr><p:cNvPr id="2" name="Google Shape;11;p2"></p:cNvPr><p:cNvGrpSpPr/><p:nvPr/></p:nvGrpSpPr><p:grpSpPr><a:xfrm><a:off x="-2166480" y="-2744640"/><a:ext cx="13380120" cy="9878400"/><a:chOff x="-2166480" y="-2744640"/><a:chExt cx="13380120" cy="9878400"/></a:xfrm></p:grpSpPr><p:pic><p:nvPicPr><p:cNvPr id="3" name="Google Shape;12;p2" descr=""></p:cNvPr><p:cNvPicPr/><p:nvPr/></p:nvPicPr><p:blipFill><a:blip r:embed="rId4"><a:alphaModFix amt="50000"/></a:blip><a:stretch/></p:blipFill><p:spPr><a:xfrm rot="7507200"><a:off x="7163280" y="3111480"/><a:ext cx="3409920" cy="3335760"/></a:xfrm><a:prstGeom prst="rect"><a:avLst/></a:prstGeom><a:ln w="0"><a:noFill/></a:ln></p:spPr></p:pic><p:pic><p:nvPicPr><p:cNvPr id="4" name="Google Shape;13;p2" descr=""></p:cNvPr><p:cNvPicPr/><p:nvPr/></p:nvPicPr><p:blipFill><a:blip r:embed="rId5"><a:alphaModFix amt="50000"/></a:blip><a:stretch/></p:blipFill><p:spPr><a:xfrm rot="3138600"><a:off x="-1483560" y="-2016360"/><a:ext cx="3541680" cy="3464640"/></a:xfrm><a:prstGeom prst="rect"><a:avLst/></a:prstGeom><a:ln w="0"><a:noFill/></a:ln></p:spPr></p:pic></p:grpSp><p:sp><p:nvSpPr><p:cNvPr id="5" name="PlaceHolder 1"></p:cNvPr><p:cNvSpPr><a:spLocks noGrp="1"/></p:cNvSpPr><p:nvPr><p:ph type="title"/></p:nvPr></p:nvSpPr><p:spPr><a:xfrm><a:off x="2007720" y="1080720"/><a:ext cx="6719400" cy="1496880"/></a:xfrm><a:prstGeom prst="rect"><a:avLst/></a:prstGeom><a:noFill/><a:ln w="0"><a:noFill/></a:ln></p:spPr><p:txBody><a:bodyPr lIns="91440" rIns="91440" tIns="91440" bIns="91440" anchor="b"><a:noAutofit/></a:bodyPr><a:p><a:pPr indent="0"><a:buNone/></a:pPr><a:r><a:rPr b="0" lang="fr-FR" sz="3800" spc="-1" strike="noStrike"><a:solidFill><a:schemeClr val="dk1"></a:schemeClr></a:solidFill><a:latin typeface="Arial"/></a:rPr><a:t>Click to edit the title text format</a:t></a:r><a:endParaRPr b="0" lang="fr-FR" sz="3800" spc="-1" strike="noStrike"><a:solidFill><a:schemeClr val="dk1"></a:schemeClr></a:solidFill><a:latin typeface="Arial"/></a:endParaRPr></a:p></p:txBody></p:sp><p:sp><p:nvSpPr><p:cNvPr id="6" name="PlaceHolder 2"></p:cNvPr><p:cNvSpPr><a:spLocks noGrp="1"/></p:cNvSpPr><p:nvPr><p:ph type="body"/></p:nvPr></p:nvSpPr><p:spPr><a:xfrm><a:off x="457200" y="1203480"/><a:ext cx="8229240" cy="2982960"/></a:xfrm><a:prstGeom prst="rect"><a:avLst/></a:prstGeom><a:noFill/><a:ln w="0"><a:noFill/></a:ln></p:spPr><p:txBody><a:bodyPr lIns="0" rIns="0" tIns="0" bIns="0" anchor="t"><a:normAutofit/></a:bodyPr><a:p><a:pPr marL="432000" indent="-324000"><a:spcBef><a:spcPts val="1417"/></a:spcBef><a:buClr><a:srgbClr val="ffffff"/></a:buClr><a:buSzPct val="45000"/><a:buFont typeface="Wingdings" charset="2"/><a:buChar char=""/></a:pPr><a:r><a:rPr b="0" lang="fr-FR" sz="1400" spc="-1" strike="noStrike"><a:solidFill><a:srgbClr val="000000"/></a:solidFill><a:latin typeface="Arial"/></a:rPr><a:t>Click to edit the outline text format</a:t></a:r><a:endParaRPr b="0" lang="fr-FR" sz="1400" spc="-1" strike="noStrike"><a:solidFill><a:srgbClr val="000000"/></a:solidFill><a:latin typeface="Arial"/></a:endParaRPr></a:p><a:p><a:pPr lvl="1" marL="864000" indent="-324000"><a:spcBef><a:spcPts val="1134"/></a:spcBef><a:buClr><a:srgbClr val="ffffff"/></a:buClr><a:buSzPct val="75000"/><a:buFont typeface="Symbol" charset="2"/><a:buChar char=""/></a:pPr><a:r><a:rPr b="0" lang="fr-FR" sz="1400" spc="-1" strike="noStrike"><a:solidFill><a:srgbClr val="000000"/></a:solidFill><a:latin typeface="Arial"/></a:rPr><a:t>Second Outline Level</a:t></a:r><a:endParaRPr b="0" lang="fr-FR" sz="1400" spc="-1" strike="noStrike"><a:solidFill><a:srgbClr val="000000"/></a:solidFill><a:latin typeface="Arial"/></a:endParaRPr></a:p><a:p><a:pPr lvl="2" marL="1296000" indent="-288000"><a:spcBef><a:spcPts val="850"/></a:spcBef><a:buClr><a:srgbClr val="ffffff"/></a:buClr><a:buSzPct val="45000"/><a:buFont typeface="Wingdings" charset="2"/><a:buChar char=""/></a:pPr><a:r><a:rPr b="0" lang="fr-FR" sz="1400" spc="-1" strike="noStrike"><a:solidFill><a:srgbClr val="000000"/></a:solidFill><a:latin typeface="Arial"/></a:rPr><a:t>Third Outline Level</a:t></a:r><a:endParaRPr b="0" lang="fr-FR" sz="1400" spc="-1" strike="noStrike"><a:solidFill><a:srgbClr val="000000"/></a:solidFill><a:latin typeface="Arial"/></a:endParaRPr></a:p><a:p><a:pPr lvl="3" marL="1728000" indent="-216000"><a:spcBef><a:spcPts val="567"/></a:spcBef><a:buClr><a:srgbClr val="ffffff"/></a:buClr><a:buSzPct val="75000"/><a:buFont typeface="Symbol" charset="2"/><a:buChar char=""/></a:pPr><a:r><a:rPr b="0" lang="fr-FR" sz="1400" spc="-1" strike="noStrike"><a:solidFill><a:srgbClr val="000000"/></a:solidFill><a:latin typeface="Arial"/></a:rPr><a:t>Fourth Outline Level</a:t></a:r><a:endParaRPr b="0" lang="fr-FR" sz="1400" spc="-1" strike="noStrike"><a:solidFill><a:srgbClr val="000000"/></a:solidFill><a:latin typeface="Arial"/></a:endParaRPr></a:p><a:p><a:pPr lvl="4" marL="2160000" indent="-216000"><a:spcBef><a:spcPts val="283"/></a:spcBef><a:buClr><a:srgbClr val="ffffff"/></a:buClr><a:buSzPct val="45000"/><a:buFont typeface="Wingdings" charset="2"/><a:buChar char=""/></a:pPr><a:r><a:rPr b="0" lang="fr-FR" sz="2000" spc="-1" strike="noStrike"><a:solidFill><a:srgbClr val="000000"/></a:solidFill><a:latin typeface="Arial"/></a:rPr><a:t>Fifth Outline Level</a:t></a:r><a:endParaRPr b="0" lang="fr-FR" sz="2000" spc="-1" strike="noStrike"><a:solidFill><a:srgbClr val="000000"/></a:solidFill><a:latin typeface="Arial"/></a:endParaRPr></a:p><a:p><a:pPr lvl="5" marL="2592000" indent="-216000"><a:spcBef><a:spcPts val="283"/></a:spcBef><a:buClr><a:srgbClr val="ffffff"/></a:buClr><a:buSzPct val="45000"/><a:buFont typeface="Wingdings" charset="2"/><a:buChar char=""/></a:pPr><a:r><a:rPr b="0" lang="fr-FR" sz="2000" spc="-1" strike="noStrike"><a:solidFill><a:srgbClr val="000000"/></a:solidFill><a:latin typeface="Arial"/></a:rPr><a:t>Sixth Outline Level</a:t></a:r><a:endParaRPr b="0" lang="fr-FR" sz="2000" spc="-1" strike="noStrike"><a:solidFill><a:srgbClr val="000000"/></a:solidFill><a:latin typeface="Arial"/></a:endParaRPr></a:p><a:p><a:pPr lvl="6" marL="3024000" indent="-216000"><a:spcBef><a:spcPts val="283"/></a:spcBef><a:buClr><a:srgbClr val="ffffff"/></a:buClr><a:buSzPct val="45000"/><a:buFont typeface="Wingdings" charset="2"/><a:buChar char=""/></a:pPr><a:r><a:rPr b="0" lang="fr-FR" sz="2000" spc="-1" strike="noStrike"><a:solidFill><a:srgbClr val="000000"/></a:solidFill><a:latin typeface="Arial"/></a:rPr><a:t>Seventh Outline Level</a:t></a:r><a:endParaRPr b="0" lang="fr-FR" sz="2000" spc="-1" strike="noStrike"><a:solidFill><a:srgbClr val="000000"/></a:solidFill><a:latin typeface="Arial"/></a:endParaRPr></a:p></p:txBody></p:sp></p:spTree></p:cSld><p:clrMap bg1="lt1" bg2="lt2" tx1="dk1" tx2="dk2" accent1="accent1" accent2="accent2" accent3="accent3" accent4="accent4" accent5="accent5" accent6="accent6" hlink="hlink" folHlink="folHlink"/><p:sldLayoutIdLst><p:sldLayoutId id="2147483649" r:id="rId6"/></p:sldLayoutIdLst></p:sldMaster>