<?xml version="1.0" encoding="UTF-8" standalone="yes"?>
<p:sldMaster xmlns:a="http://schemas.openxmlformats.org/drawingml/2006/main" xmlns:p="http://schemas.openxmlformats.org/presentationml/2006/main" xmlns:r="http://schemas.openxmlformats.org/officeDocument/2006/relationships" xmlns:p14="http://schemas.microsoft.com/office/powerpoint/2010/main" xmlns:p15="http://schemas.microsoft.com/office/powerpoint/2012/main" xmlns:mc="http://schemas.openxmlformats.org/markup-compatibility/2006"><p:cSld><p:bg><p:bgPr><a:solidFill><a:schemeClr val="lt2"></a:schemeClr></a:solidFill></p:bgPr></p:bg><p:spTree><p:nvGrpSpPr>        <p:cNvPr id="1" name=""/>        <p:cNvGrpSpPr/>        <p:nvPr/>      </p:nvGrpSpPr>      <p:grpSpPr>        <a:xfrm>          <a:off x="0" y="0"/>          <a:ext cx="0" cy="0"/>          <a:chOff x="0" y="0"/>          <a:chExt cx="0" cy="0"/>        </a:xfrm>      </p:grpSpPr><p:pic><p:nvPicPr><p:cNvPr id="9" name="Google Shape;248;p11" descr=""></p:cNvPr><p:cNvPicPr/><p:nvPr/></p:nvPicPr><p:blipFill><a:blip r:embed="rId2"></a:blip><a:srcRect l="0" t="1844" r="1844" b="0"/><a:stretch/></p:blipFill><p:spPr><a:xfrm><a:off x="0" y="0"/><a:ext cx="9143640" cy="5143320"/></a:xfrm><a:prstGeom prst="rect"><a:avLst/></a:prstGeom><a:ln w="0"><a:noFill/></a:ln></p:spPr></p:pic><p:pic><p:nvPicPr><p:cNvPr id="10" name="Google Shape;249;p11" descr=""></p:cNvPr><p:cNvPicPr/><p:nvPr/></p:nvPicPr><p:blipFill><a:blip r:embed="rId3"><a:alphaModFix amt="60000"/></a:blip><a:srcRect l="0" t="0" r="0" b="1681"/><a:stretch/></p:blipFill><p:spPr><a:xfrm flipH="1"><a:off x="6403320" y="0"/><a:ext cx="2740680" cy="5143320"/></a:xfrm><a:prstGeom prst="rect"><a:avLst/></a:prstGeom><a:ln w="0"><a:noFill/></a:ln></p:spPr></p:pic><p:grpSp><p:nvGrpSpPr><p:cNvPr id="11" name="Google Shape;250;p11"></p:cNvPr><p:cNvGrpSpPr/><p:nvPr/></p:nvGrpSpPr><p:grpSpPr><a:xfrm><a:off x="-1880280" y="-2238480"/><a:ext cx="12745800" cy="9193680"/><a:chOff x="-1880280" y="-2238480"/><a:chExt cx="12745800" cy="9193680"/></a:xfrm></p:grpSpPr><p:pic><p:nvPicPr><p:cNvPr id="12" name="Google Shape;251;p11" descr=""></p:cNvPr><p:cNvPicPr/><p:nvPr/></p:nvPicPr><p:blipFill><a:blip r:embed="rId4"><a:alphaModFix amt="50000"/></a:blip><a:stretch/></p:blipFill><p:spPr><a:xfrm rot="6622200"><a:off x="-1410480" y="2959560"/><a:ext cx="3541680" cy="3464640"/></a:xfrm><a:prstGeom prst="rect"><a:avLst/></a:prstGeom><a:ln w="0"><a:noFill/></a:ln></p:spPr></p:pic><p:pic><p:nvPicPr><p:cNvPr id="13" name="Google Shape;252;p11" descr=""></p:cNvPr><p:cNvPicPr/><p:nvPr/></p:nvPicPr><p:blipFill><a:blip r:embed="rId5"><a:alphaModFix amt="50000"/></a:blip><a:stretch/></p:blipFill><p:spPr><a:xfrm rot="4680600"><a:off x="7031880" y="-1878480"/><a:ext cx="3541680" cy="3464640"/></a:xfrm><a:prstGeom prst="rect"><a:avLst/></a:prstGeom><a:ln w="0"><a:noFill/></a:ln></p:spPr></p:pic></p:grpSp><p:grpSp><p:nvGrpSpPr><p:cNvPr id="14" name="Google Shape;253;p11"></p:cNvPr><p:cNvGrpSpPr/><p:nvPr/></p:nvGrpSpPr><p:grpSpPr><a:xfrm><a:off x="-440640" y="-271440"/><a:ext cx="9706680" cy="5878800"/><a:chOff x="-440640" y="-271440"/><a:chExt cx="9706680" cy="5878800"/></a:xfrm></p:grpSpPr><p:grpSp><p:nvGrpSpPr><p:cNvPr id="15" name="Google Shape;254;p11"></p:cNvPr><p:cNvGrpSpPr/><p:nvPr/></p:nvGrpSpPr><p:grpSpPr><a:xfrm><a:off x="7302960" y="3600360"/><a:ext cx="1963080" cy="2007000"/><a:chOff x="7302960" y="3600360"/><a:chExt cx="1963080" cy="2007000"/></a:xfrm></p:grpSpPr><p:pic><p:nvPicPr><p:cNvPr id="16" name="Google Shape;255;p11" descr=""></p:cNvPr><p:cNvPicPr/><p:nvPr/></p:nvPicPr><p:blipFill><a:blip r:embed="rId6"><a:alphaModFix amt="50000"/></a:blip><a:stretch/></p:blipFill><p:spPr><a:xfrm rot="5400000"><a:off x="7281000" y="3622320"/><a:ext cx="2007000" cy="1963080"/></a:xfrm><a:prstGeom prst="rect"><a:avLst/></a:prstGeom><a:ln w="0"><a:noFill/></a:ln></p:spPr></p:pic><p:grpSp><p:nvGrpSpPr><p:cNvPr id="17" name="Google Shape;256;p11"></p:cNvPr><p:cNvGrpSpPr/><p:nvPr/></p:nvGrpSpPr><p:grpSpPr><a:xfrm><a:off x="8547840" y="4489920"/><a:ext cx="326880" cy="318240"/><a:chOff x="8547840" y="4489920"/><a:chExt cx="326880" cy="318240"/></a:xfrm></p:grpSpPr><p:sp><p:nvSpPr><p:cNvPr id="18" name="Google Shape;257;p11"></p:cNvPr><p:cNvSpPr/><p:nvPr/></p:nvSpPr><p:spPr><a:xfrm><a:off x="8674200" y="4786560"/><a:ext cx="115920" cy="21600"/></a:xfrm><a:custGeom><a:avLst/><a:gdLst><a:gd name="textAreaLeft" fmla="*/ 0 w 115920"/><a:gd name="textAreaRight" fmla="*/ 116280 w 115920"/><a:gd name="textAreaTop" fmla="*/ 0 h 21600"/><a:gd name="textAreaBottom" fmla="*/ 21960 h 21600"/></a:gdLst><a:ahLst/><a:rect l="textAreaLeft" t="textAreaTop" r="textAreaRight" b="textAreaBottom"/><a:pathLst><a:path w="190" h="36"><a:moveTo><a:pt x="1" y="14"/></a:moveTo><a:cubicBezTo><a:pt x="0" y="16"/><a:pt x="2" y="19"/><a:pt x="4" y="19"/></a:cubicBezTo><a:cubicBezTo><a:pt x="65" y="36"/><a:pt x="135" y="29"/><a:pt x="190" y="0"/></a:cubicBezTo><a:cubicBezTo><a:pt x="6" y="0"/><a:pt x="6" y="0"/><a:pt x="6" y="0"/></a:cubicBezTo><a:lnTo><a:pt x="1" y="14"/></a:lnTo><a:close/></a:path></a:pathLst></a:custGeom><a:solidFill><a:srgbClr val="ffffff"><a:alpha val="50000"/></a:srgbClr></a:solidFill><a:ln w="0"><a:noFill/></a:ln></p:spPr><p:style><a:lnRef idx="0"/><a:fillRef idx="0"/><a:effectRef idx="0"/><a:fontRef idx="minor"/></p:style><p:txBody><a:bodyPr tIns="10800" bIns="10800" anchor="t"><a:noAutofit/></a:bodyPr><a:p><a:pPr defTabSz="914400"><a:lnSpc><a:spcPct val="100000"/></a:lnSpc><a:tabLst><a:tab algn="l" pos="0"/></a:tabLst></a:pPr><a:endParaRPr b="0" lang="en-US" sz="1800" spc="-1" strike="noStrike"><a:solidFill><a:srgbClr val="000000"/></a:solidFill><a:latin typeface="OpenSymbol"/></a:endParaRPr></a:p></p:txBody></p:sp><p:sp><p:nvSpPr><p:cNvPr id="19" name="Google Shape;258;p11"></p:cNvPr><p:cNvSpPr/><p:nvPr/></p:nvSpPr><p:spPr><a:xfrm><a:off x="8547840" y="4608360"/><a:ext cx="155880" cy="181080"/></a:xfrm><a:custGeom><a:avLst/><a:gdLst><a:gd name="textAreaLeft" fmla="*/ 0 w 155880"/><a:gd name="textAreaRight" fmla="*/ 156240 w 155880"/><a:gd name="textAreaTop" fmla="*/ 0 h 181080"/><a:gd name="textAreaBottom" fmla="*/ 181440 h 181080"/></a:gdLst><a:ahLst/><a:rect l="textAreaLeft" t="textAreaTop" r="textAreaRight" b="textAreaBottom"/><a:pathLst><a:path w="255" h="296"><a:moveTo><a:pt x="251" y="72"/></a:moveTo><a:cubicBezTo><a:pt x="34" y="1"/><a:pt x="34" y="1"/><a:pt x="34" y="1"/></a:cubicBezTo><a:cubicBezTo><a:pt x="32" y="0"/><a:pt x="29" y="2"/><a:pt x="28" y="5"/></a:cubicBezTo><a:cubicBezTo><a:pt x="0" y="121"/><a:pt x="60" y="245"/><a:pt x="169" y="295"/></a:cubicBezTo><a:cubicBezTo><a:pt x="171" y="296"/><a:pt x="174" y="295"/><a:pt x="175" y="292"/></a:cubicBezTo><a:cubicBezTo><a:pt x="254" y="78"/><a:pt x="254" y="78"/><a:pt x="254" y="78"/></a:cubicBezTo><a:cubicBezTo><a:pt x="255" y="76"/><a:pt x="254" y="73"/><a:pt x="251" y="72"/></a:cubicBezTo><a:close/></a:path></a:pathLst></a:custGeom><a:solidFill><a:srgbClr val="ffffff"><a:alpha val="50000"/></a:srgbClr></a:solidFill><a:ln w="0"><a:noFill/></a:ln></p:spPr><p:style><a:lnRef idx="0"/><a:fillRef idx="0"/><a:effectRef idx="0"/><a:fontRef idx="minor"/></p:style><p:txBody><a:bodyPr anchor="t"><a:noAutofit/></a:bodyPr><a:p><a:pPr defTabSz="914400"><a:lnSpc><a:spcPct val="100000"/></a:lnSpc><a:tabLst><a:tab algn="l" pos="0"/></a:tabLst></a:pPr><a:endParaRPr b="0" lang="en-US" sz="1800" spc="-1" strike="noStrike"><a:solidFill><a:srgbClr val="000000"/></a:solidFill><a:latin typeface="OpenSymbol"/></a:endParaRPr></a:p></p:txBody></p:sp><p:sp><p:nvSpPr><p:cNvPr id="20" name="Google Shape;259;p11"></p:cNvPr><p:cNvSpPr/><p:nvPr/></p:nvSpPr><p:spPr><a:xfrm><a:off x="8685720" y="4742640"/><a:ext cx="156960" cy="23040"/></a:xfrm><a:custGeom><a:avLst/><a:gdLst><a:gd name="textAreaLeft" fmla="*/ 0 w 156960"/><a:gd name="textAreaRight" fmla="*/ 157320 w 156960"/><a:gd name="textAreaTop" fmla="*/ 0 h 23040"/><a:gd name="textAreaBottom" fmla="*/ 23400 h 23040"/></a:gdLst><a:ahLst/><a:rect l="textAreaLeft" t="textAreaTop" r="textAreaRight" b="textAreaBottom"/><a:pathLst><a:path w="257" h="38"><a:moveTo><a:pt x="0" y="38"/></a:moveTo><a:cubicBezTo><a:pt x="221" y="38"/><a:pt x="221" y="38"/><a:pt x="221" y="38"/></a:cubicBezTo><a:cubicBezTo><a:pt x="234" y="26"/><a:pt x="246" y="13"/><a:pt x="257" y="0"/></a:cubicBezTo><a:cubicBezTo><a:pt x="14" y="0"/><a:pt x="14" y="0"/><a:pt x="14" y="0"/></a:cubicBezTo><a:lnTo><a:pt x="0" y="38"/></a:lnTo><a:close/></a:path></a:pathLst></a:custGeom><a:solidFill><a:srgbClr val="ffffff"><a:alpha val="50000"/></a:srgbClr></a:solidFill><a:ln w="0"><a:noFill/></a:ln></p:spPr><p:style><a:lnRef idx="0"/><a:fillRef idx="0"/><a:effectRef idx="0"/><a:fontRef idx="minor"/></p:style><p:txBody><a:bodyPr tIns="11520" bIns="11520" anchor="t"><a:noAutofit/></a:bodyPr><a:p><a:pPr defTabSz="914400"><a:lnSpc><a:spcPct val="100000"/></a:lnSpc><a:tabLst><a:tab algn="l" pos="0"/></a:tabLst></a:pPr><a:endParaRPr b="0" lang="en-US" sz="1800" spc="-1" strike="noStrike"><a:solidFill><a:srgbClr val="000000"/></a:solidFill><a:latin typeface="OpenSymbol"/></a:endParaRPr></a:p></p:txBody></p:sp><p:sp><p:nvSpPr><p:cNvPr id="21" name="Google Shape;260;p11"></p:cNvPr><p:cNvSpPr/><p:nvPr/></p:nvSpPr><p:spPr><a:xfrm><a:off x="8572680" y="4489920"/><a:ext cx="134280" cy="141480"/></a:xfrm><a:custGeom><a:avLst/><a:gdLst><a:gd name="textAreaLeft" fmla="*/ 0 w 134280"/><a:gd name="textAreaRight" fmla="*/ 134640 w 134280"/><a:gd name="textAreaTop" fmla="*/ 0 h 141480"/><a:gd name="textAreaBottom" fmla="*/ 141840 h 141480"/></a:gdLst><a:ahLst/><a:rect l="textAreaLeft" t="textAreaTop" r="textAreaRight" b="textAreaBottom"/><a:pathLst><a:path w="220" h="231"><a:moveTo><a:pt x="4" y="162"/></a:moveTo><a:cubicBezTo><a:pt x="214" y="230"/><a:pt x="214" y="230"/><a:pt x="214" y="230"/></a:cubicBezTo><a:cubicBezTo><a:pt x="217" y="231"/><a:pt x="220" y="229"/><a:pt x="220" y="226"/></a:cubicBezTo><a:cubicBezTo><a:pt x="220" y="5"/><a:pt x="220" y="5"/><a:pt x="220" y="5"/></a:cubicBezTo><a:cubicBezTo><a:pt x="220" y="2"/><a:pt x="217" y="0"/><a:pt x="215" y="0"/></a:cubicBezTo><a:cubicBezTo><a:pt x="155" y="6"/><a:pt x="99" y="31"/><a:pt x="56" y="75"/></a:cubicBezTo><a:cubicBezTo><a:pt x="32" y="98"/><a:pt x="14" y="125"/><a:pt x="1" y="155"/></a:cubicBezTo><a:cubicBezTo><a:pt x="0" y="158"/><a:pt x="1" y="161"/><a:pt x="4" y="162"/></a:cubicBezTo><a:close/></a:path></a:pathLst></a:custGeom><a:solidFill><a:srgbClr val="ffffff"><a:alpha val="50000"/></a:srgbClr></a:solidFill><a:ln w="0"><a:noFill/></a:ln></p:spPr><p:style><a:lnRef idx="0"/><a:fillRef idx="0"/><a:effectRef idx="0"/><a:fontRef idx="minor"/></p:style><p:txBody><a:bodyPr anchor="t"><a:noAutofit/></a:bodyPr><a:p><a:pPr defTabSz="914400"><a:lnSpc><a:spcPct val="100000"/></a:lnSpc><a:tabLst><a:tab algn="l" pos="0"/></a:tabLst></a:pPr><a:endParaRPr b="0" lang="en-US" sz="1800" spc="-1" strike="noStrike"><a:solidFill><a:srgbClr val="000000"/></a:solidFill><a:latin typeface="OpenSymbol"/></a:endParaRPr></a:p></p:txBody></p:sp><p:sp><p:nvSpPr><p:cNvPr id="22" name="Google Shape;261;p11"></p:cNvPr><p:cNvSpPr/><p:nvPr/></p:nvSpPr><p:spPr><a:xfrm><a:off x="8701560" y="4700160"/><a:ext cx="164160" cy="21240"/></a:xfrm><a:custGeom><a:avLst/><a:gdLst><a:gd name="textAreaLeft" fmla="*/ 0 w 164160"/><a:gd name="textAreaRight" fmla="*/ 164520 w 164160"/><a:gd name="textAreaTop" fmla="*/ 0 h 21240"/><a:gd name="textAreaBottom" fmla="*/ 21600 h 21240"/></a:gdLst><a:ahLst/><a:rect l="textAreaLeft" t="textAreaTop" r="textAreaRight" b="textAreaBottom"/><a:pathLst><a:path w="268" h="35"><a:moveTo><a:pt x="0" y="35"/></a:moveTo><a:cubicBezTo><a:pt x="253" y="35"/><a:pt x="253" y="35"/><a:pt x="253" y="35"/></a:cubicBezTo><a:cubicBezTo><a:pt x="259" y="24"/><a:pt x="264" y="12"/><a:pt x="268" y="0"/></a:cubicBezTo><a:cubicBezTo><a:pt x="13" y="0"/><a:pt x="13" y="0"/><a:pt x="13" y="0"/></a:cubicBezTo><a:lnTo><a:pt x="0" y="35"/></a:lnTo><a:close/></a:path></a:pathLst></a:custGeom><a:solidFill><a:srgbClr val="ffffff"><a:alpha val="50000"/></a:srgbClr></a:solidFill><a:ln w="0"><a:noFill/></a:ln></p:spPr><p:style><a:lnRef idx="0"/><a:fillRef idx="0"/><a:effectRef idx="0"/><a:fontRef idx="minor"/></p:style><p:txBody><a:bodyPr tIns="10800" bIns="10800" anchor="t"><a:noAutofit/></a:bodyPr><a:p><a:pPr defTabSz="914400"><a:lnSpc><a:spcPct val="100000"/></a:lnSpc><a:tabLst><a:tab algn="l" pos="0"/></a:tabLst></a:pPr><a:endParaRPr b="0" lang="en-US" sz="1800" spc="-1" strike="noStrike"><a:solidFill><a:srgbClr val="000000"/></a:solidFill><a:latin typeface="OpenSymbol"/></a:endParaRPr></a:p></p:txBody></p:sp><p:sp><p:nvSpPr><p:cNvPr id="23" name="Google Shape;262;p11"></p:cNvPr><p:cNvSpPr/><p:nvPr/></p:nvSpPr><p:spPr><a:xfrm><a:off x="8717040" y="4657320"/><a:ext cx="157680" cy="21600"/></a:xfrm><a:custGeom><a:avLst/><a:gdLst><a:gd name="textAreaLeft" fmla="*/ 0 w 157680"/><a:gd name="textAreaRight" fmla="*/ 158040 w 157680"/><a:gd name="textAreaTop" fmla="*/ 0 h 21600"/><a:gd name="textAreaBottom" fmla="*/ 21960 h 21600"/></a:gdLst><a:ahLst/><a:rect l="textAreaLeft" t="textAreaTop" r="textAreaRight" b="textAreaBottom"/><a:pathLst><a:path w="258" h="36"><a:moveTo><a:pt x="253" y="0"/></a:moveTo><a:cubicBezTo><a:pt x="16" y="0"/><a:pt x="16" y="0"/><a:pt x="16" y="0"/></a:cubicBezTo><a:cubicBezTo><a:pt x="15" y="0"/><a:pt x="14" y="1"/><a:pt x="13" y="2"/></a:cubicBezTo><a:cubicBezTo><a:pt x="0" y="36"/><a:pt x="0" y="36"/><a:pt x="0" y="36"/></a:cubicBezTo><a:cubicBezTo><a:pt x="253" y="36"/><a:pt x="253" y="36"/><a:pt x="253" y="36"/></a:cubicBezTo><a:cubicBezTo><a:pt x="255" y="26"/><a:pt x="257" y="16"/><a:pt x="257" y="5"/></a:cubicBezTo><a:cubicBezTo><a:pt x="258" y="2"/><a:pt x="255" y="0"/><a:pt x="253" y="0"/></a:cubicBezTo><a:close/></a:path></a:pathLst></a:custGeom><a:solidFill><a:srgbClr val="ffffff"><a:alpha val="50000"/></a:srgbClr></a:solidFill><a:ln w="0"><a:noFill/></a:ln></p:spPr><p:style><a:lnRef idx="0"/><a:fillRef idx="0"/><a:effectRef idx="0"/><a:fontRef idx="minor"/></p:style><p:txBody><a:bodyPr tIns="10800" bIns="10800" anchor="t"><a:noAutofit/></a:bodyPr><a:p><a:pPr defTabSz="914400"><a:lnSpc><a:spcPct val="100000"/></a:lnSpc><a:tabLst><a:tab algn="l" pos="0"/></a:tabLst></a:pPr><a:endParaRPr b="0" lang="en-US" sz="1800" spc="-1" strike="noStrike"><a:solidFill><a:srgbClr val="000000"/></a:solidFill><a:latin typeface="OpenSymbol"/></a:endParaRPr></a:p></p:txBody></p:sp><p:sp><p:nvSpPr><p:cNvPr id="24" name="Google Shape;263;p11"></p:cNvPr><p:cNvSpPr/><p:nvPr/></p:nvSpPr><p:spPr><a:xfrm><a:off x="8746200" y="4565520"/><a:ext cx="18360" cy="54720"/></a:xfrm><a:custGeom><a:avLst/><a:gdLst><a:gd name="textAreaLeft" fmla="*/ 0 w 18360"/><a:gd name="textAreaRight" fmla="*/ 18720 w 18360"/><a:gd name="textAreaTop" fmla="*/ 0 h 54720"/><a:gd name="textAreaBottom" fmla="*/ 55080 h 54720"/></a:gdLst><a:ahLst/><a:rect l="textAreaLeft" t="textAreaTop" r="textAreaRight" b="textAreaBottom"/><a:pathLst><a:path w="31" h="90"><a:moveTo><a:pt x="16" y="90"/></a:moveTo><a:cubicBezTo><a:pt x="24" y="90"/><a:pt x="31" y="84"/><a:pt x="31" y="75"/></a:cubicBezTo><a:cubicBezTo><a:pt x="31" y="20"/><a:pt x="31" y="20"/><a:pt x="31" y="20"/></a:cubicBezTo><a:cubicBezTo><a:pt x="30" y="0"/><a:pt x="1" y="0"/><a:pt x="0" y="20"/></a:cubicBezTo><a:cubicBezTo><a:pt x="0" y="75"/><a:pt x="0" y="75"/><a:pt x="0" y="75"/></a:cubicBezTo><a:cubicBezTo><a:pt x="0" y="84"/><a:pt x="7" y="90"/><a:pt x="16" y="90"/></a:cubicBezTo><a:close/></a:path></a:pathLst></a:custGeom><a:solidFill><a:srgbClr val="ffffff"><a:alpha val="50000"/></a:srgbClr></a:solidFill><a:ln w="0"><a:noFill/></a:ln></p:spPr><p:style><a:lnRef idx="0"/><a:fillRef idx="0"/><a:effectRef idx="0"/><a:fontRef idx="minor"/></p:style><p:txBody><a:bodyPr tIns="27360" bIns="27360" anchor="t"><a:noAutofit/></a:bodyPr><a:p><a:pPr defTabSz="914400"><a:lnSpc><a:spcPct val="100000"/></a:lnSpc><a:tabLst><a:tab algn="l" pos="0"/></a:tabLst></a:pPr><a:endParaRPr b="0" lang="en-US" sz="1800" spc="-1" strike="noStrike"><a:solidFill><a:srgbClr val="000000"/></a:solidFill><a:latin typeface="OpenSymbol"/></a:endParaRPr></a:p></p:txBody></p:sp><p:sp><p:nvSpPr><p:cNvPr id="25" name="Google Shape;264;p11"></p:cNvPr><p:cNvSpPr/><p:nvPr/></p:nvSpPr><p:spPr><a:xfrm><a:off x="8783640" y="4544640"/><a:ext cx="18000" cy="75600"/></a:xfrm><a:custGeom><a:avLst/><a:gdLst><a:gd name="textAreaLeft" fmla="*/ 0 w 18000"/><a:gd name="textAreaRight" fmla="*/ 18360 w 18000"/><a:gd name="textAreaTop" fmla="*/ 0 h 75600"/><a:gd name="textAreaBottom" fmla="*/ 75960 h 75600"/></a:gdLst><a:ahLst/><a:rect l="textAreaLeft" t="textAreaTop" r="textAreaRight" b="textAreaBottom"/><a:pathLst><a:path w="30" h="124"><a:moveTo><a:pt x="15" y="124"/></a:moveTo><a:cubicBezTo><a:pt x="24" y="124"/><a:pt x="30" y="118"/><a:pt x="30" y="109"/></a:cubicBezTo><a:cubicBezTo><a:pt x="30" y="20"/><a:pt x="30" y="20"/><a:pt x="30" y="20"/></a:cubicBezTo><a:cubicBezTo><a:pt x="30" y="0"/><a:pt x="1" y="0"/><a:pt x="0" y="20"/></a:cubicBezTo><a:cubicBezTo><a:pt x="0" y="109"/><a:pt x="0" y="109"/><a:pt x="0" y="109"/></a:cubicBezTo><a:cubicBezTo><a:pt x="0" y="118"/><a:pt x="7" y="124"/><a:pt x="15" y="124"/></a:cubicBezTo><a:close/></a:path></a:pathLst></a:custGeom><a:solidFill><a:srgbClr val="ffffff"><a:alpha val="50000"/></a:srgbClr></a:solidFill><a:ln w="0"><a:noFill/></a:ln></p:spPr><p:style><a:lnRef idx="0"/><a:fillRef idx="0"/><a:effectRef idx="0"/><a:fontRef idx="minor"/></p:style><p:txBody><a:bodyPr tIns="37800" bIns="37800" anchor="t"><a:noAutofit/></a:bodyPr><a:p><a:pPr defTabSz="914400"><a:lnSpc><a:spcPct val="100000"/></a:lnSpc><a:tabLst><a:tab algn="l" pos="0"/></a:tabLst></a:pPr><a:endParaRPr b="0" lang="en-US" sz="1800" spc="-1" strike="noStrike"><a:solidFill><a:srgbClr val="000000"/></a:solidFill><a:latin typeface="OpenSymbol"/></a:endParaRPr></a:p></p:txBody></p:sp><p:sp><p:nvSpPr><p:cNvPr id="26" name="Google Shape;265;p11"></p:cNvPr><p:cNvSpPr/><p:nvPr/></p:nvSpPr><p:spPr><a:xfrm><a:off x="8821080" y="4515840"/><a:ext cx="18360" cy="104400"/></a:xfrm><a:custGeom><a:avLst/><a:gdLst><a:gd name="textAreaLeft" fmla="*/ 0 w 18360"/><a:gd name="textAreaRight" fmla="*/ 18720 w 18360"/><a:gd name="textAreaTop" fmla="*/ 0 h 104400"/><a:gd name="textAreaBottom" fmla="*/ 104760 h 104400"/></a:gdLst><a:ahLst/><a:rect l="textAreaLeft" t="textAreaTop" r="textAreaRight" b="textAreaBottom"/><a:pathLst><a:path w="30" h="171"><a:moveTo><a:pt x="15" y="171"/></a:moveTo><a:cubicBezTo><a:pt x="23" y="171"/><a:pt x="30" y="165"/><a:pt x="30" y="156"/></a:cubicBezTo><a:cubicBezTo><a:pt x="30" y="20"/><a:pt x="30" y="20"/><a:pt x="30" y="20"/></a:cubicBezTo><a:cubicBezTo><a:pt x="29" y="0"/><a:pt x="1" y="0"/><a:pt x="0" y="20"/></a:cubicBezTo><a:cubicBezTo><a:pt x="0" y="156"/><a:pt x="0" y="156"/><a:pt x="0" y="156"/></a:cubicBezTo><a:cubicBezTo><a:pt x="0" y="165"/><a:pt x="7" y="171"/><a:pt x="15" y="171"/></a:cubicBezTo><a:close/></a:path></a:pathLst></a:custGeom><a:solidFill><a:srgbClr val="ffffff"><a:alpha val="50000"/></a:srgbClr></a:solidFill><a:ln w="0"><a:noFill/></a:ln></p:spPr><p:style><a:lnRef idx="0"/><a:fillRef idx="0"/><a:effectRef idx="0"/><a:fontRef idx="minor"/></p:style><p:txBody><a:bodyPr anchor="t"><a:noAutofit/></a:bodyPr><a:p><a:pPr defTabSz="914400"><a:lnSpc><a:spcPct val="100000"/></a:lnSpc><a:tabLst><a:tab algn="l" pos="0"/></a:tabLst></a:pPr><a:endParaRPr b="0" lang="en-US" sz="1800" spc="-1" strike="noStrike"><a:solidFill><a:srgbClr val="000000"/></a:solidFill><a:latin typeface="OpenSymbol"/></a:endParaRPr></a:p></p:txBody></p:sp></p:grpSp><p:grpSp><p:nvGrpSpPr><p:cNvPr id="27" name="Google Shape;266;p11"></p:cNvPr><p:cNvGrpSpPr/><p:nvPr/></p:nvGrpSpPr><p:grpSpPr><a:xfrm><a:off x="8591040" y="5153400"/><a:ext cx="268200" cy="268560"/><a:chOff x="8591040" y="5153400"/><a:chExt cx="268200" cy="268560"/></a:xfrm></p:grpSpPr><p:sp><p:nvSpPr><p:cNvPr id="28" name="Google Shape;267;p11"></p:cNvPr><p:cNvSpPr/><p:nvPr/></p:nvSpPr><p:spPr><a:xfrm><a:off x="8649720" y="5311440"/><a:ext cx="51480" cy="51480"/></a:xfrm><a:custGeom><a:avLst/><a:gdLst><a:gd name="textAreaLeft" fmla="*/ 0 w 51480"/><a:gd name="textAreaRight" fmla="*/ 51840 w 51480"/><a:gd name="textAreaTop" fmla="*/ 0 h 51480"/><a:gd name="textAreaBottom" fmla="*/ 51840 h 51480"/></a:gdLst><a:ahLst/><a:rect l="textAreaLeft" t="textAreaTop" r="textAreaRight" b="textAreaBottom"/><a:pathLst><a:path w="99" h="99"><a:moveTo><a:pt x="0" y="2"/></a:moveTo><a:cubicBezTo><a:pt x="7" y="24"/><a:pt x="19" y="45"/><a:pt x="37" y="62"/></a:cubicBezTo><a:cubicBezTo><a:pt x="54" y="80"/><a:pt x="75" y="92"/><a:pt x="97" y="99"/></a:cubicBezTo><a:cubicBezTo><a:pt x="99" y="53"/><a:pt x="46" y="0"/><a:pt x="0" y="2"/></a:cubicBezTo><a:close/></a:path></a:pathLst></a:custGeom><a:solidFill><a:srgbClr val="ffffff"><a:alpha val="50000"/></a:srgbClr></a:solidFill><a:ln w="0"><a:noFill/></a:ln></p:spPr><p:style><a:lnRef idx="0"/><a:fillRef idx="0"/><a:effectRef idx="0"/><a:fontRef idx="minor"/></p:style><p:txBody><a:bodyPr tIns="25920" bIns="25920" anchor="t"><a:noAutofit/></a:bodyPr><a:p><a:pPr defTabSz="914400"><a:lnSpc><a:spcPct val="100000"/></a:lnSpc><a:tabLst><a:tab algn="l" pos="0"/></a:tabLst></a:pPr><a:endParaRPr b="0" lang="en-US" sz="1800" spc="-1" strike="noStrike"><a:solidFill><a:srgbClr val="000000"/></a:solidFill><a:latin typeface="OpenSymbol"/></a:endParaRPr></a:p></p:txBody></p:sp><p:sp><p:nvSpPr><p:cNvPr id="29" name="Google Shape;268;p11"></p:cNvPr><p:cNvSpPr/><p:nvPr/></p:nvSpPr><p:spPr><a:xfrm><a:off x="8748720" y="5312160"/><a:ext cx="50760" cy="50760"/></a:xfrm><a:custGeom><a:avLst/><a:gdLst><a:gd name="textAreaLeft" fmla="*/ 0 w 50760"/><a:gd name="textAreaRight" fmla="*/ 51120 w 50760"/><a:gd name="textAreaTop" fmla="*/ 0 h 50760"/><a:gd name="textAreaBottom" fmla="*/ 51120 h 50760"/></a:gdLst><a:ahLst/><a:rect l="textAreaLeft" t="textAreaTop" r="textAreaRight" b="textAreaBottom"/><a:pathLst><a:path w="98" h="98"><a:moveTo><a:pt x="31" y="32"/></a:moveTo><a:cubicBezTo><a:pt x="11" y="52"/><a:pt x="0" y="77"/><a:pt x="0" y="98"/></a:cubicBezTo><a:cubicBezTo><a:pt x="22" y="91"/><a:pt x="43" y="79"/><a:pt x="61" y="61"/></a:cubicBezTo><a:cubicBezTo><a:pt x="78" y="44"/><a:pt x="91" y="23"/><a:pt x="98" y="1"/></a:cubicBezTo><a:cubicBezTo><a:pt x="76" y="0"/><a:pt x="51" y="11"/><a:pt x="31" y="32"/></a:cubicBezTo><a:close/></a:path></a:pathLst></a:custGeom><a:solidFill><a:srgbClr val="ffffff"><a:alpha val="50000"/></a:srgbClr></a:solidFill><a:ln w="0"><a:noFill/></a:ln></p:spPr><p:style><a:lnRef idx="0"/><a:fillRef idx="0"/><a:effectRef idx="0"/><a:fontRef idx="minor"/></p:style><p:txBody><a:bodyPr tIns="25560" bIns="25560" anchor="t"><a:noAutofit/></a:bodyPr><a:p><a:pPr defTabSz="914400"><a:lnSpc><a:spcPct val="100000"/></a:lnSpc><a:tabLst><a:tab algn="l" pos="0"/></a:tabLst></a:pPr><a:endParaRPr b="0" lang="en-US" sz="1800" spc="-1" strike="noStrike"><a:solidFill><a:srgbClr val="000000"/></a:solidFill><a:latin typeface="OpenSymbol"/></a:endParaRPr></a:p></p:txBody></p:sp><p:sp><p:nvSpPr><p:cNvPr id="30" name="Google Shape;269;p11"></p:cNvPr><p:cNvSpPr/><p:nvPr/></p:nvSpPr><p:spPr><a:xfrm><a:off x="8649720" y="5212800"/><a:ext cx="50400" cy="50760"/></a:xfrm><a:custGeom><a:avLst/><a:gdLst><a:gd name="textAreaLeft" fmla="*/ 0 w 50400"/><a:gd name="textAreaRight" fmla="*/ 50760 w 50400"/><a:gd name="textAreaTop" fmla="*/ 0 h 50760"/><a:gd name="textAreaBottom" fmla="*/ 51120 h 50760"/></a:gdLst><a:ahLst/><a:rect l="textAreaLeft" t="textAreaTop" r="textAreaRight" b="textAreaBottom"/><a:pathLst><a:path w="97" h="98"><a:moveTo><a:pt x="66" y="67"/></a:moveTo><a:cubicBezTo><a:pt x="86" y="47"/><a:pt x="97" y="22"/><a:pt x="97" y="0"/></a:cubicBezTo><a:cubicBezTo><a:pt x="52" y="14"/><a:pt x="13" y="53"/><a:pt x="0" y="98"/></a:cubicBezTo><a:cubicBezTo><a:pt x="21" y="98"/><a:pt x="46" y="87"/><a:pt x="66" y="67"/></a:cubicBezTo><a:close/></a:path></a:pathLst></a:custGeom><a:solidFill><a:srgbClr val="ffffff"><a:alpha val="50000"/></a:srgbClr></a:solidFill><a:ln w="0"><a:noFill/></a:ln></p:spPr><p:style><a:lnRef idx="0"/><a:fillRef idx="0"/><a:effectRef idx="0"/><a:fontRef idx="minor"/></p:style><p:txBody><a:bodyPr tIns="25560" bIns="25560" anchor="t"><a:noAutofit/></a:bodyPr><a:p><a:pPr defTabSz="914400"><a:lnSpc><a:spcPct val="100000"/></a:lnSpc><a:tabLst><a:tab algn="l" pos="0"/></a:tabLst></a:pPr><a:endParaRPr b="0" lang="en-US" sz="1800" spc="-1" strike="noStrike"><a:solidFill><a:srgbClr val="000000"/></a:solidFill><a:latin typeface="OpenSymbol"/></a:endParaRPr></a:p></p:txBody></p:sp><p:sp><p:nvSpPr><p:cNvPr id="31" name="Google Shape;270;p11"></p:cNvPr><p:cNvSpPr/><p:nvPr/></p:nvSpPr><p:spPr><a:xfrm><a:off x="8747640" y="5212800"/><a:ext cx="51840" cy="51840"/></a:xfrm><a:custGeom><a:avLst/><a:gdLst><a:gd name="textAreaLeft" fmla="*/ 0 w 51840"/><a:gd name="textAreaRight" fmla="*/ 52200 w 51840"/><a:gd name="textAreaTop" fmla="*/ 0 h 51840"/><a:gd name="textAreaBottom" fmla="*/ 52200 h 51840"/></a:gdLst><a:ahLst/><a:rect l="textAreaLeft" t="textAreaTop" r="textAreaRight" b="textAreaBottom"/><a:pathLst><a:path w="100" h="100"><a:moveTo><a:pt x="100" y="98"/></a:moveTo><a:cubicBezTo><a:pt x="86" y="53"/><a:pt x="47" y="14"/><a:pt x="2" y="0"/></a:cubicBezTo><a:cubicBezTo><a:pt x="0" y="46"/><a:pt x="54" y="100"/><a:pt x="100" y="98"/></a:cubicBezTo><a:close/></a:path></a:pathLst></a:custGeom><a:solidFill><a:srgbClr val="ffffff"><a:alpha val="50000"/></a:srgbClr></a:solidFill><a:ln w="0"><a:noFill/></a:ln></p:spPr><p:style><a:lnRef idx="0"/><a:fillRef idx="0"/><a:effectRef idx="0"/><a:fontRef idx="minor"/></p:style><p:txBody><a:bodyPr tIns="25920" bIns="25920" anchor="t"><a:noAutofit/></a:bodyPr><a:p><a:pPr defTabSz="914400"><a:lnSpc><a:spcPct val="100000"/></a:lnSpc><a:tabLst><a:tab algn="l" pos="0"/></a:tabLst></a:pPr><a:endParaRPr b="0" lang="en-US" sz="1800" spc="-1" strike="noStrike"><a:solidFill><a:srgbClr val="000000"/></a:solidFill><a:latin typeface="OpenSymbol"/></a:endParaRPr></a:p></p:txBody></p:sp><p:sp><p:nvSpPr><p:cNvPr id="32" name="Google Shape;271;p11"></p:cNvPr><p:cNvSpPr/><p:nvPr/></p:nvSpPr><p:spPr><a:xfrm><a:off x="8710920" y="5275440"/><a:ext cx="27000" cy="26640"/></a:xfrm><a:custGeom><a:avLst/><a:gdLst><a:gd name="textAreaLeft" fmla="*/ 0 w 27000"/><a:gd name="textAreaRight" fmla="*/ 27360 w 27000"/><a:gd name="textAreaTop" fmla="*/ 0 h 26640"/><a:gd name="textAreaBottom" fmla="*/ 27000 h 26640"/></a:gdLst><a:ahLst/><a:rect l="textAreaLeft" t="textAreaTop" r="textAreaRight" b="textAreaBottom"/><a:pathLst><a:path w="53" h="51"><a:moveTo><a:pt x="27" y="0"/></a:moveTo><a:cubicBezTo><a:pt x="21" y="0"/><a:pt x="14" y="3"/><a:pt x="10" y="7"/></a:cubicBezTo><a:cubicBezTo><a:pt x="0" y="17"/><a:pt x="0" y="32"/><a:pt x="10" y="41"/></a:cubicBezTo><a:cubicBezTo><a:pt x="19" y="51"/><a:pt x="34" y="51"/><a:pt x="44" y="41"/></a:cubicBezTo><a:cubicBezTo><a:pt x="53" y="32"/><a:pt x="53" y="17"/><a:pt x="44" y="7"/></a:cubicBezTo><a:cubicBezTo><a:pt x="39" y="3"/><a:pt x="33" y="0"/><a:pt x="27" y="0"/></a:cubicBezTo><a:close/></a:path></a:pathLst></a:custGeom><a:solidFill><a:srgbClr val="ffffff"><a:alpha val="50000"/></a:srgbClr></a:solidFill><a:ln w="0"><a:noFill/></a:ln></p:spPr><p:style><a:lnRef idx="0"/><a:fillRef idx="0"/><a:effectRef idx="0"/><a:fontRef idx="minor"/></p:style><p:txBody><a:bodyPr tIns="13320" bIns="13320" anchor="t"><a:noAutofit/></a:bodyPr><a:p><a:pPr defTabSz="914400"><a:lnSpc><a:spcPct val="100000"/></a:lnSpc><a:tabLst><a:tab algn="l" pos="0"/></a:tabLst></a:pPr><a:endParaRPr b="0" lang="en-US" sz="1800" spc="-1" strike="noStrike"><a:solidFill><a:srgbClr val="000000"/></a:solidFill><a:latin typeface="OpenSymbol"/></a:endParaRPr></a:p></p:txBody></p:sp><p:sp><p:nvSpPr><p:cNvPr id="33" name="Google Shape;272;p11"></p:cNvPr><p:cNvSpPr/><p:nvPr/></p:nvSpPr><p:spPr><a:xfrm><a:off x="8645400" y="5209200"/><a:ext cx="157680" cy="157680"/></a:xfrm><a:custGeom><a:avLst/><a:gdLst><a:gd name="textAreaLeft" fmla="*/ 0 w 157680"/><a:gd name="textAreaRight" fmla="*/ 158040 w 157680"/><a:gd name="textAreaTop" fmla="*/ 0 h 157680"/><a:gd name="textAreaBottom" fmla="*/ 158040 h 157680"/></a:gdLst><a:ahLst/><a:rect l="textAreaLeft" t="textAreaTop" r="textAreaRight" b="textAreaBottom"/><a:pathLst><a:path w="303" h="303"><a:moveTo><a:pt x="295" y="135"/></a:moveTo><a:cubicBezTo><a:pt x="265" y="135"/><a:pt x="233" y="120"/><a:pt x="208" y="95"/></a:cubicBezTo><a:cubicBezTo><a:pt x="192" y="79"/><a:pt x="180" y="61"/><a:pt x="174" y="41"/></a:cubicBezTo><a:cubicBezTo><a:pt x="169" y="27"/><a:pt x="168" y="14"/><a:pt x="169" y="1"/></a:cubicBezTo><a:cubicBezTo><a:pt x="158" y="0"/><a:pt x="146" y="0"/><a:pt x="135" y="1"/></a:cubicBezTo><a:cubicBezTo><a:pt x="140" y="52"/><a:pt x="93" y="114"/><a:pt x="41" y="129"/></a:cubicBezTo><a:cubicBezTo><a:pt x="28" y="134"/><a:pt x="15" y="135"/><a:pt x="1" y="134"/></a:cubicBezTo><a:cubicBezTo><a:pt x="0" y="146"/><a:pt x="0" y="157"/><a:pt x="1" y="168"/></a:cubicBezTo><a:cubicBezTo><a:pt x="68" y="161"/><a:pt x="142" y="235"/><a:pt x="135" y="302"/></a:cubicBezTo><a:cubicBezTo><a:pt x="146" y="303"/><a:pt x="157" y="303"/><a:pt x="169" y="302"/></a:cubicBezTo><a:cubicBezTo><a:pt x="166" y="270"/><a:pt x="180" y="235"/><a:pt x="208" y="207"/></a:cubicBezTo><a:cubicBezTo><a:pt x="224" y="191"/><a:pt x="242" y="180"/><a:pt x="262" y="173"/></a:cubicBezTo><a:cubicBezTo><a:pt x="275" y="169"/><a:pt x="289" y="167"/><a:pt x="302" y="168"/></a:cubicBezTo><a:cubicBezTo><a:pt x="303" y="157"/><a:pt x="303" y="146"/><a:pt x="302" y="134"/></a:cubicBezTo><a:cubicBezTo><a:pt x="300" y="134"/><a:pt x="297" y="135"/><a:pt x="295" y="135"/></a:cubicBezTo><a:close/><a:moveTo><a:pt x="190" y="190"/></a:moveTo><a:cubicBezTo><a:pt x="190" y="190"/><a:pt x="190" y="190"/><a:pt x="190" y="190"/></a:cubicBezTo><a:cubicBezTo><a:pt x="169" y="211"/><a:pt x="135" y="211"/><a:pt x="114" y="190"/></a:cubicBezTo><a:cubicBezTo><a:pt x="92" y="169"/><a:pt x="92" y="134"/><a:pt x="114" y="113"/></a:cubicBezTo><a:cubicBezTo><a:pt x="135" y="92"/><a:pt x="169" y="92"/><a:pt x="190" y="113"/></a:cubicBezTo><a:cubicBezTo><a:pt x="211" y="134"/><a:pt x="211" y="169"/><a:pt x="190" y="190"/></a:cubicBezTo><a:close/></a:path></a:pathLst></a:custGeom><a:solidFill><a:srgbClr val="ffffff"><a:alpha val="50000"/></a:srgbClr></a:solidFill><a:ln w="0"><a:noFill/></a:ln></p:spPr><p:style><a:lnRef idx="0"/><a:fillRef idx="0"/><a:effectRef idx="0"/><a:fontRef idx="minor"/></p:style><p:txBody><a:bodyPr anchor="t"><a:noAutofit/></a:bodyPr><a:p><a:pPr defTabSz="914400"><a:lnSpc><a:spcPct val="100000"/></a:lnSpc><a:tabLst><a:tab algn="l" pos="0"/></a:tabLst></a:pPr><a:endParaRPr b="0" lang="en-US" sz="1800" spc="-1" strike="noStrike"><a:solidFill><a:srgbClr val="000000"/></a:solidFill><a:latin typeface="OpenSymbol"/></a:endParaRPr></a:p></p:txBody></p:sp><p:sp><p:nvSpPr><p:cNvPr id="34" name="Google Shape;273;p11"></p:cNvPr><p:cNvSpPr/><p:nvPr/></p:nvSpPr><p:spPr><a:xfrm><a:off x="8591040" y="5153400"/><a:ext cx="268200" cy="268560"/></a:xfrm><a:custGeom><a:avLst/><a:gdLst><a:gd name="textAreaLeft" fmla="*/ 0 w 268200"/><a:gd name="textAreaRight" fmla="*/ 268560 w 268200"/><a:gd name="textAreaTop" fmla="*/ 0 h 268560"/><a:gd name="textAreaBottom" fmla="*/ 268920 h 268560"/></a:gdLst><a:ahLst/><a:rect l="textAreaLeft" t="textAreaTop" r="textAreaRight" b="textAreaBottom"/><a:pathLst><a:path w="514" h="515"><a:moveTo><a:pt x="507" y="209"/></a:moveTo><a:cubicBezTo><a:pt x="506" y="200"/><a:pt x="499" y="193"/><a:pt x="490" y="192"/></a:cubicBezTo><a:cubicBezTo><a:pt x="469" y="188"/><a:pt x="469" y="188"/><a:pt x="469" y="188"/></a:cubicBezTo><a:cubicBezTo><a:pt x="467" y="188"/><a:pt x="465" y="186"/><a:pt x="464" y="184"/></a:cubicBezTo><a:cubicBezTo><a:pt x="461" y="177"/><a:pt x="458" y="170"/><a:pt x="455" y="163"/></a:cubicBezTo><a:cubicBezTo><a:pt x="454" y="161"/><a:pt x="454" y="158"/><a:pt x="456" y="157"/></a:cubicBezTo><a:cubicBezTo><a:pt x="468" y="139"/><a:pt x="468" y="139"/><a:pt x="468" y="139"/></a:cubicBezTo><a:cubicBezTo><a:pt x="473" y="132"/><a:pt x="473" y="122"/><a:pt x="468" y="115"/></a:cubicBezTo><a:cubicBezTo><a:pt x="459" y="101"/><a:pt x="448" y="89"/><a:pt x="437" y="77"/></a:cubicBezTo><a:cubicBezTo><a:pt x="424" y="64"/><a:pt x="409" y="53"/><a:pt x="394" y="43"/></a:cubicBezTo><a:cubicBezTo><a:pt x="389" y="39"/><a:pt x="382" y="39"/><a:pt x="377" y="43"/></a:cubicBezTo><a:cubicBezTo><a:pt x="357" y="58"/><a:pt x="357" y="58"/><a:pt x="357" y="58"/></a:cubicBezTo><a:cubicBezTo><a:pt x="355" y="59"/><a:pt x="352" y="60"/><a:pt x="350" y="59"/></a:cubicBezTo><a:cubicBezTo><a:pt x="343" y="55"/><a:pt x="336" y="53"/><a:pt x="329" y="50"/></a:cubicBezTo><a:cubicBezTo><a:pt x="327" y="49"/><a:pt x="326" y="47"/><a:pt x="325" y="45"/></a:cubicBezTo><a:cubicBezTo><a:pt x="321" y="20"/><a:pt x="321" y="20"/><a:pt x="321" y="20"/></a:cubicBezTo><a:cubicBezTo><a:pt x="320" y="14"/><a:pt x="315" y="9"/><a:pt x="309" y="8"/></a:cubicBezTo><a:cubicBezTo><a:pt x="274" y="0"/><a:pt x="237" y="1"/><a:pt x="201" y="8"/></a:cubicBezTo><a:cubicBezTo><a:pt x="195" y="9"/><a:pt x="191" y="14"/><a:pt x="190" y="20"/></a:cubicBezTo><a:cubicBezTo><a:pt x="186" y="45"/><a:pt x="186" y="45"/><a:pt x="186" y="45"/></a:cubicBezTo><a:cubicBezTo><a:pt x="185" y="48"/><a:pt x="184" y="49"/><a:pt x="181" y="50"/></a:cubicBezTo><a:cubicBezTo><a:pt x="174" y="53"/><a:pt x="167" y="56"/><a:pt x="160" y="59"/></a:cubicBezTo><a:cubicBezTo><a:pt x="158" y="60"/><a:pt x="156" y="60"/><a:pt x="154" y="58"/></a:cubicBezTo><a:cubicBezTo><a:pt x="133" y="44"/><a:pt x="133" y="44"/><a:pt x="133" y="44"/></a:cubicBezTo><a:cubicBezTo><a:pt x="128" y="40"/><a:pt x="121" y="40"/><a:pt x="116" y="43"/></a:cubicBezTo><a:cubicBezTo><a:pt x="101" y="53"/><a:pt x="87" y="65"/><a:pt x="75" y="77"/></a:cubicBezTo><a:cubicBezTo><a:pt x="63" y="89"/><a:pt x="52" y="102"/><a:pt x="43" y="116"/></a:cubicBezTo><a:cubicBezTo><a:pt x="38" y="123"/><a:pt x="38" y="133"/><a:pt x="43" y="140"/></a:cubicBezTo><a:cubicBezTo><a:pt x="55" y="157"/><a:pt x="55" y="157"/><a:pt x="55" y="157"/></a:cubicBezTo><a:cubicBezTo><a:pt x="57" y="159"/><a:pt x="57" y="162"/><a:pt x="56" y="164"/></a:cubicBezTo><a:cubicBezTo><a:pt x="53" y="171"/><a:pt x="50" y="178"/><a:pt x="47" y="185"/></a:cubicBezTo><a:cubicBezTo><a:pt x="47" y="187"/><a:pt x="45" y="188"/><a:pt x="42" y="189"/></a:cubicBezTo><a:cubicBezTo><a:pt x="17" y="193"/><a:pt x="17" y="193"/><a:pt x="17" y="193"/></a:cubicBezTo><a:cubicBezTo><a:pt x="11" y="194"/><a:pt x="6" y="199"/><a:pt x="5" y="205"/></a:cubicBezTo><a:cubicBezTo><a:pt x="1" y="222"/><a:pt x="0" y="240"/><a:pt x="0" y="258"/></a:cubicBezTo><a:cubicBezTo><a:pt x="0" y="275"/><a:pt x="1" y="292"/><a:pt x="4" y="308"/></a:cubicBezTo><a:cubicBezTo><a:pt x="6" y="317"/><a:pt x="13" y="324"/><a:pt x="22" y="325"/></a:cubicBezTo><a:cubicBezTo><a:pt x="43" y="329"/><a:pt x="43" y="329"/><a:pt x="43" y="329"/></a:cubicBezTo><a:cubicBezTo><a:pt x="45" y="329"/><a:pt x="47" y="331"/><a:pt x="47" y="333"/></a:cubicBezTo><a:cubicBezTo><a:pt x="50" y="340"/><a:pt x="53" y="347"/><a:pt x="56" y="353"/></a:cubicBezTo><a:cubicBezTo><a:pt x="57" y="356"/><a:pt x="57" y="358"/><a:pt x="56" y="360"/></a:cubicBezTo><a:cubicBezTo><a:pt x="43" y="377"/><a:pt x="43" y="377"/><a:pt x="43" y="377"/></a:cubicBezTo><a:cubicBezTo><a:pt x="38" y="384"/><a:pt x="38" y="394"/><a:pt x="43" y="402"/></a:cubicBezTo><a:cubicBezTo><a:pt x="62" y="430"/><a:pt x="88" y="455"/><a:pt x="117" y="474"/></a:cubicBezTo><a:cubicBezTo><a:pt x="122" y="477"/><a:pt x="129" y="477"/><a:pt x="134" y="474"/></a:cubicBezTo><a:cubicBezTo><a:pt x="154" y="459"/><a:pt x="154" y="459"/><a:pt x="154" y="459"/></a:cubicBezTo><a:cubicBezTo><a:pt x="156" y="457"/><a:pt x="159" y="457"/><a:pt x="161" y="458"/></a:cubicBezTo><a:cubicBezTo><a:pt x="168" y="461"/><a:pt x="175" y="464"/><a:pt x="182" y="467"/></a:cubicBezTo><a:cubicBezTo><a:pt x="184" y="468"/><a:pt x="186" y="469"/><a:pt x="186" y="472"/></a:cubicBezTo><a:cubicBezTo><a:pt x="190" y="493"/><a:pt x="190" y="493"/><a:pt x="190" y="493"/></a:cubicBezTo><a:cubicBezTo><a:pt x="191" y="501"/><a:pt x="198" y="508"/><a:pt x="207" y="510"/></a:cubicBezTo><a:cubicBezTo><a:pt x="223" y="513"/><a:pt x="239" y="515"/><a:pt x="256" y="515"/></a:cubicBezTo><a:cubicBezTo><a:pt x="272" y="515"/><a:pt x="289" y="513"/><a:pt x="305" y="510"/></a:cubicBezTo><a:cubicBezTo><a:pt x="314" y="508"/><a:pt x="321" y="501"/><a:pt x="322" y="492"/></a:cubicBezTo><a:cubicBezTo><a:pt x="326" y="472"/><a:pt x="326" y="472"/><a:pt x="326" y="472"/></a:cubicBezTo><a:cubicBezTo><a:pt x="326" y="469"/><a:pt x="328" y="467"/><a:pt x="330" y="467"/></a:cubicBezTo><a:cubicBezTo><a:pt x="337" y="464"/><a:pt x="344" y="461"/><a:pt x="351" y="458"/></a:cubicBezTo><a:cubicBezTo><a:pt x="353" y="457"/><a:pt x="355" y="457"/><a:pt x="357" y="458"/></a:cubicBezTo><a:cubicBezTo><a:pt x="378" y="473"/><a:pt x="378" y="473"/><a:pt x="378" y="473"/></a:cubicBezTo><a:cubicBezTo><a:pt x="383" y="477"/><a:pt x="390" y="477"/><a:pt x="395" y="474"/></a:cubicBezTo><a:cubicBezTo><a:pt x="410" y="464"/><a:pt x="424" y="452"/><a:pt x="437" y="440"/></a:cubicBezTo><a:cubicBezTo><a:pt x="449" y="428"/><a:pt x="459" y="415"/><a:pt x="469" y="401"/></a:cubicBezTo><a:cubicBezTo><a:pt x="474" y="394"/><a:pt x="474" y="384"/><a:pt x="468" y="377"/></a:cubicBezTo><a:cubicBezTo><a:pt x="456" y="360"/><a:pt x="456" y="360"/><a:pt x="456" y="360"/></a:cubicBezTo><a:cubicBezTo><a:pt x="455" y="358"/><a:pt x="454" y="355"/><a:pt x="455" y="353"/></a:cubicBezTo><a:cubicBezTo><a:pt x="459" y="346"/><a:pt x="462" y="339"/><a:pt x="464" y="332"/></a:cubicBezTo><a:cubicBezTo><a:pt x="465" y="330"/><a:pt x="467" y="328"/><a:pt x="469" y="328"/></a:cubicBezTo><a:cubicBezTo><a:pt x="494" y="324"/><a:pt x="494" y="324"/><a:pt x="494" y="324"/></a:cubicBezTo><a:cubicBezTo><a:pt x="500" y="323"/><a:pt x="505" y="318"/><a:pt x="506" y="312"/></a:cubicBezTo><a:cubicBezTo><a:pt x="513" y="278"/><a:pt x="514" y="243"/><a:pt x="507" y="209"/></a:cubicBezTo><a:close/><a:moveTo><a:pt x="384" y="387"/></a:moveTo><a:cubicBezTo><a:pt x="339" y="431"/><a:pt x="279" y="448"/><a:pt x="220" y="436"/></a:cubicBezTo><a:cubicBezTo><a:pt x="219" y="436"/><a:pt x="218" y="436"/><a:pt x="217" y="436"/></a:cubicBezTo><a:cubicBezTo><a:pt x="217" y="436"/><a:pt x="217" y="436"/><a:pt x="217" y="436"/></a:cubicBezTo><a:cubicBezTo><a:pt x="151" y="423"/><a:pt x="91" y="363"/><a:pt x="79" y="297"/></a:cubicBezTo><a:cubicBezTo><a:pt x="79" y="297"/><a:pt x="79" y="297"/><a:pt x="79" y="297"/></a:cubicBezTo><a:cubicBezTo><a:pt x="78" y="296"/><a:pt x="78" y="295"/><a:pt x="78" y="294"/></a:cubicBezTo><a:cubicBezTo><a:pt x="73" y="271"/><a:pt x="73" y="246"/><a:pt x="78" y="222"/></a:cubicBezTo><a:cubicBezTo><a:pt x="78" y="221"/><a:pt x="78" y="220"/><a:pt x="79" y="219"/></a:cubicBezTo><a:cubicBezTo><a:pt x="79" y="219"/><a:pt x="79" y="219"/><a:pt x="79" y="219"/></a:cubicBezTo><a:cubicBezTo><a:pt x="108" y="81"/><a:pt x="283" y="29"/><a:pt x="384" y="130"/></a:cubicBezTo><a:cubicBezTo><a:pt x="409" y="155"/><a:pt x="425" y="186"/><a:pt x="433" y="219"/></a:cubicBezTo><a:cubicBezTo><a:pt x="433" y="219"/><a:pt x="433" y="219"/><a:pt x="433" y="219"/></a:cubicBezTo><a:cubicBezTo><a:pt x="433" y="221"/><a:pt x="433" y="222"/><a:pt x="433" y="223"/></a:cubicBezTo><a:cubicBezTo><a:pt x="445" y="280"/><a:pt x="428" y="342"/><a:pt x="384" y="387"/></a:cubicBezTo><a:close/></a:path></a:pathLst></a:custGeom><a:solidFill><a:srgbClr val="ffffff"><a:alpha val="50000"/></a:srgbClr></a:solidFill><a:ln w="0"><a:noFill/></a:ln></p:spPr><p:style><a:lnRef idx="0"/><a:fillRef idx="0"/><a:effectRef idx="0"/><a:fontRef idx="minor"/></p:style><p:txBody><a:bodyPr anchor="t"><a:noAutofit/></a:bodyPr><a:p><a:pPr defTabSz="914400"><a:lnSpc><a:spcPct val="100000"/></a:lnSpc><a:tabLst><a:tab algn="l" pos="0"/></a:tabLst></a:pPr><a:endParaRPr b="0" lang="en-US" sz="1800" spc="-1" strike="noStrike"><a:solidFill><a:srgbClr val="000000"/></a:solidFill><a:latin typeface="OpenSymbol"/></a:endParaRPr></a:p></p:txBody></p:sp></p:grpSp><p:grpSp><p:nvGrpSpPr><p:cNvPr id="35" name="Google Shape;274;p11"></p:cNvPr><p:cNvGrpSpPr/><p:nvPr/></p:nvGrpSpPr><p:grpSpPr><a:xfrm><a:off x="7951680" y="4758120"/><a:ext cx="399240" cy="412560"/><a:chOff x="7951680" y="4758120"/><a:chExt cx="399240" cy="412560"/></a:xfrm></p:grpSpPr><p:sp><p:nvSpPr><p:cNvPr id="36" name="Google Shape;275;p11"></p:cNvPr><p:cNvSpPr/><p:nvPr/></p:nvSpPr><p:spPr><a:xfrm><a:off x="7951680" y="4758120"/><a:ext cx="399240" cy="261000"/></a:xfrm><a:custGeom><a:avLst/><a:gdLst><a:gd name="textAreaLeft" fmla="*/ 0 w 399240"/><a:gd name="textAreaRight" fmla="*/ 399600 w 399240"/><a:gd name="textAreaTop" fmla="*/ 0 h 261000"/><a:gd name="textAreaBottom" fmla="*/ 261360 h 261000"/></a:gdLst><a:ahLst/><a:rect l="textAreaLeft" t="textAreaTop" r="textAreaRight" b="textAreaBottom"/><a:pathLst><a:path w="511" h="334"><a:moveTo><a:pt x="470" y="187"/></a:moveTo><a:cubicBezTo><a:pt x="462" y="183"/><a:pt x="459" y="175"/><a:pt x="462" y="167"/></a:cubicBezTo><a:cubicBezTo><a:pt x="481" y="118"/><a:pt x="444" y="63"/><a:pt x="391" y="63"/></a:cubicBezTo><a:cubicBezTo><a:pt x="381" y="62"/><a:pt x="371" y="64"/><a:pt x="361" y="68"/></a:cubicBezTo><a:cubicBezTo><a:pt x="353" y="71"/><a:pt x="344" y="68"/><a:pt x="341" y="60"/></a:cubicBezTo><a:cubicBezTo><a:pt x="314" y="1"/><a:pt x="229" y="0"/><a:pt x="201" y="59"/></a:cubicBezTo><a:cubicBezTo><a:pt x="198" y="67"/><a:pt x="189" y="70"/><a:pt x="181" y="67"/></a:cubicBezTo><a:cubicBezTo><a:pt x="173" y="64"/><a:pt x="163" y="63"/><a:pt x="154" y="63"/></a:cubicBezTo><a:cubicBezTo><a:pt x="112" y="63"/><a:pt x="78" y="98"/><a:pt x="78" y="140"/></a:cubicBezTo><a:cubicBezTo><a:pt x="78" y="149"/><a:pt x="80" y="158"/><a:pt x="83" y="167"/></a:cubicBezTo><a:cubicBezTo><a:pt x="86" y="175"/><a:pt x="82" y="184"/><a:pt x="75" y="187"/></a:cubicBezTo><a:cubicBezTo><a:pt x="0" y="225"/><a:pt x="26" y="332"/><a:pt x="109" y="334"/></a:cubicBezTo><a:cubicBezTo><a:pt x="177" y="334"/><a:pt x="177" y="334"/><a:pt x="177" y="334"/></a:cubicBezTo><a:cubicBezTo><a:pt x="271" y="330"/><a:pt x="271" y="196"/><a:pt x="177" y="192"/></a:cubicBezTo><a:cubicBezTo><a:pt x="168" y="192"/><a:pt x="161" y="185"/><a:pt x="161" y="176"/></a:cubicBezTo><a:cubicBezTo><a:pt x="161" y="167"/><a:pt x="168" y="160"/><a:pt x="177" y="160"/></a:cubicBezTo><a:cubicBezTo><a:pt x="228" y="160"/><a:pt x="271" y="198"/><a:pt x="278" y="247"/></a:cubicBezTo><a:cubicBezTo><a:pt x="353" y="247"/><a:pt x="353" y="247"/><a:pt x="353" y="247"/></a:cubicBezTo><a:cubicBezTo><a:pt x="367" y="247"/><a:pt x="379" y="235"/><a:pt x="379" y="221"/></a:cubicBezTo><a:cubicBezTo><a:pt x="379" y="207"/><a:pt x="367" y="195"/><a:pt x="353" y="195"/></a:cubicBezTo><a:cubicBezTo><a:pt x="332" y="194"/><a:pt x="332" y="164"/><a:pt x="353" y="163"/></a:cubicBezTo><a:cubicBezTo><a:pt x="430" y="166"/><a:pt x="430" y="276"/><a:pt x="353" y="279"/></a:cubicBezTo><a:cubicBezTo><a:pt x="278" y="279"/><a:pt x="278" y="279"/><a:pt x="278" y="279"/></a:cubicBezTo><a:cubicBezTo><a:pt x="275" y="300"/><a:pt x="265" y="319"/><a:pt x="251" y="334"/></a:cubicBezTo><a:cubicBezTo><a:pt x="257" y="334"/><a:pt x="257" y="334"/><a:pt x="257" y="334"/></a:cubicBezTo><a:cubicBezTo><a:pt x="258" y="334"/><a:pt x="258" y="334"/><a:pt x="259" y="334"/></a:cubicBezTo><a:cubicBezTo><a:pt x="432" y="334"/><a:pt x="432" y="334"/><a:pt x="432" y="334"/></a:cubicBezTo><a:cubicBezTo><a:pt x="453" y="334"/><a:pt x="473" y="326"/><a:pt x="488" y="311"/></a:cubicBezTo><a:cubicBezTo><a:pt x="503" y="296"/><a:pt x="511" y="276"/><a:pt x="511" y="255"/></a:cubicBezTo><a:cubicBezTo><a:pt x="511" y="226"/><a:pt x="495" y="200"/><a:pt x="470" y="187"/></a:cubicBezTo><a:close/></a:path></a:pathLst></a:custGeom><a:solidFill><a:srgbClr val="ffffff"><a:alpha val="50000"/></a:srgbClr></a:solidFill><a:ln w="0"><a:noFill/></a:ln></p:spPr><p:style><a:lnRef idx="0"/><a:fillRef idx="0"/><a:effectRef idx="0"/><a:fontRef idx="minor"/></p:style><p:txBody><a:bodyPr anchor="t"><a:noAutofit/></a:bodyPr><a:p><a:pPr defTabSz="914400"><a:lnSpc><a:spcPct val="100000"/></a:lnSpc><a:tabLst><a:tab algn="l" pos="0"/></a:tabLst></a:pPr><a:endParaRPr b="0" lang="en-US" sz="1800" spc="-1" strike="noStrike"><a:solidFill><a:srgbClr val="000000"/></a:solidFill><a:latin typeface="OpenSymbol"/></a:endParaRPr></a:p></p:txBody></p:sp><p:sp><p:nvSpPr><p:cNvPr id="37" name="Google Shape;276;p11"></p:cNvPr><p:cNvSpPr/><p:nvPr/></p:nvSpPr><p:spPr><a:xfrm><a:off x="8230680" y="5118840"/><a:ext cx="49680" cy="51840"/></a:xfrm><a:custGeom><a:avLst/><a:gdLst><a:gd name="textAreaLeft" fmla="*/ 0 w 49680"/><a:gd name="textAreaRight" fmla="*/ 50040 w 49680"/><a:gd name="textAreaTop" fmla="*/ 0 h 51840"/><a:gd name="textAreaBottom" fmla="*/ 52200 h 51840"/></a:gdLst><a:ahLst/><a:rect l="textAreaLeft" t="textAreaTop" r="textAreaRight" b="textAreaBottom"/><a:pathLst><a:path w="64" h="67"><a:moveTo><a:pt x="63" y="0"/></a:moveTo><a:cubicBezTo><a:pt x="0" y="0"/><a:pt x="0" y="0"/><a:pt x="0" y="0"/></a:cubicBezTo><a:cubicBezTo><a:pt x="0" y="35"/><a:pt x="0" y="35"/><a:pt x="0" y="35"/></a:cubicBezTo><a:cubicBezTo><a:pt x="0" y="52"/><a:pt x="14" y="67"/><a:pt x="32" y="67"/></a:cubicBezTo><a:cubicBezTo><a:pt x="57" y="67"/><a:pt x="57" y="67"/><a:pt x="57" y="67"/></a:cubicBezTo><a:cubicBezTo><a:pt x="61" y="67"/><a:pt x="64" y="63"/><a:pt x="64" y="59"/></a:cubicBezTo><a:cubicBezTo><a:pt x="64" y="0"/><a:pt x="64" y="0"/><a:pt x="64" y="0"/></a:cubicBezTo><a:cubicBezTo><a:pt x="64" y="0"/><a:pt x="64" y="0"/><a:pt x="63" y="0"/></a:cubicBezTo><a:close/></a:path></a:pathLst></a:custGeom><a:solidFill><a:srgbClr val="ffffff"><a:alpha val="50000"/></a:srgbClr></a:solidFill><a:ln w="0"><a:noFill/></a:ln></p:spPr><p:style><a:lnRef idx="0"/><a:fillRef idx="0"/><a:effectRef idx="0"/><a:fontRef idx="minor"/></p:style><p:txBody><a:bodyPr tIns="25920" bIns="25920" anchor="t"><a:noAutofit/></a:bodyPr><a:p><a:pPr defTabSz="914400"><a:lnSpc><a:spcPct val="100000"/></a:lnSpc><a:tabLst><a:tab algn="l" pos="0"/></a:tabLst></a:pPr><a:endParaRPr b="0" lang="en-US" sz="1800" spc="-1" strike="noStrike"><a:solidFill><a:srgbClr val="000000"/></a:solidFill><a:latin typeface="OpenSymbol"/></a:endParaRPr></a:p></p:txBody></p:sp><p:sp><p:nvSpPr><p:cNvPr id="38" name="Google Shape;277;p11"></p:cNvPr><p:cNvSpPr/><p:nvPr/></p:nvSpPr><p:spPr><a:xfrm><a:off x="8167320" y="5038920"/><a:ext cx="152280" cy="54720"/></a:xfrm><a:custGeom><a:avLst/><a:gdLst><a:gd name="textAreaLeft" fmla="*/ 0 w 152280"/><a:gd name="textAreaRight" fmla="*/ 152640 w 152280"/><a:gd name="textAreaTop" fmla="*/ 0 h 54720"/><a:gd name="textAreaBottom" fmla="*/ 55080 h 54720"/></a:gdLst><a:ahLst/><a:rect l="textAreaLeft" t="textAreaTop" r="textAreaRight" b="textAreaBottom"/><a:pathLst><a:path w="195" h="70"><a:moveTo><a:pt x="195" y="19"/></a:moveTo><a:cubicBezTo><a:pt x="195" y="0"/><a:pt x="195" y="0"/><a:pt x="195" y="0"/></a:cubicBezTo><a:cubicBezTo><a:pt x="183" y="5"/><a:pt x="170" y="7"/><a:pt x="156" y="7"/></a:cubicBezTo><a:cubicBezTo><a:pt x="0" y="7"/><a:pt x="0" y="7"/><a:pt x="0" y="7"/></a:cubicBezTo><a:cubicBezTo><a:pt x="7" y="43"/><a:pt x="39" y="70"/><a:pt x="77" y="70"/></a:cubicBezTo><a:cubicBezTo><a:pt x="144" y="70"/><a:pt x="144" y="70"/><a:pt x="144" y="70"/></a:cubicBezTo><a:cubicBezTo><a:pt x="172" y="70"/><a:pt x="195" y="47"/><a:pt x="195" y="19"/></a:cubicBezTo><a:close/></a:path></a:pathLst></a:custGeom><a:solidFill><a:srgbClr val="ffffff"><a:alpha val="50000"/></a:srgbClr></a:solidFill><a:ln w="0"><a:noFill/></a:ln></p:spPr><p:style><a:lnRef idx="0"/><a:fillRef idx="0"/><a:effectRef idx="0"/><a:fontRef idx="minor"/></p:style><p:txBody><a:bodyPr tIns="27360" bIns="27360" anchor="t"><a:noAutofit/></a:bodyPr><a:p><a:pPr defTabSz="914400"><a:lnSpc><a:spcPct val="100000"/></a:lnSpc><a:tabLst><a:tab algn="l" pos="0"/></a:tabLst></a:pPr><a:endParaRPr b="0" lang="en-US" sz="1800" spc="-1" strike="noStrike"><a:solidFill><a:srgbClr val="000000"/></a:solidFill><a:latin typeface="OpenSymbol"/></a:endParaRPr></a:p></p:txBody></p:sp></p:grpSp></p:grpSp><p:grpSp><p:nvGrpSpPr><p:cNvPr id="39" name="Google Shape;278;p11"></p:cNvPr><p:cNvGrpSpPr/><p:nvPr/></p:nvGrpSpPr><p:grpSpPr><a:xfrm><a:off x="-440640" y="-271440"/><a:ext cx="2007000" cy="1963080"/><a:chOff x="-440640" y="-271440"/><a:chExt cx="2007000" cy="1963080"/></a:xfrm></p:grpSpPr><p:pic><p:nvPicPr><p:cNvPr id="40" name="Google Shape;279;p11" descr=""></p:cNvPr><p:cNvPicPr/><p:nvPr/></p:nvPicPr><p:blipFill><a:blip r:embed="rId7"><a:alphaModFix amt="50000"/></a:blip><a:stretch/></p:blipFill><p:spPr><a:xfrm><a:off x="-440640" y="-271440"/><a:ext cx="2007000" cy="1963080"/></a:xfrm><a:prstGeom prst="rect"><a:avLst/></a:prstGeom><a:ln w="0"><a:noFill/></a:ln></p:spPr></p:pic><p:grpSp><p:nvGrpSpPr><p:cNvPr id="41" name="Google Shape;280;p11"></p:cNvPr><p:cNvGrpSpPr/><p:nvPr/></p:nvGrpSpPr><p:grpSpPr><a:xfrm><a:off x="-183240" y="109440"/><a:ext cx="344520" cy="317160"/><a:chOff x="-183240" y="109440"/><a:chExt cx="344520" cy="317160"/></a:xfrm></p:grpSpPr><p:sp><p:nvSpPr><p:cNvPr id="42" name="Google Shape;281;p11"></p:cNvPr><p:cNvSpPr/><p:nvPr/></p:nvSpPr><p:spPr><a:xfrm><a:off x="-68400" y="163440"/><a:ext cx="148320" cy="149040"/></a:xfrm><a:custGeom><a:avLst/><a:gdLst><a:gd name="textAreaLeft" fmla="*/ 0 w 148320"/><a:gd name="textAreaRight" fmla="*/ 148680 w 148320"/><a:gd name="textAreaTop" fmla="*/ 0 h 149040"/><a:gd name="textAreaBottom" fmla="*/ 149400 h 149040"/></a:gdLst><a:ahLst/><a:rect l="textAreaLeft" t="textAreaTop" r="textAreaRight" b="textAreaBottom"/><a:pathLst><a:path w="251" h="252"><a:moveTo><a:pt x="197" y="142"/></a:moveTo><a:cubicBezTo><a:pt x="176" y="141"/><a:pt x="176" y="110"/><a:pt x="197" y="110"/></a:cubicBezTo><a:cubicBezTo><a:pt x="251" y="109"/><a:pt x="251" y="109"/><a:pt x="251" y="109"/></a:cubicBezTo><a:cubicBezTo><a:pt x="245" y="55"/><a:pt x="197" y="6"/><a:pt x="142" y="0"/></a:cubicBezTo><a:cubicBezTo><a:pt x="141" y="54"/><a:pt x="141" y="54"/><a:pt x="141" y="54"/></a:cubicBezTo><a:cubicBezTo><a:pt x="141" y="63"/><a:pt x="134" y="70"/><a:pt x="125" y="70"/></a:cubicBezTo><a:cubicBezTo><a:pt x="125" y="70"/><a:pt x="125" y="70"/><a:pt x="125" y="70"/></a:cubicBezTo><a:cubicBezTo><a:pt x="116" y="70"/><a:pt x="109" y="63"/><a:pt x="109" y="54"/></a:cubicBezTo><a:cubicBezTo><a:pt x="109" y="0"/><a:pt x="109" y="0"/><a:pt x="109" y="0"/></a:cubicBezTo><a:cubicBezTo><a:pt x="53" y="6"/><a:pt x="5" y="55"/><a:pt x="0" y="110"/></a:cubicBezTo><a:cubicBezTo><a:pt x="53" y="110"/><a:pt x="53" y="110"/><a:pt x="53" y="110"/></a:cubicBezTo><a:cubicBezTo><a:pt x="53" y="110"/><a:pt x="53" y="110"/><a:pt x="53" y="110"/></a:cubicBezTo><a:cubicBezTo><a:pt x="74" y="111"/><a:pt x="74" y="141"/><a:pt x="53" y="142"/></a:cubicBezTo><a:cubicBezTo><a:pt x="0" y="142"/><a:pt x="0" y="142"/><a:pt x="0" y="142"/></a:cubicBezTo><a:cubicBezTo><a:pt x="5" y="197"/><a:pt x="53" y="246"/><a:pt x="109" y="252"/></a:cubicBezTo><a:cubicBezTo><a:pt x="109" y="198"/><a:pt x="109" y="198"/><a:pt x="109" y="198"/></a:cubicBezTo><a:cubicBezTo><a:pt x="109" y="189"/><a:pt x="116" y="182"/><a:pt x="125" y="182"/></a:cubicBezTo><a:cubicBezTo><a:pt x="125" y="182"/><a:pt x="125" y="182"/><a:pt x="125" y="182"/></a:cubicBezTo><a:cubicBezTo><a:pt x="134" y="182"/><a:pt x="141" y="189"/><a:pt x="141" y="198"/></a:cubicBezTo><a:cubicBezTo><a:pt x="141" y="252"/><a:pt x="141" y="252"/><a:pt x="141" y="252"/></a:cubicBezTo><a:cubicBezTo><a:pt x="197" y="246"/><a:pt x="245" y="197"/><a:pt x="251" y="142"/></a:cubicBezTo><a:cubicBezTo><a:pt x="197" y="142"/><a:pt x="197" y="142"/><a:pt x="197" y="142"/></a:cubicBezTo><a:cubicBezTo><a:pt x="197" y="142"/><a:pt x="197" y="142"/><a:pt x="197" y="142"/></a:cubicBezTo><a:close/><a:moveTo><a:pt x="125" y="142"/></a:moveTo><a:cubicBezTo><a:pt x="104" y="141"/><a:pt x="104" y="111"/><a:pt x="125" y="110"/></a:cubicBezTo><a:cubicBezTo><a:pt x="147" y="110"/><a:pt x="147" y="141"/><a:pt x="125" y="142"/></a:cubicBezTo><a:close/></a:path></a:pathLst></a:custGeom><a:solidFill><a:srgbClr val="ffffff"><a:alpha val="50000"/></a:srgbClr></a:solidFill><a:ln w="0"><a:noFill/></a:ln></p:spPr><p:style><a:lnRef idx="0"/><a:fillRef idx="0"/><a:effectRef idx="0"/><a:fontRef idx="minor"/></p:style><p:txBody><a:bodyPr anchor="t"><a:noAutofit/></a:bodyPr><a:p><a:pPr defTabSz="914400"><a:lnSpc><a:spcPct val="100000"/></a:lnSpc><a:tabLst><a:tab algn="l" pos="0"/></a:tabLst></a:pPr><a:endParaRPr b="0" lang="en-US" sz="1800" spc="-1" strike="noStrike"><a:solidFill><a:srgbClr val="000000"/></a:solidFill><a:latin typeface="OpenSymbol"/></a:endParaRPr></a:p></p:txBody></p:sp><p:sp><p:nvSpPr><p:cNvPr id="43" name="Google Shape;282;p11"></p:cNvPr><p:cNvSpPr/><p:nvPr/></p:nvSpPr><p:spPr><a:xfrm><a:off x="-183240" y="348120"/><a:ext cx="77760" cy="78480"/></a:xfrm><a:custGeom><a:avLst/><a:gdLst><a:gd name="textAreaLeft" fmla="*/ 0 w 77760"/><a:gd name="textAreaRight" fmla="*/ 78120 w 77760"/><a:gd name="textAreaTop" fmla="*/ 0 h 78480"/><a:gd name="textAreaBottom" fmla="*/ 78840 h 78480"/></a:gdLst><a:ahLst/><a:rect l="textAreaLeft" t="textAreaTop" r="textAreaRight" b="textAreaBottom"/><a:pathLst><a:path w="132" h="133"><a:moveTo><a:pt x="75" y="0"/></a:moveTo><a:cubicBezTo><a:pt x="15" y="60"/><a:pt x="15" y="60"/><a:pt x="15" y="60"/></a:cubicBezTo><a:cubicBezTo><a:pt x="0" y="76"/><a:pt x="0" y="101"/><a:pt x="15" y="117"/></a:cubicBezTo><a:cubicBezTo><a:pt x="31" y="133"/><a:pt x="56" y="133"/><a:pt x="72" y="117"/></a:cubicBezTo><a:cubicBezTo><a:pt x="132" y="57"/><a:pt x="132" y="57"/><a:pt x="132" y="57"/></a:cubicBezTo><a:cubicBezTo><a:pt x="132" y="57"/><a:pt x="132" y="57"/><a:pt x="132" y="57"/></a:cubicBezTo><a:lnTo><a:pt x="75" y="0"/></a:lnTo><a:close/></a:path></a:pathLst></a:custGeom><a:solidFill><a:srgbClr val="ffffff"><a:alpha val="50000"/></a:srgbClr></a:solidFill><a:ln w="0"><a:noFill/></a:ln></p:spPr><p:style><a:lnRef idx="0"/><a:fillRef idx="0"/><a:effectRef idx="0"/><a:fontRef idx="minor"/></p:style><p:txBody><a:bodyPr tIns="39240" bIns="39240" anchor="t"><a:noAutofit/></a:bodyPr><a:p><a:pPr defTabSz="914400"><a:lnSpc><a:spcPct val="100000"/></a:lnSpc><a:tabLst><a:tab algn="l" pos="0"/></a:tabLst></a:pPr><a:endParaRPr b="0" lang="en-US" sz="1800" spc="-1" strike="noStrike"><a:solidFill><a:srgbClr val="000000"/></a:solidFill><a:latin typeface="OpenSymbol"/></a:endParaRPr></a:p></p:txBody></p:sp><p:sp><p:nvSpPr><p:cNvPr id="44" name="Google Shape;283;p11"></p:cNvPr><p:cNvSpPr/><p:nvPr/></p:nvSpPr><p:spPr><a:xfrm><a:off x="-149760" y="109440"/><a:ext cx="311040" cy="245520"/></a:xfrm><a:custGeom><a:avLst/><a:gdLst><a:gd name="textAreaLeft" fmla="*/ 0 w 311040"/><a:gd name="textAreaRight" fmla="*/ 311400 w 311040"/><a:gd name="textAreaTop" fmla="*/ 0 h 245520"/><a:gd name="textAreaBottom" fmla="*/ 245880 h 245520"/></a:gdLst><a:ahLst/><a:rect l="textAreaLeft" t="textAreaTop" r="textAreaRight" b="textAreaBottom"/><a:pathLst><a:path w="526" h="415"><a:moveTo><a:pt x="402" y="77"/></a:moveTo><a:cubicBezTo><a:pt x="329" y="1"/><a:pt x="197" y="0"/><a:pt x="124" y="77"/></a:cubicBezTo><a:cubicBezTo><a:pt x="0" y="200"/><a:pt x="89" y="415"/><a:pt x="263" y="414"/></a:cubicBezTo><a:cubicBezTo><a:pt x="437" y="415"/><a:pt x="526" y="200"/><a:pt x="402" y="77"/></a:cubicBezTo><a:close/><a:moveTo><a:pt x="376" y="329"/></a:moveTo><a:cubicBezTo><a:pt x="312" y="393"/><a:pt x="211" y="390"/><a:pt x="151" y="329"/></a:cubicBezTo><a:cubicBezTo><a:pt x="120" y="299"/><a:pt x="105" y="259"/><a:pt x="104" y="219"/></a:cubicBezTo><a:cubicBezTo><a:pt x="104" y="218"/><a:pt x="104" y="218"/><a:pt x="104" y="217"/></a:cubicBezTo><a:cubicBezTo><a:pt x="104" y="216"/><a:pt x="104" y="216"/><a:pt x="104" y="215"/></a:cubicBezTo><a:cubicBezTo><a:pt x="103" y="131"/><a:pt x="177" y="56"/><a:pt x="263" y="57"/></a:cubicBezTo><a:cubicBezTo><a:pt x="409" y="60"/><a:pt x="473" y="231"/><a:pt x="376" y="329"/></a:cubicBezTo><a:close/></a:path></a:pathLst></a:custGeom><a:solidFill><a:srgbClr val="ffffff"><a:alpha val="50000"/></a:srgbClr></a:solidFill><a:ln w="0"><a:noFill/></a:ln></p:spPr><p:style><a:lnRef idx="0"/><a:fillRef idx="0"/><a:effectRef idx="0"/><a:fontRef idx="minor"/></p:style><p:txBody><a:bodyPr anchor="t"><a:noAutofit/></a:bodyPr><a:p><a:pPr defTabSz="914400"><a:lnSpc><a:spcPct val="100000"/></a:lnSpc><a:tabLst><a:tab algn="l" pos="0"/></a:tabLst></a:pPr><a:endParaRPr b="0" lang="en-US" sz="1800" spc="-1" strike="noStrike"><a:solidFill><a:srgbClr val="000000"/></a:solidFill><a:latin typeface="OpenSymbol"/></a:endParaRPr></a:p></p:txBody></p:sp><p:sp><p:nvSpPr><p:cNvPr id="45" name="Google Shape;284;p11"></p:cNvPr><p:cNvSpPr/><p:nvPr/></p:nvSpPr><p:spPr><a:xfrm><a:off x="-125280" y="315360"/><a:ext cx="52560" cy="52560"/></a:xfrm><a:custGeom><a:avLst/><a:gdLst><a:gd name="textAreaLeft" fmla="*/ 0 w 52560"/><a:gd name="textAreaRight" fmla="*/ 52920 w 52560"/><a:gd name="textAreaTop" fmla="*/ 0 h 52560"/><a:gd name="textAreaBottom" fmla="*/ 52920 h 52560"/></a:gdLst><a:ahLst/><a:rect l="textAreaLeft" t="textAreaTop" r="textAreaRight" b="textAreaBottom"/><a:pathLst><a:path w="89" h="89"><a:moveTo><a:pt x="33" y="0"/></a:moveTo><a:cubicBezTo><a:pt x="0" y="32"/><a:pt x="0" y="32"/><a:pt x="0" y="32"/></a:cubicBezTo><a:cubicBezTo><a:pt x="57" y="89"/><a:pt x="57" y="89"/><a:pt x="57" y="89"/></a:cubicBezTo><a:cubicBezTo><a:pt x="89" y="57"/><a:pt x="89" y="57"/><a:pt x="89" y="57"/></a:cubicBezTo><a:cubicBezTo><a:pt x="67" y="41"/><a:pt x="48" y="22"/><a:pt x="33" y="0"/></a:cubicBezTo><a:close/></a:path></a:pathLst></a:custGeom><a:solidFill><a:srgbClr val="ffffff"><a:alpha val="50000"/></a:srgbClr></a:solidFill><a:ln w="0"><a:noFill/></a:ln></p:spPr><p:style><a:lnRef idx="0"/><a:fillRef idx="0"/><a:effectRef idx="0"/><a:fontRef idx="minor"/></p:style><p:txBody><a:bodyPr tIns="26280" bIns="26280" anchor="t"><a:noAutofit/></a:bodyPr><a:p><a:pPr defTabSz="914400"><a:lnSpc><a:spcPct val="100000"/></a:lnSpc><a:tabLst><a:tab algn="l" pos="0"/></a:tabLst></a:pPr><a:endParaRPr b="0" lang="en-US" sz="1800" spc="-1" strike="noStrike"><a:solidFill><a:srgbClr val="000000"/></a:solidFill><a:latin typeface="OpenSymbol"/></a:endParaRPr></a:p></p:txBody></p:sp></p:grpSp><p:grpSp><p:nvGrpSpPr><p:cNvPr id="46" name="Google Shape;285;p11"></p:cNvPr><p:cNvGrpSpPr/><p:nvPr/></p:nvGrpSpPr><p:grpSpPr><a:xfrm><a:off x="454680" y="110880"/><a:ext cx="314280" cy="314640"/><a:chOff x="454680" y="110880"/><a:chExt cx="314280" cy="314640"/></a:xfrm></p:grpSpPr><p:sp><p:nvSpPr><p:cNvPr id="47" name="Google Shape;286;p11"></p:cNvPr><p:cNvSpPr/><p:nvPr/></p:nvSpPr><p:spPr><a:xfrm><a:off x="493920" y="140760"/><a:ext cx="185760" cy="186480"/></a:xfrm><a:custGeom><a:avLst/><a:gdLst><a:gd name="textAreaLeft" fmla="*/ 0 w 185760"/><a:gd name="textAreaRight" fmla="*/ 186120 w 185760"/><a:gd name="textAreaTop" fmla="*/ 0 h 186480"/><a:gd name="textAreaBottom" fmla="*/ 186840 h 186480"/></a:gdLst><a:ahLst/><a:rect l="textAreaLeft" t="textAreaTop" r="textAreaRight" b="textAreaBottom"/><a:pathLst><a:path w="306" h="307"><a:moveTo><a:pt x="23" y="169"/></a:moveTo><a:cubicBezTo><a:pt x="0" y="169"/><a:pt x="0" y="169"/><a:pt x="0" y="169"/></a:cubicBezTo><a:cubicBezTo><a:pt x="7" y="242"/><a:pt x="65" y="299"/><a:pt x="137" y="307"/></a:cubicBezTo><a:cubicBezTo><a:pt x="137" y="284"/><a:pt x="137" y="284"/><a:pt x="137" y="284"/></a:cubicBezTo><a:cubicBezTo><a:pt x="138" y="263"/><a:pt x="168" y="263"/><a:pt x="168" y="284"/></a:cubicBezTo><a:cubicBezTo><a:pt x="168" y="307"/><a:pt x="168" y="307"/><a:pt x="168" y="307"/></a:cubicBezTo><a:cubicBezTo><a:pt x="241" y="299"/><a:pt x="299" y="242"/><a:pt x="306" y="169"/></a:cubicBezTo><a:cubicBezTo><a:pt x="283" y="169"/><a:pt x="283" y="169"/><a:pt x="283" y="169"/></a:cubicBezTo><a:cubicBezTo><a:pt x="262" y="168"/><a:pt x="262" y="139"/><a:pt x="283" y="138"/></a:cubicBezTo><a:cubicBezTo><a:pt x="306" y="138"/><a:pt x="306" y="138"/><a:pt x="306" y="138"/></a:cubicBezTo><a:cubicBezTo><a:pt x="299" y="65"/><a:pt x="241" y="8"/><a:pt x="168" y="0"/></a:cubicBezTo><a:cubicBezTo><a:pt x="168" y="24"/><a:pt x="168" y="24"/><a:pt x="168" y="24"/></a:cubicBezTo><a:cubicBezTo><a:pt x="167" y="44"/><a:pt x="138" y="44"/><a:pt x="137" y="24"/></a:cubicBezTo><a:cubicBezTo><a:pt x="137" y="0"/><a:pt x="137" y="0"/><a:pt x="137" y="0"/></a:cubicBezTo><a:cubicBezTo><a:pt x="65" y="8"/><a:pt x="7" y="65"/><a:pt x="0" y="138"/></a:cubicBezTo><a:cubicBezTo><a:pt x="23" y="138"/><a:pt x="23" y="138"/><a:pt x="23" y="138"/></a:cubicBezTo><a:cubicBezTo><a:pt x="43" y="139"/><a:pt x="43" y="168"/><a:pt x="23" y="169"/></a:cubicBezTo><a:close/><a:moveTo><a:pt x="103" y="138"/></a:moveTo><a:cubicBezTo><a:pt x="109" y="138"/><a:pt x="109" y="138"/><a:pt x="109" y="138"/></a:cubicBezTo><a:cubicBezTo><a:pt x="116" y="107"/><a:pt x="144" y="84"/><a:pt x="177" y="84"/></a:cubicBezTo><a:cubicBezTo><a:pt x="186" y="84"/><a:pt x="193" y="91"/><a:pt x="193" y="99"/></a:cubicBezTo><a:cubicBezTo><a:pt x="193" y="108"/><a:pt x="186" y="115"/><a:pt x="177" y="115"/></a:cubicBezTo><a:cubicBezTo><a:pt x="161" y="115"/><a:pt x="147" y="124"/><a:pt x="141" y="138"/></a:cubicBezTo><a:cubicBezTo><a:pt x="177" y="138"/><a:pt x="177" y="138"/><a:pt x="177" y="138"/></a:cubicBezTo><a:cubicBezTo><a:pt x="198" y="139"/><a:pt x="198" y="169"/><a:pt x="177" y="170"/></a:cubicBezTo><a:cubicBezTo><a:pt x="141" y="170"/><a:pt x="141" y="170"/><a:pt x="141" y="170"/></a:cubicBezTo><a:cubicBezTo><a:pt x="147" y="183"/><a:pt x="161" y="193"/><a:pt x="177" y="193"/></a:cubicBezTo><a:cubicBezTo><a:pt x="186" y="193"/><a:pt x="193" y="200"/><a:pt x="193" y="209"/></a:cubicBezTo><a:cubicBezTo><a:pt x="193" y="217"/><a:pt x="186" y="224"/><a:pt x="177" y="224"/></a:cubicBezTo><a:cubicBezTo><a:pt x="144" y="224"/><a:pt x="116" y="201"/><a:pt x="109" y="170"/></a:cubicBezTo><a:cubicBezTo><a:pt x="103" y="170"/><a:pt x="103" y="170"/><a:pt x="103" y="170"/></a:cubicBezTo><a:cubicBezTo><a:pt x="82" y="169"/><a:pt x="82" y="139"/><a:pt x="103" y="138"/></a:cubicBezTo><a:close/></a:path></a:pathLst></a:custGeom><a:solidFill><a:srgbClr val="ffffff"><a:alpha val="50000"/></a:srgbClr></a:solidFill><a:ln w="0"><a:noFill/></a:ln></p:spPr><p:style><a:lnRef idx="0"/><a:fillRef idx="0"/><a:effectRef idx="0"/><a:fontRef idx="minor"/></p:style><p:txBody><a:bodyPr anchor="t"><a:noAutofit/></a:bodyPr><a:p><a:pPr defTabSz="914400"><a:lnSpc><a:spcPct val="100000"/></a:lnSpc><a:tabLst><a:tab algn="l" pos="0"/></a:tabLst></a:pPr><a:endParaRPr b="0" lang="en-US" sz="1800" spc="-1" strike="noStrike"><a:solidFill><a:srgbClr val="000000"/></a:solidFill><a:latin typeface="OpenSymbol"/></a:endParaRPr></a:p></p:txBody></p:sp><p:sp><p:nvSpPr><p:cNvPr id="48" name="Google Shape;287;p11"></p:cNvPr><p:cNvSpPr/><p:nvPr/></p:nvSpPr><p:spPr><a:xfrm><a:off x="454680" y="110880"/><a:ext cx="314280" cy="314640"/></a:xfrm><a:custGeom><a:avLst/><a:gdLst><a:gd name="textAreaLeft" fmla="*/ 0 w 314280"/><a:gd name="textAreaRight" fmla="*/ 314640 w 314280"/><a:gd name="textAreaTop" fmla="*/ 0 h 314640"/><a:gd name="textAreaBottom" fmla="*/ 315000 h 314640"/></a:gdLst><a:ahLst/><a:rect l="textAreaLeft" t="textAreaTop" r="textAreaRight" b="textAreaBottom"/><a:pathLst><a:path w="517" h="517"><a:moveTo><a:pt x="497" y="487"/></a:moveTo><a:cubicBezTo><a:pt x="30" y="487"/><a:pt x="30" y="487"/><a:pt x="30" y="487"/></a:cubicBezTo><a:cubicBezTo><a:pt x="30" y="453"/><a:pt x="30" y="453"/><a:pt x="30" y="453"/></a:cubicBezTo><a:cubicBezTo><a:pt x="208" y="453"/><a:pt x="208" y="453"/><a:pt x="208" y="453"/></a:cubicBezTo><a:cubicBezTo><a:pt x="350" y="453"/><a:pt x="468" y="342"/><a:pt x="475" y="200"/></a:cubicBezTo><a:cubicBezTo><a:pt x="479" y="129"/><a:pt x="479" y="129"/><a:pt x="479" y="129"/></a:cubicBezTo><a:cubicBezTo><a:pt x="485" y="136"/><a:pt x="485" y="136"/><a:pt x="485" y="136"/></a:cubicBezTo><a:cubicBezTo><a:pt x="488" y="140"/><a:pt x="492" y="141"/><a:pt x="497" y="141"/></a:cubicBezTo><a:cubicBezTo><a:pt x="500" y="141"/><a:pt x="504" y="140"/><a:pt x="506" y="137"/></a:cubicBezTo><a:cubicBezTo><a:pt x="513" y="132"/><a:pt x="513" y="122"/><a:pt x="508" y="116"/></a:cubicBezTo><a:cubicBezTo><a:pt x="477" y="82"/><a:pt x="477" y="82"/><a:pt x="477" y="82"/></a:cubicBezTo><a:cubicBezTo><a:pt x="472" y="77"/><a:pt x="462" y="75"/><a:pt x="456" y="81"/></a:cubicBezTo><a:cubicBezTo><a:pt x="424" y="110"/><a:pt x="424" y="110"/><a:pt x="424" y="110"/></a:cubicBezTo><a:cubicBezTo><a:pt x="410" y="124"/><a:pt x="429" y="145"/><a:pt x="444" y="132"/></a:cubicBezTo><a:cubicBezTo><a:pt x="449" y="128"/><a:pt x="449" y="128"/><a:pt x="449" y="128"/></a:cubicBezTo><a:cubicBezTo><a:pt x="445" y="198"/><a:pt x="445" y="198"/><a:pt x="445" y="198"/></a:cubicBezTo><a:cubicBezTo><a:pt x="439" y="324"/><a:pt x="334" y="423"/><a:pt x="208" y="423"/></a:cubicBezTo><a:cubicBezTo><a:pt x="30" y="423"/><a:pt x="30" y="423"/><a:pt x="30" y="423"/></a:cubicBezTo><a:cubicBezTo><a:pt x="30" y="20"/><a:pt x="30" y="20"/><a:pt x="30" y="20"/></a:cubicBezTo><a:cubicBezTo><a:pt x="29" y="0"/><a:pt x="0" y="0"/><a:pt x="0" y="20"/></a:cubicBezTo><a:cubicBezTo><a:pt x="0" y="502"/><a:pt x="0" y="502"/><a:pt x="0" y="502"/></a:cubicBezTo><a:cubicBezTo><a:pt x="0" y="510"/><a:pt x="6" y="517"/><a:pt x="15" y="517"/></a:cubicBezTo><a:cubicBezTo><a:pt x="497" y="517"/><a:pt x="497" y="517"/><a:pt x="497" y="517"/></a:cubicBezTo><a:cubicBezTo><a:pt x="517" y="516"/><a:pt x="517" y="487"/><a:pt x="497" y="487"/></a:cubicBezTo><a:close/></a:path></a:pathLst></a:custGeom><a:solidFill><a:srgbClr val="ffffff"><a:alpha val="50000"/></a:srgbClr></a:solidFill><a:ln w="0"><a:noFill/></a:ln></p:spPr><p:style><a:lnRef idx="0"/><a:fillRef idx="0"/><a:effectRef idx="0"/><a:fontRef idx="minor"/></p:style><p:txBody><a:bodyPr anchor="t"><a:noAutofit/></a:bodyPr><a:p><a:pPr defTabSz="914400"><a:lnSpc><a:spcPct val="100000"/></a:lnSpc><a:tabLst><a:tab algn="l" pos="0"/></a:tabLst></a:pPr><a:endParaRPr b="0" lang="en-US" sz="1800" spc="-1" strike="noStrike"><a:solidFill><a:srgbClr val="000000"/></a:solidFill><a:latin typeface="OpenSymbol"/></a:endParaRPr></a:p></p:txBody></p:sp></p:grpSp><p:grpSp><p:nvGrpSpPr><p:cNvPr id="49" name="Google Shape;288;p11"></p:cNvPr><p:cNvGrpSpPr/><p:nvPr/></p:nvGrpSpPr><p:grpSpPr><a:xfrm><a:off x="90360" y="632880"/><a:ext cx="405360" cy="405000"/><a:chOff x="90360" y="632880"/><a:chExt cx="405360" cy="405000"/></a:xfrm></p:grpSpPr><p:sp><p:nvSpPr><p:cNvPr id="50" name="Google Shape;289;p11"></p:cNvPr><p:cNvSpPr/><p:nvPr/></p:nvSpPr><p:spPr><a:xfrm><a:off x="192960" y="632880"/><a:ext cx="201240" cy="204480"/></a:xfrm><a:custGeom><a:avLst/><a:gdLst><a:gd name="textAreaLeft" fmla="*/ 0 w 201240"/><a:gd name="textAreaRight" fmla="*/ 201600 w 201240"/><a:gd name="textAreaTop" fmla="*/ 0 h 204480"/><a:gd name="textAreaBottom" fmla="*/ 204840 h 204480"/></a:gdLst><a:ahLst/><a:rect l="textAreaLeft" t="textAreaTop" r="textAreaRight" b="textAreaBottom"/><a:pathLst><a:path w="255" h="259"><a:moveTo><a:pt x="227" y="210"/></a:moveTo><a:cubicBezTo><a:pt x="230" y="210"/><a:pt x="232" y="208"/><a:pt x="233" y="206"/></a:cubicBezTo><a:cubicBezTo><a:pt x="253" y="167"/><a:pt x="253" y="167"/><a:pt x="253" y="167"/></a:cubicBezTo><a:cubicBezTo><a:pt x="255" y="163"/><a:pt x="253" y="160"/><a:pt x="250" y="158"/></a:cubicBezTo><a:cubicBezTo><a:pt x="229" y="148"/><a:pt x="229" y="148"/><a:pt x="229" y="148"/></a:cubicBezTo><a:cubicBezTo><a:pt x="227" y="146"/><a:pt x="226" y="144"/><a:pt x="226" y="141"/></a:cubicBezTo><a:cubicBezTo><a:pt x="227" y="131"/><a:pt x="227" y="120"/><a:pt x="225" y="109"/></a:cubicBezTo><a:cubicBezTo><a:pt x="224" y="107"/><a:pt x="226" y="104"/><a:pt x="228" y="103"/></a:cubicBezTo><a:cubicBezTo><a:pt x="248" y="91"/><a:pt x="248" y="91"/><a:pt x="248" y="91"/></a:cubicBezTo><a:cubicBezTo><a:pt x="251" y="89"/><a:pt x="252" y="85"/><a:pt x="250" y="82"/></a:cubicBezTo><a:cubicBezTo><a:pt x="228" y="44"/><a:pt x="228" y="44"/><a:pt x="228" y="44"/></a:cubicBezTo><a:cubicBezTo><a:pt x="227" y="42"/><a:pt x="224" y="41"/><a:pt x="222" y="41"/></a:cubicBezTo><a:cubicBezTo><a:pt x="221" y="41"/><a:pt x="220" y="41"/><a:pt x="219" y="42"/></a:cubicBezTo><a:cubicBezTo><a:pt x="199" y="53"/><a:pt x="199" y="53"/><a:pt x="199" y="53"/></a:cubicBezTo><a:cubicBezTo><a:pt x="197" y="55"/><a:pt x="194" y="54"/><a:pt x="191" y="53"/></a:cubicBezTo><a:cubicBezTo><a:pt x="182" y="45"/><a:pt x="172" y="39"/><a:pt x="160" y="35"/></a:cubicBezTo><a:cubicBezTo><a:pt x="158" y="34"/><a:pt x="156" y="31"/><a:pt x="156" y="29"/></a:cubicBezTo><a:cubicBezTo><a:pt x="156" y="7"/><a:pt x="156" y="7"/><a:pt x="156" y="7"/></a:cubicBezTo><a:cubicBezTo><a:pt x="156" y="3"/><a:pt x="153" y="0"/><a:pt x="149" y="0"/></a:cubicBezTo><a:cubicBezTo><a:pt x="105" y="0"/><a:pt x="105" y="0"/><a:pt x="105" y="0"/></a:cubicBezTo><a:cubicBezTo><a:pt x="101" y="0"/><a:pt x="98" y="3"/><a:pt x="98" y="7"/></a:cubicBezTo><a:cubicBezTo><a:pt x="98" y="29"/><a:pt x="98" y="29"/><a:pt x="98" y="29"/></a:cubicBezTo><a:cubicBezTo><a:pt x="98" y="31"/><a:pt x="97" y="34"/><a:pt x="94" y="35"/></a:cubicBezTo><a:cubicBezTo><a:pt x="81" y="40"/><a:pt x="68" y="47"/><a:pt x="58" y="57"/></a:cubicBezTo><a:cubicBezTo><a:pt x="56" y="59"/><a:pt x="53" y="59"/><a:pt x="51" y="58"/></a:cubicBezTo><a:cubicBezTo><a:pt x="30" y="48"/><a:pt x="30" y="48"/><a:pt x="30" y="48"/></a:cubicBezTo><a:cubicBezTo><a:pt x="27" y="46"/><a:pt x="23" y="47"/><a:pt x="21" y="50"/></a:cubicBezTo><a:cubicBezTo><a:pt x="1" y="90"/><a:pt x="1" y="90"/><a:pt x="1" y="90"/></a:cubicBezTo><a:cubicBezTo><a:pt x="0" y="93"/><a:pt x="1" y="97"/><a:pt x="4" y="99"/></a:cubicBezTo><a:cubicBezTo><a:pt x="25" y="109"/><a:pt x="25" y="109"/><a:pt x="25" y="109"/></a:cubicBezTo><a:cubicBezTo><a:pt x="27" y="110"/><a:pt x="29" y="113"/><a:pt x="28" y="116"/></a:cubicBezTo><a:cubicBezTo><a:pt x="27" y="126"/><a:pt x="27" y="137"/><a:pt x="29" y="147"/></a:cubicBezTo><a:cubicBezTo><a:pt x="30" y="150"/><a:pt x="29" y="153"/><a:pt x="26" y="154"/></a:cubicBezTo><a:cubicBezTo><a:pt x="6" y="166"/><a:pt x="6" y="166"/><a:pt x="6" y="166"/></a:cubicBezTo><a:cubicBezTo><a:pt x="3" y="167"/><a:pt x="2" y="171"/><a:pt x="4" y="175"/></a:cubicBezTo><a:cubicBezTo><a:pt x="26" y="213"/><a:pt x="26" y="213"/><a:pt x="26" y="213"/></a:cubicBezTo><a:cubicBezTo><a:pt x="28" y="216"/><a:pt x="32" y="217"/><a:pt x="35" y="215"/></a:cubicBezTo><a:cubicBezTo><a:pt x="55" y="203"/><a:pt x="55" y="203"/><a:pt x="55" y="203"/></a:cubicBezTo><a:cubicBezTo><a:pt x="58" y="202"/><a:pt x="61" y="202"/><a:pt x="63" y="204"/></a:cubicBezTo><a:cubicBezTo><a:pt x="72" y="212"/><a:pt x="82" y="218"/><a:pt x="94" y="222"/></a:cubicBezTo><a:cubicBezTo><a:pt x="97" y="223"/><a:pt x="98" y="225"/><a:pt x="98" y="228"/></a:cubicBezTo><a:cubicBezTo><a:pt x="98" y="252"/><a:pt x="98" y="252"/><a:pt x="98" y="252"/></a:cubicBezTo><a:cubicBezTo><a:pt x="98" y="256"/><a:pt x="101" y="259"/><a:pt x="105" y="259"/></a:cubicBezTo><a:cubicBezTo><a:pt x="149" y="259"/><a:pt x="149" y="259"/><a:pt x="149" y="259"/></a:cubicBezTo><a:cubicBezTo><a:pt x="153" y="259"/><a:pt x="156" y="256"/><a:pt x="156" y="252"/></a:cubicBezTo><a:cubicBezTo><a:pt x="156" y="228"/><a:pt x="156" y="228"/><a:pt x="156" y="228"/></a:cubicBezTo><a:cubicBezTo><a:pt x="156" y="225"/><a:pt x="158" y="223"/><a:pt x="160" y="222"/></a:cubicBezTo><a:cubicBezTo><a:pt x="174" y="217"/><a:pt x="186" y="209"/><a:pt x="196" y="200"/></a:cubicBezTo><a:cubicBezTo><a:pt x="198" y="198"/><a:pt x="201" y="197"/><a:pt x="204" y="199"/></a:cubicBezTo><a:cubicBezTo><a:pt x="224" y="209"/><a:pt x="224" y="209"/><a:pt x="224" y="209"/></a:cubicBezTo><a:cubicBezTo><a:pt x="225" y="209"/><a:pt x="226" y="210"/><a:pt x="227" y="210"/></a:cubicBezTo><a:close/><a:moveTo><a:pt x="127" y="172"/></a:moveTo><a:cubicBezTo><a:pt x="104" y="172"/><a:pt x="84" y="153"/><a:pt x="84" y="130"/></a:cubicBezTo><a:cubicBezTo><a:pt x="87" y="73"/><a:pt x="168" y="73"/><a:pt x="170" y="130"/></a:cubicBezTo><a:cubicBezTo><a:pt x="170" y="153"/><a:pt x="151" y="172"/><a:pt x="127" y="172"/></a:cubicBezTo><a:close/></a:path></a:pathLst></a:custGeom><a:solidFill><a:srgbClr val="ffffff"><a:alpha val="50000"/></a:srgbClr></a:solidFill><a:ln w="0"><a:noFill/></a:ln></p:spPr><p:style><a:lnRef idx="0"/><a:fillRef idx="0"/><a:effectRef idx="0"/><a:fontRef idx="minor"/></p:style><p:txBody><a:bodyPr anchor="t"><a:noAutofit/></a:bodyPr><a:p><a:pPr defTabSz="914400"><a:lnSpc><a:spcPct val="100000"/></a:lnSpc><a:tabLst><a:tab algn="l" pos="0"/></a:tabLst></a:pPr><a:endParaRPr b="0" lang="en-US" sz="1800" spc="-1" strike="noStrike"><a:solidFill><a:srgbClr val="000000"/></a:solidFill><a:latin typeface="OpenSymbol"/></a:endParaRPr></a:p></p:txBody></p:sp><p:sp><p:nvSpPr><p:cNvPr id="51" name="Google Shape;290;p11"></p:cNvPr><p:cNvSpPr/><p:nvPr/></p:nvSpPr><p:spPr><a:xfrm><a:off x="282960" y="725400"/><a:ext cx="20160" cy="22680"/></a:xfrm><a:custGeom><a:avLst/><a:gdLst><a:gd name="textAreaLeft" fmla="*/ 0 w 20160"/><a:gd name="textAreaRight" fmla="*/ 20520 w 20160"/><a:gd name="textAreaTop" fmla="*/ 0 h 22680"/><a:gd name="textAreaBottom" fmla="*/ 23040 h 22680"/></a:gdLst><a:ahLst/><a:rect l="textAreaLeft" t="textAreaTop" r="textAreaRight" b="textAreaBottom"/><a:pathLst><a:path w="26" h="29"><a:moveTo><a:pt x="13" y="0"/></a:moveTo><a:cubicBezTo><a:pt x="6" y="0"/><a:pt x="0" y="6"/><a:pt x="0" y="13"/></a:cubicBezTo><a:cubicBezTo><a:pt x="1" y="29"/><a:pt x="25" y="29"/><a:pt x="26" y="13"/></a:cubicBezTo><a:cubicBezTo><a:pt x="26" y="6"/><a:pt x="20" y="0"/><a:pt x="13" y="0"/></a:cubicBezTo><a:close/></a:path></a:pathLst></a:custGeom><a:solidFill><a:srgbClr val="ffffff"><a:alpha val="50000"/></a:srgbClr></a:solidFill><a:ln w="0"><a:noFill/></a:ln></p:spPr><p:style><a:lnRef idx="0"/><a:fillRef idx="0"/><a:effectRef idx="0"/><a:fontRef idx="minor"/></p:style><p:txBody><a:bodyPr tIns="11520" bIns="11520" anchor="t"><a:noAutofit/></a:bodyPr><a:p><a:pPr defTabSz="914400"><a:lnSpc><a:spcPct val="100000"/></a:lnSpc><a:tabLst><a:tab algn="l" pos="0"/></a:tabLst></a:pPr><a:endParaRPr b="0" lang="en-US" sz="1800" spc="-1" strike="noStrike"><a:solidFill><a:srgbClr val="000000"/></a:solidFill><a:latin typeface="OpenSymbol"/></a:endParaRPr></a:p></p:txBody></p:sp><p:sp><p:nvSpPr><p:cNvPr id="52" name="Google Shape;291;p11"></p:cNvPr><p:cNvSpPr/><p:nvPr/></p:nvSpPr><p:spPr><a:xfrm><a:off x="251280" y="860400"/><a:ext cx="82440" cy="177480"/></a:xfrm><a:custGeom><a:avLst/><a:gdLst><a:gd name="textAreaLeft" fmla="*/ 0 w 82440"/><a:gd name="textAreaRight" fmla="*/ 82800 w 82440"/><a:gd name="textAreaTop" fmla="*/ 0 h 177480"/><a:gd name="textAreaBottom" fmla="*/ 177840 h 177480"/></a:gdLst><a:ahLst/><a:rect l="textAreaLeft" t="textAreaTop" r="textAreaRight" b="textAreaBottom"/><a:pathLst><a:path w="105" h="225"><a:moveTo><a:pt x="99" y="145"/></a:moveTo><a:cubicBezTo><a:pt x="85" y="145"/><a:pt x="85" y="145"/><a:pt x="85" y="145"/></a:cubicBezTo><a:cubicBezTo><a:pt x="82" y="145"/><a:pt x="80" y="143"/><a:pt x="80" y="141"/></a:cubicBezTo><a:cubicBezTo><a:pt x="80" y="0"/><a:pt x="80" y="0"/><a:pt x="80" y="0"/></a:cubicBezTo><a:cubicBezTo><a:pt x="79" y="0"/><a:pt x="77" y="1"/><a:pt x="75" y="1"/></a:cubicBezTo><a:cubicBezTo><a:pt x="31" y="1"/><a:pt x="31" y="1"/><a:pt x="31" y="1"/></a:cubicBezTo><a:cubicBezTo><a:pt x="29" y="1"/><a:pt x="28" y="0"/><a:pt x="26" y="0"/></a:cubicBezTo><a:cubicBezTo><a:pt x="26" y="141"/><a:pt x="26" y="141"/><a:pt x="26" y="141"/></a:cubicBezTo><a:cubicBezTo><a:pt x="26" y="143"/><a:pt x="24" y="145"/><a:pt x="21" y="145"/></a:cubicBezTo><a:cubicBezTo><a:pt x="7" y="145"/><a:pt x="7" y="145"/><a:pt x="7" y="145"/></a:cubicBezTo><a:cubicBezTo><a:pt x="3" y="145"/><a:pt x="0" y="148"/><a:pt x="0" y="152"/></a:cubicBezTo><a:cubicBezTo><a:pt x="0" y="177"/><a:pt x="0" y="177"/><a:pt x="0" y="177"/></a:cubicBezTo><a:cubicBezTo><a:pt x="0" y="179"/><a:pt x="1" y="180"/><a:pt x="3" y="182"/></a:cubicBezTo><a:cubicBezTo><a:pt x="49" y="223"/><a:pt x="49" y="223"/><a:pt x="49" y="223"/></a:cubicBezTo><a:cubicBezTo><a:pt x="51" y="225"/><a:pt x="55" y="225"/><a:pt x="57" y="223"/></a:cubicBezTo><a:cubicBezTo><a:pt x="103" y="182"/><a:pt x="103" y="182"/><a:pt x="103" y="182"/></a:cubicBezTo><a:cubicBezTo><a:pt x="104" y="180"/><a:pt x="105" y="179"/><a:pt x="105" y="177"/></a:cubicBezTo><a:cubicBezTo><a:pt x="105" y="152"/><a:pt x="105" y="152"/><a:pt x="105" y="152"/></a:cubicBezTo><a:cubicBezTo><a:pt x="105" y="148"/><a:pt x="102" y="145"/><a:pt x="99" y="145"/></a:cubicBezTo><a:close/></a:path></a:pathLst></a:custGeom><a:solidFill><a:srgbClr val="ffffff"><a:alpha val="50000"/></a:srgbClr></a:solidFill><a:ln w="0"><a:noFill/></a:ln></p:spPr><p:style><a:lnRef idx="0"/><a:fillRef idx="0"/><a:effectRef idx="0"/><a:fontRef idx="minor"/></p:style><p:txBody><a:bodyPr anchor="t"><a:noAutofit/></a:bodyPr><a:p><a:pPr defTabSz="914400"><a:lnSpc><a:spcPct val="100000"/></a:lnSpc><a:tabLst><a:tab algn="l" pos="0"/></a:tabLst></a:pPr><a:endParaRPr b="0" lang="en-US" sz="1800" spc="-1" strike="noStrike"><a:solidFill><a:srgbClr val="000000"/></a:solidFill><a:latin typeface="OpenSymbol"/></a:endParaRPr></a:p></p:txBody></p:sp><p:sp><p:nvSpPr><p:cNvPr id="53" name="Google Shape;292;p11"></p:cNvPr><p:cNvSpPr/><p:nvPr/></p:nvSpPr><p:spPr><a:xfrm><a:off x="90360" y="820080"/><a:ext cx="163440" cy="102240"/></a:xfrm><a:custGeom><a:avLst/><a:gdLst><a:gd name="textAreaLeft" fmla="*/ 0 w 163440"/><a:gd name="textAreaRight" fmla="*/ 163800 w 163440"/><a:gd name="textAreaTop" fmla="*/ 0 h 102240"/><a:gd name="textAreaBottom" fmla="*/ 102600 h 102240"/></a:gdLst><a:ahLst/><a:rect l="textAreaLeft" t="textAreaTop" r="textAreaRight" b="textAreaBottom"/><a:pathLst><a:path w="208" h="130"><a:moveTo><a:pt x="198" y="15"/></a:moveTo><a:cubicBezTo><a:pt x="198" y="6"/><a:pt x="198" y="6"/><a:pt x="198" y="6"/></a:cubicBezTo><a:cubicBezTo><a:pt x="194" y="4"/><a:pt x="191" y="2"/><a:pt x="187" y="0"/></a:cubicBezTo><a:cubicBezTo><a:pt x="180" y="4"/><a:pt x="180" y="4"/><a:pt x="180" y="4"/></a:cubicBezTo><a:cubicBezTo><a:pt x="174" y="8"/><a:pt x="166" y="9"/><a:pt x="158" y="8"/></a:cubicBezTo><a:cubicBezTo><a:pt x="158" y="18"/><a:pt x="158" y="18"/><a:pt x="158" y="18"/></a:cubicBezTo><a:cubicBezTo><a:pt x="158" y="36"/><a:pt x="143" y="51"/><a:pt x="125" y="51"/></a:cubicBezTo><a:cubicBezTo><a:pt x="85" y="51"/><a:pt x="85" y="51"/><a:pt x="85" y="51"/></a:cubicBezTo><a:cubicBezTo><a:pt x="83" y="51"/><a:pt x="81" y="49"/><a:pt x="81" y="46"/></a:cubicBezTo><a:cubicBezTo><a:pt x="81" y="32"/><a:pt x="81" y="32"/><a:pt x="81" y="32"/></a:cubicBezTo><a:cubicBezTo><a:pt x="81" y="28"/><a:pt x="78" y="25"/><a:pt x="74" y="25"/></a:cubicBezTo><a:cubicBezTo><a:pt x="49" y="25"/><a:pt x="49" y="25"/><a:pt x="49" y="25"/></a:cubicBezTo><a:cubicBezTo><a:pt x="47" y="25"/><a:pt x="46" y="26"/><a:pt x="44" y="28"/></a:cubicBezTo><a:cubicBezTo><a:pt x="3" y="73"/><a:pt x="3" y="73"/><a:pt x="3" y="73"/></a:cubicBezTo><a:cubicBezTo><a:pt x="0" y="76"/><a:pt x="0" y="80"/><a:pt x="3" y="82"/></a:cubicBezTo><a:cubicBezTo><a:pt x="44" y="128"/><a:pt x="44" y="128"/><a:pt x="44" y="128"/></a:cubicBezTo><a:cubicBezTo><a:pt x="46" y="129"/><a:pt x="47" y="130"/><a:pt x="49" y="130"/></a:cubicBezTo><a:cubicBezTo><a:pt x="74" y="130"/><a:pt x="74" y="130"/><a:pt x="74" y="130"/></a:cubicBezTo><a:cubicBezTo><a:pt x="78" y="130"/><a:pt x="81" y="127"/><a:pt x="81" y="123"/></a:cubicBezTo><a:cubicBezTo><a:pt x="81" y="109"/><a:pt x="81" y="109"/><a:pt x="81" y="109"/></a:cubicBezTo><a:cubicBezTo><a:pt x="81" y="107"/><a:pt x="83" y="105"/><a:pt x="85" y="105"/></a:cubicBezTo><a:cubicBezTo><a:pt x="118" y="105"/><a:pt x="118" y="105"/><a:pt x="118" y="105"/></a:cubicBezTo><a:cubicBezTo><a:pt x="160" y="105"/><a:pt x="196" y="77"/><a:pt x="208" y="40"/></a:cubicBezTo><a:cubicBezTo><a:pt x="202" y="33"/><a:pt x="198" y="25"/><a:pt x="198" y="15"/></a:cubicBezTo><a:close/></a:path></a:pathLst></a:custGeom><a:solidFill><a:srgbClr val="ffffff"><a:alpha val="50000"/></a:srgbClr></a:solidFill><a:ln w="0"><a:noFill/></a:ln></p:spPr><p:style><a:lnRef idx="0"/><a:fillRef idx="0"/><a:effectRef idx="0"/><a:fontRef idx="minor"/></p:style><p:txBody><a:bodyPr anchor="t"><a:noAutofit/></a:bodyPr><a:p><a:pPr defTabSz="914400"><a:lnSpc><a:spcPct val="100000"/></a:lnSpc><a:tabLst><a:tab algn="l" pos="0"/></a:tabLst></a:pPr><a:endParaRPr b="0" lang="en-US" sz="1800" spc="-1" strike="noStrike"><a:solidFill><a:srgbClr val="000000"/></a:solidFill><a:latin typeface="OpenSymbol"/></a:endParaRPr></a:p></p:txBody></p:sp><p:sp><p:nvSpPr><p:cNvPr id="54" name="Google Shape;293;p11"></p:cNvPr><p:cNvSpPr/><p:nvPr/></p:nvSpPr><p:spPr><a:xfrm><a:off x="331920" y="816120"/><a:ext cx="163800" cy="106560"/></a:xfrm><a:custGeom><a:avLst/><a:gdLst><a:gd name="textAreaLeft" fmla="*/ 0 w 163800"/><a:gd name="textAreaRight" fmla="*/ 164160 w 163800"/><a:gd name="textAreaTop" fmla="*/ 0 h 106560"/><a:gd name="textAreaBottom" fmla="*/ 106920 h 106560"/></a:gdLst><a:ahLst/><a:rect l="textAreaLeft" t="textAreaTop" r="textAreaRight" b="textAreaBottom"/><a:pathLst><a:path w="208" h="135"><a:moveTo><a:pt x="206" y="78"/></a:moveTo><a:cubicBezTo><a:pt x="164" y="33"/><a:pt x="164" y="33"/><a:pt x="164" y="33"/></a:cubicBezTo><a:cubicBezTo><a:pt x="163" y="31"/><a:pt x="161" y="30"/><a:pt x="159" y="30"/></a:cubicBezTo><a:cubicBezTo><a:pt x="134" y="30"/><a:pt x="134" y="30"/><a:pt x="134" y="30"/></a:cubicBezTo><a:cubicBezTo><a:pt x="131" y="30"/><a:pt x="128" y="33"/><a:pt x="128" y="37"/></a:cubicBezTo><a:cubicBezTo><a:pt x="128" y="51"/><a:pt x="128" y="51"/><a:pt x="128" y="51"/></a:cubicBezTo><a:cubicBezTo><a:pt x="128" y="54"/><a:pt x="126" y="56"/><a:pt x="123" y="56"/></a:cubicBezTo><a:cubicBezTo><a:pt x="84" y="56"/><a:pt x="84" y="56"/><a:pt x="84" y="56"/></a:cubicBezTo><a:cubicBezTo><a:pt x="65" y="56"/><a:pt x="50" y="41"/><a:pt x="50" y="23"/></a:cubicBezTo><a:cubicBezTo><a:pt x="50" y="7"/><a:pt x="50" y="7"/><a:pt x="50" y="7"/></a:cubicBezTo><a:cubicBezTo><a:pt x="45" y="7"/><a:pt x="40" y="6"/><a:pt x="35" y="4"/></a:cubicBezTo><a:cubicBezTo><a:pt x="28" y="0"/><a:pt x="28" y="0"/><a:pt x="28" y="0"/></a:cubicBezTo><a:cubicBezTo><a:pt x="22" y="4"/><a:pt x="16" y="8"/><a:pt x="10" y="11"/></a:cubicBezTo><a:cubicBezTo><a:pt x="10" y="20"/><a:pt x="10" y="20"/><a:pt x="10" y="20"/></a:cubicBezTo><a:cubicBezTo><a:pt x="10" y="30"/><a:pt x="6" y="38"/><a:pt x="0" y="45"/></a:cubicBezTo><a:cubicBezTo><a:pt x="12" y="82"/><a:pt x="48" y="110"/><a:pt x="90" y="110"/></a:cubicBezTo><a:cubicBezTo><a:pt x="123" y="110"/><a:pt x="123" y="110"/><a:pt x="123" y="110"/></a:cubicBezTo><a:cubicBezTo><a:pt x="126" y="110"/><a:pt x="128" y="112"/><a:pt x="128" y="114"/></a:cubicBezTo><a:cubicBezTo><a:pt x="128" y="128"/><a:pt x="128" y="128"/><a:pt x="128" y="128"/></a:cubicBezTo><a:cubicBezTo><a:pt x="128" y="132"/><a:pt x="131" y="135"/><a:pt x="134" y="135"/></a:cubicBezTo><a:cubicBezTo><a:pt x="159" y="135"/><a:pt x="159" y="135"/><a:pt x="159" y="135"/></a:cubicBezTo><a:cubicBezTo><a:pt x="161" y="135"/><a:pt x="163" y="134"/><a:pt x="164" y="133"/></a:cubicBezTo><a:cubicBezTo><a:pt x="206" y="87"/><a:pt x="206" y="87"/><a:pt x="206" y="87"/></a:cubicBezTo><a:cubicBezTo><a:pt x="208" y="85"/><a:pt x="208" y="81"/><a:pt x="206" y="78"/></a:cubicBezTo><a:close/></a:path></a:pathLst></a:custGeom><a:solidFill><a:srgbClr val="ffffff"><a:alpha val="50000"/></a:srgbClr></a:solidFill><a:ln w="0"><a:noFill/></a:ln></p:spPr><p:style><a:lnRef idx="0"/><a:fillRef idx="0"/><a:effectRef idx="0"/><a:fontRef idx="minor"/></p:style><p:txBody><a:bodyPr anchor="t"><a:noAutofit/></a:bodyPr><a:p><a:pPr defTabSz="914400"><a:lnSpc><a:spcPct val="100000"/></a:lnSpc><a:tabLst><a:tab algn="l" pos="0"/></a:tabLst></a:pPr><a:endParaRPr b="0" lang="en-US" sz="1800" spc="-1" strike="noStrike"><a:solidFill><a:srgbClr val="000000"/></a:solidFill><a:latin typeface="OpenSymbol"/></a:endParaRPr></a:p></p:txBody></p:sp></p:grpSp></p:grpSp></p:grpSp><p:sp><p:nvSpPr><p:cNvPr id="55" name="PlaceHolder 1"></p:cNvPr><p:cNvSpPr><a:spLocks noGrp="1"/></p:cNvSpPr><p:nvPr><p:ph type="title"/></p:nvPr></p:nvSpPr><p:spPr><a:xfrm><a:off x="2176560" y="1692000"/><a:ext cx="4790520" cy="1276920"/></a:xfrm><a:prstGeom prst="rect"><a:avLst/></a:prstGeom><a:noFill/><a:ln w="0"><a:noFill/></a:ln></p:spPr><p:txBody><a:bodyPr lIns="91440" rIns="91440" tIns="91440" bIns="91440" anchor="b"><a:noAutofit/></a:bodyPr><a:p><a:pPr indent="0"><a:lnSpc><a:spcPct val="100000"/></a:lnSpc><a:buNone/></a:pPr><a:r><a:rPr b="1" lang="fr-FR" sz="6000" spc="-1" strike="noStrike"><a:solidFill><a:schemeClr val="dk1"></a:schemeClr></a:solidFill><a:latin typeface="Montserrat"/><a:ea typeface="Montserrat"/></a:rPr><a:t>xx%</a:t></a:r><a:endParaRPr b="0" lang="fr-FR" sz="6000" spc="-1" strike="noStrike"><a:solidFill><a:schemeClr val="dk1"></a:schemeClr></a:solidFill><a:latin typeface="Arial"/></a:endParaRPr></a:p></p:txBody></p:sp></p:spTree></p:cSld><p:clrMap bg1="lt1" bg2="lt2" tx1="dk1" tx2="dk2" accent1="accent1" accent2="accent2" accent3="accent3" accent4="accent4" accent5="accent5" accent6="accent6" hlink="hlink" folHlink="folHlink"/><p:sldLayoutIdLst><p:sldLayoutId id="2147483651" r:id="rId8"/></p:sldLayoutIdLst></p:sldMaster>