<?xml version="1.0" encoding="UTF-8" standalone="yes"?>
<p:sldMaster xmlns:a="http://schemas.openxmlformats.org/drawingml/2006/main" xmlns:p="http://schemas.openxmlformats.org/presentationml/2006/main" xmlns:r="http://schemas.openxmlformats.org/officeDocument/2006/relationships" xmlns:p14="http://schemas.microsoft.com/office/powerpoint/2010/main" xmlns:p15="http://schemas.microsoft.com/office/powerpoint/2012/main" xmlns:mc="http://schemas.openxmlformats.org/markup-compatibility/2006"><p:cSld><p:bg><p:bgPr><a:solidFill><a:schemeClr val="lt2"></a:schemeClr></a:solidFill></p:bgPr></p:bg><p:spTree><p:nvGrpSpPr>        <p:cNvPr id="1" name=""/>        <p:cNvGrpSpPr/>        <p:nvPr/>      </p:nvGrpSpPr>      <p:grpSpPr>        <a:xfrm>          <a:off x="0" y="0"/>          <a:ext cx="0" cy="0"/>          <a:chOff x="0" y="0"/>          <a:chExt cx="0" cy="0"/>        </a:xfrm>      </p:grpSpPr><p:pic><p:nvPicPr><p:cNvPr id="399" name="Google Shape;637;p21" descr=""></p:cNvPr><p:cNvPicPr/><p:nvPr/></p:nvPicPr><p:blipFill><a:blip r:embed="rId2"></a:blip><a:srcRect l="0" t="1844" r="1844" b="0"/><a:stretch/></p:blipFill><p:spPr><a:xfrm flipH="1" rot="10800000"><a:off x="0" y="0"/><a:ext cx="9143640" cy="5143320"/></a:xfrm><a:prstGeom prst="rect"><a:avLst/></a:prstGeom><a:ln w="0"><a:noFill/></a:ln></p:spPr></p:pic><p:pic><p:nvPicPr><p:cNvPr id="400" name="Google Shape;638;p21" descr=""></p:cNvPr><p:cNvPicPr/><p:nvPr/></p:nvPicPr><p:blipFill><a:blip r:embed="rId3"><a:alphaModFix amt="50000"/></a:blip><a:stretch/></p:blipFill><p:spPr><a:xfrm flipH="1" rot="19152600"><a:off x="7219800" y="-2005920"/><a:ext cx="3541680" cy="3464640"/></a:xfrm><a:prstGeom prst="rect"><a:avLst/></a:prstGeom><a:ln w="0"><a:noFill/></a:ln></p:spPr></p:pic><p:pic><p:nvPicPr><p:cNvPr id="401" name="Google Shape;639;p21" descr=""></p:cNvPr><p:cNvPicPr/><p:nvPr/></p:nvPicPr><p:blipFill><a:blip r:embed="rId4"></a:blip><a:srcRect l="7208" t="0" r="48305" b="45432"/><a:stretch/></p:blipFill><p:spPr><a:xfrm flipH="1" rot="10800000"><a:off x="0" y="360"/><a:ext cx="1218960" cy="2854080"/></a:xfrm><a:prstGeom prst="rect"><a:avLst/></a:prstGeom><a:ln w="0"><a:noFill/></a:ln></p:spPr></p:pic><p:grpSp><p:nvGrpSpPr><p:cNvPr id="402" name="Google Shape;640;p21"></p:cNvPr><p:cNvGrpSpPr/><p:nvPr/></p:nvGrpSpPr><p:grpSpPr><a:xfrm><a:off x="7780680" y="3676680"/><a:ext cx="1963080" cy="2007000"/><a:chOff x="7780680" y="3676680"/><a:chExt cx="1963080" cy="2007000"/></a:xfrm></p:grpSpPr><p:pic><p:nvPicPr><p:cNvPr id="403" name="Google Shape;641;p21" descr=""></p:cNvPr><p:cNvPicPr/><p:nvPr/></p:nvPicPr><p:blipFill><a:blip r:embed="rId5"><a:alphaModFix amt="50000"/></a:blip><a:stretch/></p:blipFill><p:spPr><a:xfrm rot="5400000"><a:off x="7758720" y="3698640"/><a:ext cx="2007000" cy="1963080"/></a:xfrm><a:prstGeom prst="rect"><a:avLst/></a:prstGeom><a:ln w="0"><a:noFill/></a:ln></p:spPr></p:pic><p:grpSp><p:nvGrpSpPr><p:cNvPr id="404" name="Google Shape;642;p21"></p:cNvPr><p:cNvGrpSpPr/><p:nvPr/></p:nvGrpSpPr><p:grpSpPr><a:xfrm><a:off x="9025560" y="4566240"/><a:ext cx="326520" cy="318240"/><a:chOff x="9025560" y="4566240"/><a:chExt cx="326520" cy="318240"/></a:xfrm></p:grpSpPr><p:sp><p:nvSpPr><p:cNvPr id="405" name="Google Shape;643;p21"></p:cNvPr><p:cNvSpPr/><p:nvPr/></p:nvSpPr><p:spPr><a:xfrm><a:off x="9151560" y="4862880"/><a:ext cx="115920" cy="21600"/></a:xfrm><a:custGeom><a:avLst/><a:gdLst><a:gd name="textAreaLeft" fmla="*/ 0 w 115920"/><a:gd name="textAreaRight" fmla="*/ 116280 w 115920"/><a:gd name="textAreaTop" fmla="*/ 0 h 21600"/><a:gd name="textAreaBottom" fmla="*/ 21960 h 21600"/></a:gdLst><a:ahLst/><a:rect l="textAreaLeft" t="textAreaTop" r="textAreaRight" b="textAreaBottom"/><a:pathLst><a:path w="190" h="36"><a:moveTo><a:pt x="1" y="14"/></a:moveTo><a:cubicBezTo><a:pt x="0" y="16"/><a:pt x="2" y="19"/><a:pt x="4" y="19"/></a:cubicBezTo><a:cubicBezTo><a:pt x="65" y="36"/><a:pt x="135" y="29"/><a:pt x="190" y="0"/></a:cubicBezTo><a:cubicBezTo><a:pt x="6" y="0"/><a:pt x="6" y="0"/><a:pt x="6" y="0"/></a:cubicBezTo><a:lnTo><a:pt x="1" y="14"/></a:lnTo><a:close/></a:path></a:pathLst></a:custGeom><a:solidFill><a:srgbClr val="ffffff"><a:alpha val="50000"/></a:srgbClr></a:solidFill><a:ln w="0"><a:noFill/></a:ln></p:spPr><p:style><a:lnRef idx="0"/><a:fillRef idx="0"/><a:effectRef idx="0"/><a:fontRef idx="minor"/></p:style><p:txBody><a:bodyPr tIns="10800" bIns="10800" anchor="t"><a:noAutofit/></a:bodyPr><a:p><a:pPr defTabSz="914400"><a:lnSpc><a:spcPct val="100000"/></a:lnSpc><a:tabLst><a:tab algn="l" pos="0"/></a:tabLst></a:pPr><a:endParaRPr b="0" lang="en-US" sz="1800" spc="-1" strike="noStrike"><a:solidFill><a:srgbClr val="000000"/></a:solidFill><a:latin typeface="OpenSymbol"/></a:endParaRPr></a:p></p:txBody></p:sp><p:sp><p:nvSpPr><p:cNvPr id="406" name="Google Shape;644;p21"></p:cNvPr><p:cNvSpPr/><p:nvPr/></p:nvSpPr><p:spPr><a:xfrm><a:off x="9025560" y="4684680"/><a:ext cx="155880" cy="181080"/></a:xfrm><a:custGeom><a:avLst/><a:gdLst><a:gd name="textAreaLeft" fmla="*/ 0 w 155880"/><a:gd name="textAreaRight" fmla="*/ 156240 w 155880"/><a:gd name="textAreaTop" fmla="*/ 0 h 181080"/><a:gd name="textAreaBottom" fmla="*/ 181440 h 181080"/></a:gdLst><a:ahLst/><a:rect l="textAreaLeft" t="textAreaTop" r="textAreaRight" b="textAreaBottom"/><a:pathLst><a:path w="255" h="296"><a:moveTo><a:pt x="251" y="72"/></a:moveTo><a:cubicBezTo><a:pt x="34" y="1"/><a:pt x="34" y="1"/><a:pt x="34" y="1"/></a:cubicBezTo><a:cubicBezTo><a:pt x="32" y="0"/><a:pt x="29" y="2"/><a:pt x="28" y="5"/></a:cubicBezTo><a:cubicBezTo><a:pt x="0" y="121"/><a:pt x="60" y="245"/><a:pt x="169" y="295"/></a:cubicBezTo><a:cubicBezTo><a:pt x="171" y="296"/><a:pt x="174" y="295"/><a:pt x="175" y="292"/></a:cubicBezTo><a:cubicBezTo><a:pt x="254" y="78"/><a:pt x="254" y="78"/><a:pt x="254" y="78"/></a:cubicBezTo><a:cubicBezTo><a:pt x="255" y="76"/><a:pt x="254" y="73"/><a:pt x="251" y="72"/></a:cubicBezTo><a:close/></a:path></a:pathLst></a:custGeom><a:solidFill><a:srgbClr val="ffffff"><a:alpha val="50000"/></a:srgbClr></a:solidFill><a:ln w="0"><a:noFill/></a:ln></p:spPr><p:style><a:lnRef idx="0"/><a:fillRef idx="0"/><a:effectRef idx="0"/><a:fontRef idx="minor"/></p:style><p:txBody><a:bodyPr anchor="t"><a:noAutofit/></a:bodyPr><a:p><a:pPr defTabSz="914400"><a:lnSpc><a:spcPct val="100000"/></a:lnSpc><a:tabLst><a:tab algn="l" pos="0"/></a:tabLst></a:pPr><a:endParaRPr b="0" lang="en-US" sz="1800" spc="-1" strike="noStrike"><a:solidFill><a:srgbClr val="000000"/></a:solidFill><a:latin typeface="OpenSymbol"/></a:endParaRPr></a:p></p:txBody></p:sp><p:sp><p:nvSpPr><p:cNvPr id="407" name="Google Shape;645;p21"></p:cNvPr><p:cNvSpPr/><p:nvPr/></p:nvSpPr><p:spPr><a:xfrm><a:off x="9163080" y="4818960"/><a:ext cx="156960" cy="23040"/></a:xfrm><a:custGeom><a:avLst/><a:gdLst><a:gd name="textAreaLeft" fmla="*/ 0 w 156960"/><a:gd name="textAreaRight" fmla="*/ 157320 w 156960"/><a:gd name="textAreaTop" fmla="*/ 0 h 23040"/><a:gd name="textAreaBottom" fmla="*/ 23400 h 23040"/></a:gdLst><a:ahLst/><a:rect l="textAreaLeft" t="textAreaTop" r="textAreaRight" b="textAreaBottom"/><a:pathLst><a:path w="257" h="38"><a:moveTo><a:pt x="0" y="38"/></a:moveTo><a:cubicBezTo><a:pt x="221" y="38"/><a:pt x="221" y="38"/><a:pt x="221" y="38"/></a:cubicBezTo><a:cubicBezTo><a:pt x="234" y="26"/><a:pt x="246" y="13"/><a:pt x="257" y="0"/></a:cubicBezTo><a:cubicBezTo><a:pt x="14" y="0"/><a:pt x="14" y="0"/><a:pt x="14" y="0"/></a:cubicBezTo><a:lnTo><a:pt x="0" y="38"/></a:lnTo><a:close/></a:path></a:pathLst></a:custGeom><a:solidFill><a:srgbClr val="ffffff"><a:alpha val="50000"/></a:srgbClr></a:solidFill><a:ln w="0"><a:noFill/></a:ln></p:spPr><p:style><a:lnRef idx="0"/><a:fillRef idx="0"/><a:effectRef idx="0"/><a:fontRef idx="minor"/></p:style><p:txBody><a:bodyPr tIns="11520" bIns="11520" anchor="t"><a:noAutofit/></a:bodyPr><a:p><a:pPr defTabSz="914400"><a:lnSpc><a:spcPct val="100000"/></a:lnSpc><a:tabLst><a:tab algn="l" pos="0"/></a:tabLst></a:pPr><a:endParaRPr b="0" lang="en-US" sz="1800" spc="-1" strike="noStrike"><a:solidFill><a:srgbClr val="000000"/></a:solidFill><a:latin typeface="OpenSymbol"/></a:endParaRPr></a:p></p:txBody></p:sp><p:sp><p:nvSpPr><p:cNvPr id="408" name="Google Shape;646;p21"></p:cNvPr><p:cNvSpPr/><p:nvPr/></p:nvSpPr><p:spPr><a:xfrm><a:off x="9050400" y="4566240"/><a:ext cx="134280" cy="141480"/></a:xfrm><a:custGeom><a:avLst/><a:gdLst><a:gd name="textAreaLeft" fmla="*/ 0 w 134280"/><a:gd name="textAreaRight" fmla="*/ 134640 w 134280"/><a:gd name="textAreaTop" fmla="*/ 0 h 141480"/><a:gd name="textAreaBottom" fmla="*/ 141840 h 141480"/></a:gdLst><a:ahLst/><a:rect l="textAreaLeft" t="textAreaTop" r="textAreaRight" b="textAreaBottom"/><a:pathLst><a:path w="220" h="231"><a:moveTo><a:pt x="4" y="162"/></a:moveTo><a:cubicBezTo><a:pt x="214" y="230"/><a:pt x="214" y="230"/><a:pt x="214" y="230"/></a:cubicBezTo><a:cubicBezTo><a:pt x="217" y="231"/><a:pt x="220" y="229"/><a:pt x="220" y="226"/></a:cubicBezTo><a:cubicBezTo><a:pt x="220" y="5"/><a:pt x="220" y="5"/><a:pt x="220" y="5"/></a:cubicBezTo><a:cubicBezTo><a:pt x="220" y="2"/><a:pt x="217" y="0"/><a:pt x="215" y="0"/></a:cubicBezTo><a:cubicBezTo><a:pt x="155" y="6"/><a:pt x="99" y="31"/><a:pt x="56" y="75"/></a:cubicBezTo><a:cubicBezTo><a:pt x="32" y="98"/><a:pt x="14" y="125"/><a:pt x="1" y="155"/></a:cubicBezTo><a:cubicBezTo><a:pt x="0" y="158"/><a:pt x="1" y="161"/><a:pt x="4" y="162"/></a:cubicBezTo><a:close/></a:path></a:pathLst></a:custGeom><a:solidFill><a:srgbClr val="ffffff"><a:alpha val="50000"/></a:srgbClr></a:solidFill><a:ln w="0"><a:noFill/></a:ln></p:spPr><p:style><a:lnRef idx="0"/><a:fillRef idx="0"/><a:effectRef idx="0"/><a:fontRef idx="minor"/></p:style><p:txBody><a:bodyPr anchor="t"><a:noAutofit/></a:bodyPr><a:p><a:pPr defTabSz="914400"><a:lnSpc><a:spcPct val="100000"/></a:lnSpc><a:tabLst><a:tab algn="l" pos="0"/></a:tabLst></a:pPr><a:endParaRPr b="0" lang="en-US" sz="1800" spc="-1" strike="noStrike"><a:solidFill><a:srgbClr val="000000"/></a:solidFill><a:latin typeface="OpenSymbol"/></a:endParaRPr></a:p></p:txBody></p:sp><p:sp><p:nvSpPr><p:cNvPr id="409" name="Google Shape;647;p21"></p:cNvPr><p:cNvSpPr/><p:nvPr/></p:nvSpPr><p:spPr><a:xfrm><a:off x="9178920" y="4776480"/><a:ext cx="164160" cy="21240"/></a:xfrm><a:custGeom><a:avLst/><a:gdLst><a:gd name="textAreaLeft" fmla="*/ 0 w 164160"/><a:gd name="textAreaRight" fmla="*/ 164520 w 164160"/><a:gd name="textAreaTop" fmla="*/ 0 h 21240"/><a:gd name="textAreaBottom" fmla="*/ 21600 h 21240"/></a:gdLst><a:ahLst/><a:rect l="textAreaLeft" t="textAreaTop" r="textAreaRight" b="textAreaBottom"/><a:pathLst><a:path w="268" h="35"><a:moveTo><a:pt x="0" y="35"/></a:moveTo><a:cubicBezTo><a:pt x="253" y="35"/><a:pt x="253" y="35"/><a:pt x="253" y="35"/></a:cubicBezTo><a:cubicBezTo><a:pt x="259" y="24"/><a:pt x="264" y="12"/><a:pt x="268" y="0"/></a:cubicBezTo><a:cubicBezTo><a:pt x="13" y="0"/><a:pt x="13" y="0"/><a:pt x="13" y="0"/></a:cubicBezTo><a:lnTo><a:pt x="0" y="35"/></a:lnTo><a:close/></a:path></a:pathLst></a:custGeom><a:solidFill><a:srgbClr val="ffffff"><a:alpha val="50000"/></a:srgbClr></a:solidFill><a:ln w="0"><a:noFill/></a:ln></p:spPr><p:style><a:lnRef idx="0"/><a:fillRef idx="0"/><a:effectRef idx="0"/><a:fontRef idx="minor"/></p:style><p:txBody><a:bodyPr tIns="10800" bIns="10800" anchor="t"><a:noAutofit/></a:bodyPr><a:p><a:pPr defTabSz="914400"><a:lnSpc><a:spcPct val="100000"/></a:lnSpc><a:tabLst><a:tab algn="l" pos="0"/></a:tabLst></a:pPr><a:endParaRPr b="0" lang="en-US" sz="1800" spc="-1" strike="noStrike"><a:solidFill><a:srgbClr val="000000"/></a:solidFill><a:latin typeface="OpenSymbol"/></a:endParaRPr></a:p></p:txBody></p:sp><p:sp><p:nvSpPr><p:cNvPr id="410" name="Google Shape;648;p21"></p:cNvPr><p:cNvSpPr/><p:nvPr/></p:nvSpPr><p:spPr><a:xfrm><a:off x="9194400" y="4733640"/><a:ext cx="157680" cy="21600"/></a:xfrm><a:custGeom><a:avLst/><a:gdLst><a:gd name="textAreaLeft" fmla="*/ 0 w 157680"/><a:gd name="textAreaRight" fmla="*/ 158040 w 157680"/><a:gd name="textAreaTop" fmla="*/ 0 h 21600"/><a:gd name="textAreaBottom" fmla="*/ 21960 h 21600"/></a:gdLst><a:ahLst/><a:rect l="textAreaLeft" t="textAreaTop" r="textAreaRight" b="textAreaBottom"/><a:pathLst><a:path w="258" h="36"><a:moveTo><a:pt x="253" y="0"/></a:moveTo><a:cubicBezTo><a:pt x="16" y="0"/><a:pt x="16" y="0"/><a:pt x="16" y="0"/></a:cubicBezTo><a:cubicBezTo><a:pt x="15" y="0"/><a:pt x="14" y="1"/><a:pt x="13" y="2"/></a:cubicBezTo><a:cubicBezTo><a:pt x="0" y="36"/><a:pt x="0" y="36"/><a:pt x="0" y="36"/></a:cubicBezTo><a:cubicBezTo><a:pt x="253" y="36"/><a:pt x="253" y="36"/><a:pt x="253" y="36"/></a:cubicBezTo><a:cubicBezTo><a:pt x="255" y="26"/><a:pt x="257" y="16"/><a:pt x="257" y="5"/></a:cubicBezTo><a:cubicBezTo><a:pt x="258" y="2"/><a:pt x="255" y="0"/><a:pt x="253" y="0"/></a:cubicBezTo><a:close/></a:path></a:pathLst></a:custGeom><a:solidFill><a:srgbClr val="ffffff"><a:alpha val="50000"/></a:srgbClr></a:solidFill><a:ln w="0"><a:noFill/></a:ln></p:spPr><p:style><a:lnRef idx="0"/><a:fillRef idx="0"/><a:effectRef idx="0"/><a:fontRef idx="minor"/></p:style><p:txBody><a:bodyPr tIns="10800" bIns="10800" anchor="t"><a:noAutofit/></a:bodyPr><a:p><a:pPr defTabSz="914400"><a:lnSpc><a:spcPct val="100000"/></a:lnSpc><a:tabLst><a:tab algn="l" pos="0"/></a:tabLst></a:pPr><a:endParaRPr b="0" lang="en-US" sz="1800" spc="-1" strike="noStrike"><a:solidFill><a:srgbClr val="000000"/></a:solidFill><a:latin typeface="OpenSymbol"/></a:endParaRPr></a:p></p:txBody></p:sp><p:sp><p:nvSpPr><p:cNvPr id="411" name="Google Shape;649;p21"></p:cNvPr><p:cNvSpPr/><p:nvPr/></p:nvSpPr><p:spPr><a:xfrm><a:off x="9223920" y="4641840"/><a:ext cx="18360" cy="54720"/></a:xfrm><a:custGeom><a:avLst/><a:gdLst><a:gd name="textAreaLeft" fmla="*/ 0 w 18360"/><a:gd name="textAreaRight" fmla="*/ 18720 w 18360"/><a:gd name="textAreaTop" fmla="*/ 0 h 54720"/><a:gd name="textAreaBottom" fmla="*/ 55080 h 54720"/></a:gdLst><a:ahLst/><a:rect l="textAreaLeft" t="textAreaTop" r="textAreaRight" b="textAreaBottom"/><a:pathLst><a:path w="31" h="90"><a:moveTo><a:pt x="16" y="90"/></a:moveTo><a:cubicBezTo><a:pt x="24" y="90"/><a:pt x="31" y="84"/><a:pt x="31" y="75"/></a:cubicBezTo><a:cubicBezTo><a:pt x="31" y="20"/><a:pt x="31" y="20"/><a:pt x="31" y="20"/></a:cubicBezTo><a:cubicBezTo><a:pt x="30" y="0"/><a:pt x="1" y="0"/><a:pt x="0" y="20"/></a:cubicBezTo><a:cubicBezTo><a:pt x="0" y="75"/><a:pt x="0" y="75"/><a:pt x="0" y="75"/></a:cubicBezTo><a:cubicBezTo><a:pt x="0" y="84"/><a:pt x="7" y="90"/><a:pt x="16" y="90"/></a:cubicBezTo><a:close/></a:path></a:pathLst></a:custGeom><a:solidFill><a:srgbClr val="ffffff"><a:alpha val="50000"/></a:srgbClr></a:solidFill><a:ln w="0"><a:noFill/></a:ln></p:spPr><p:style><a:lnRef idx="0"/><a:fillRef idx="0"/><a:effectRef idx="0"/><a:fontRef idx="minor"/></p:style><p:txBody><a:bodyPr tIns="27360" bIns="27360" anchor="t"><a:noAutofit/></a:bodyPr><a:p><a:pPr defTabSz="914400"><a:lnSpc><a:spcPct val="100000"/></a:lnSpc><a:tabLst><a:tab algn="l" pos="0"/></a:tabLst></a:pPr><a:endParaRPr b="0" lang="en-US" sz="1800" spc="-1" strike="noStrike"><a:solidFill><a:srgbClr val="000000"/></a:solidFill><a:latin typeface="OpenSymbol"/></a:endParaRPr></a:p></p:txBody></p:sp><p:sp><p:nvSpPr><p:cNvPr id="412" name="Google Shape;650;p21"></p:cNvPr><p:cNvSpPr/><p:nvPr/></p:nvSpPr><p:spPr><a:xfrm><a:off x="9261360" y="4620960"/><a:ext cx="18000" cy="75600"/></a:xfrm><a:custGeom><a:avLst/><a:gdLst><a:gd name="textAreaLeft" fmla="*/ 0 w 18000"/><a:gd name="textAreaRight" fmla="*/ 18360 w 18000"/><a:gd name="textAreaTop" fmla="*/ 0 h 75600"/><a:gd name="textAreaBottom" fmla="*/ 75960 h 75600"/></a:gdLst><a:ahLst/><a:rect l="textAreaLeft" t="textAreaTop" r="textAreaRight" b="textAreaBottom"/><a:pathLst><a:path w="30" h="124"><a:moveTo><a:pt x="15" y="124"/></a:moveTo><a:cubicBezTo><a:pt x="24" y="124"/><a:pt x="30" y="118"/><a:pt x="30" y="109"/></a:cubicBezTo><a:cubicBezTo><a:pt x="30" y="20"/><a:pt x="30" y="20"/><a:pt x="30" y="20"/></a:cubicBezTo><a:cubicBezTo><a:pt x="30" y="0"/><a:pt x="1" y="0"/><a:pt x="0" y="20"/></a:cubicBezTo><a:cubicBezTo><a:pt x="0" y="109"/><a:pt x="0" y="109"/><a:pt x="0" y="109"/></a:cubicBezTo><a:cubicBezTo><a:pt x="0" y="118"/><a:pt x="7" y="124"/><a:pt x="15" y="124"/></a:cubicBezTo><a:close/></a:path></a:pathLst></a:custGeom><a:solidFill><a:srgbClr val="ffffff"><a:alpha val="50000"/></a:srgbClr></a:solidFill><a:ln w="0"><a:noFill/></a:ln></p:spPr><p:style><a:lnRef idx="0"/><a:fillRef idx="0"/><a:effectRef idx="0"/><a:fontRef idx="minor"/></p:style><p:txBody><a:bodyPr tIns="37800" bIns="37800" anchor="t"><a:noAutofit/></a:bodyPr><a:p><a:pPr defTabSz="914400"><a:lnSpc><a:spcPct val="100000"/></a:lnSpc><a:tabLst><a:tab algn="l" pos="0"/></a:tabLst></a:pPr><a:endParaRPr b="0" lang="en-US" sz="1800" spc="-1" strike="noStrike"><a:solidFill><a:srgbClr val="000000"/></a:solidFill><a:latin typeface="OpenSymbol"/></a:endParaRPr></a:p></p:txBody></p:sp><p:sp><p:nvSpPr><p:cNvPr id="413" name="Google Shape;651;p21"></p:cNvPr><p:cNvSpPr/><p:nvPr/></p:nvSpPr><p:spPr><a:xfrm><a:off x="9298440" y="4591800"/><a:ext cx="18360" cy="104400"/></a:xfrm><a:custGeom><a:avLst/><a:gdLst><a:gd name="textAreaLeft" fmla="*/ 0 w 18360"/><a:gd name="textAreaRight" fmla="*/ 18720 w 18360"/><a:gd name="textAreaTop" fmla="*/ 0 h 104400"/><a:gd name="textAreaBottom" fmla="*/ 104760 h 104400"/></a:gdLst><a:ahLst/><a:rect l="textAreaLeft" t="textAreaTop" r="textAreaRight" b="textAreaBottom"/><a:pathLst><a:path w="30" h="171"><a:moveTo><a:pt x="15" y="171"/></a:moveTo><a:cubicBezTo><a:pt x="23" y="171"/><a:pt x="30" y="165"/><a:pt x="30" y="156"/></a:cubicBezTo><a:cubicBezTo><a:pt x="30" y="20"/><a:pt x="30" y="20"/><a:pt x="30" y="20"/></a:cubicBezTo><a:cubicBezTo><a:pt x="29" y="0"/><a:pt x="1" y="0"/><a:pt x="0" y="20"/></a:cubicBezTo><a:cubicBezTo><a:pt x="0" y="156"/><a:pt x="0" y="156"/><a:pt x="0" y="156"/></a:cubicBezTo><a:cubicBezTo><a:pt x="0" y="165"/><a:pt x="7" y="171"/><a:pt x="15" y="171"/></a:cubicBezTo><a:close/></a:path></a:pathLst></a:custGeom><a:solidFill><a:srgbClr val="ffffff"><a:alpha val="50000"/></a:srgbClr></a:solidFill><a:ln w="0"><a:noFill/></a:ln></p:spPr><p:style><a:lnRef idx="0"/><a:fillRef idx="0"/><a:effectRef idx="0"/><a:fontRef idx="minor"/></p:style><p:txBody><a:bodyPr anchor="t"><a:noAutofit/></a:bodyPr><a:p><a:pPr defTabSz="914400"><a:lnSpc><a:spcPct val="100000"/></a:lnSpc><a:tabLst><a:tab algn="l" pos="0"/></a:tabLst></a:pPr><a:endParaRPr b="0" lang="en-US" sz="1800" spc="-1" strike="noStrike"><a:solidFill><a:srgbClr val="000000"/></a:solidFill><a:latin typeface="OpenSymbol"/></a:endParaRPr></a:p></p:txBody></p:sp></p:grpSp><p:grpSp><p:nvGrpSpPr><p:cNvPr id="414" name="Google Shape;652;p21"></p:cNvPr><p:cNvGrpSpPr/><p:nvPr/></p:nvGrpSpPr><p:grpSpPr><a:xfrm><a:off x="9068760" y="5229360"/><a:ext cx="268200" cy="268560"/><a:chOff x="9068760" y="5229360"/><a:chExt cx="268200" cy="268560"/></a:xfrm></p:grpSpPr><p:sp><p:nvSpPr><p:cNvPr id="415" name="Google Shape;653;p21"></p:cNvPr><p:cNvSpPr/><p:nvPr/></p:nvSpPr><p:spPr><a:xfrm><a:off x="9127080" y="5387760"/><a:ext cx="51480" cy="51480"/></a:xfrm><a:custGeom><a:avLst/><a:gdLst><a:gd name="textAreaLeft" fmla="*/ 0 w 51480"/><a:gd name="textAreaRight" fmla="*/ 51840 w 51480"/><a:gd name="textAreaTop" fmla="*/ 0 h 51480"/><a:gd name="textAreaBottom" fmla="*/ 51840 h 51480"/></a:gdLst><a:ahLst/><a:rect l="textAreaLeft" t="textAreaTop" r="textAreaRight" b="textAreaBottom"/><a:pathLst><a:path w="99" h="99"><a:moveTo><a:pt x="0" y="2"/></a:moveTo><a:cubicBezTo><a:pt x="7" y="24"/><a:pt x="19" y="45"/><a:pt x="37" y="62"/></a:cubicBezTo><a:cubicBezTo><a:pt x="54" y="80"/><a:pt x="75" y="92"/><a:pt x="97" y="99"/></a:cubicBezTo><a:cubicBezTo><a:pt x="99" y="53"/><a:pt x="46" y="0"/><a:pt x="0" y="2"/></a:cubicBezTo><a:close/></a:path></a:pathLst></a:custGeom><a:solidFill><a:srgbClr val="ffffff"><a:alpha val="50000"/></a:srgbClr></a:solidFill><a:ln w="0"><a:noFill/></a:ln></p:spPr><p:style><a:lnRef idx="0"/><a:fillRef idx="0"/><a:effectRef idx="0"/><a:fontRef idx="minor"/></p:style><p:txBody><a:bodyPr tIns="25920" bIns="25920" anchor="t"><a:noAutofit/></a:bodyPr><a:p><a:pPr defTabSz="914400"><a:lnSpc><a:spcPct val="100000"/></a:lnSpc><a:tabLst><a:tab algn="l" pos="0"/></a:tabLst></a:pPr><a:endParaRPr b="0" lang="en-US" sz="1800" spc="-1" strike="noStrike"><a:solidFill><a:srgbClr val="000000"/></a:solidFill><a:latin typeface="OpenSymbol"/></a:endParaRPr></a:p></p:txBody></p:sp><p:sp><p:nvSpPr><p:cNvPr id="416" name="Google Shape;654;p21"></p:cNvPr><p:cNvSpPr/><p:nvPr/></p:nvSpPr><p:spPr><a:xfrm><a:off x="9226440" y="5388480"/><a:ext cx="50760" cy="50760"/></a:xfrm><a:custGeom><a:avLst/><a:gdLst><a:gd name="textAreaLeft" fmla="*/ 0 w 50760"/><a:gd name="textAreaRight" fmla="*/ 51120 w 50760"/><a:gd name="textAreaTop" fmla="*/ 0 h 50760"/><a:gd name="textAreaBottom" fmla="*/ 51120 h 50760"/></a:gdLst><a:ahLst/><a:rect l="textAreaLeft" t="textAreaTop" r="textAreaRight" b="textAreaBottom"/><a:pathLst><a:path w="98" h="98"><a:moveTo><a:pt x="31" y="32"/></a:moveTo><a:cubicBezTo><a:pt x="11" y="52"/><a:pt x="0" y="77"/><a:pt x="0" y="98"/></a:cubicBezTo><a:cubicBezTo><a:pt x="22" y="91"/><a:pt x="43" y="79"/><a:pt x="61" y="61"/></a:cubicBezTo><a:cubicBezTo><a:pt x="78" y="44"/><a:pt x="91" y="23"/><a:pt x="98" y="1"/></a:cubicBezTo><a:cubicBezTo><a:pt x="76" y="0"/><a:pt x="51" y="11"/><a:pt x="31" y="32"/></a:cubicBezTo><a:close/></a:path></a:pathLst></a:custGeom><a:solidFill><a:srgbClr val="ffffff"><a:alpha val="50000"/></a:srgbClr></a:solidFill><a:ln w="0"><a:noFill/></a:ln></p:spPr><p:style><a:lnRef idx="0"/><a:fillRef idx="0"/><a:effectRef idx="0"/><a:fontRef idx="minor"/></p:style><p:txBody><a:bodyPr tIns="25560" bIns="25560" anchor="t"><a:noAutofit/></a:bodyPr><a:p><a:pPr defTabSz="914400"><a:lnSpc><a:spcPct val="100000"/></a:lnSpc><a:tabLst><a:tab algn="l" pos="0"/></a:tabLst></a:pPr><a:endParaRPr b="0" lang="en-US" sz="1800" spc="-1" strike="noStrike"><a:solidFill><a:srgbClr val="000000"/></a:solidFill><a:latin typeface="OpenSymbol"/></a:endParaRPr></a:p></p:txBody></p:sp><p:sp><p:nvSpPr><p:cNvPr id="417" name="Google Shape;655;p21"></p:cNvPr><p:cNvSpPr/><p:nvPr/></p:nvSpPr><p:spPr><a:xfrm><a:off x="9127080" y="5288760"/><a:ext cx="50400" cy="50760"/></a:xfrm><a:custGeom><a:avLst/><a:gdLst><a:gd name="textAreaLeft" fmla="*/ 0 w 50400"/><a:gd name="textAreaRight" fmla="*/ 50760 w 50400"/><a:gd name="textAreaTop" fmla="*/ 0 h 50760"/><a:gd name="textAreaBottom" fmla="*/ 51120 h 50760"/></a:gdLst><a:ahLst/><a:rect l="textAreaLeft" t="textAreaTop" r="textAreaRight" b="textAreaBottom"/><a:pathLst><a:path w="97" h="98"><a:moveTo><a:pt x="66" y="67"/></a:moveTo><a:cubicBezTo><a:pt x="86" y="47"/><a:pt x="97" y="22"/><a:pt x="97" y="0"/></a:cubicBezTo><a:cubicBezTo><a:pt x="52" y="14"/><a:pt x="13" y="53"/><a:pt x="0" y="98"/></a:cubicBezTo><a:cubicBezTo><a:pt x="21" y="98"/><a:pt x="46" y="87"/><a:pt x="66" y="67"/></a:cubicBezTo><a:close/></a:path></a:pathLst></a:custGeom><a:solidFill><a:srgbClr val="ffffff"><a:alpha val="50000"/></a:srgbClr></a:solidFill><a:ln w="0"><a:noFill/></a:ln></p:spPr><p:style><a:lnRef idx="0"/><a:fillRef idx="0"/><a:effectRef idx="0"/><a:fontRef idx="minor"/></p:style><p:txBody><a:bodyPr tIns="25560" bIns="25560" anchor="t"><a:noAutofit/></a:bodyPr><a:p><a:pPr defTabSz="914400"><a:lnSpc><a:spcPct val="100000"/></a:lnSpc><a:tabLst><a:tab algn="l" pos="0"/></a:tabLst></a:pPr><a:endParaRPr b="0" lang="en-US" sz="1800" spc="-1" strike="noStrike"><a:solidFill><a:srgbClr val="000000"/></a:solidFill><a:latin typeface="OpenSymbol"/></a:endParaRPr></a:p></p:txBody></p:sp><p:sp><p:nvSpPr><p:cNvPr id="418" name="Google Shape;656;p21"></p:cNvPr><p:cNvSpPr/><p:nvPr/></p:nvSpPr><p:spPr><a:xfrm><a:off x="9225360" y="5288760"/><a:ext cx="51840" cy="51840"/></a:xfrm><a:custGeom><a:avLst/><a:gdLst><a:gd name="textAreaLeft" fmla="*/ 0 w 51840"/><a:gd name="textAreaRight" fmla="*/ 52200 w 51840"/><a:gd name="textAreaTop" fmla="*/ 0 h 51840"/><a:gd name="textAreaBottom" fmla="*/ 52200 h 51840"/></a:gdLst><a:ahLst/><a:rect l="textAreaLeft" t="textAreaTop" r="textAreaRight" b="textAreaBottom"/><a:pathLst><a:path w="100" h="100"><a:moveTo><a:pt x="100" y="98"/></a:moveTo><a:cubicBezTo><a:pt x="86" y="53"/><a:pt x="47" y="14"/><a:pt x="2" y="0"/></a:cubicBezTo><a:cubicBezTo><a:pt x="0" y="46"/><a:pt x="54" y="100"/><a:pt x="100" y="98"/></a:cubicBezTo><a:close/></a:path></a:pathLst></a:custGeom><a:solidFill><a:srgbClr val="ffffff"><a:alpha val="50000"/></a:srgbClr></a:solidFill><a:ln w="0"><a:noFill/></a:ln></p:spPr><p:style><a:lnRef idx="0"/><a:fillRef idx="0"/><a:effectRef idx="0"/><a:fontRef idx="minor"/></p:style><p:txBody><a:bodyPr tIns="25920" bIns="25920" anchor="t"><a:noAutofit/></a:bodyPr><a:p><a:pPr defTabSz="914400"><a:lnSpc><a:spcPct val="100000"/></a:lnSpc><a:tabLst><a:tab algn="l" pos="0"/></a:tabLst></a:pPr><a:endParaRPr b="0" lang="en-US" sz="1800" spc="-1" strike="noStrike"><a:solidFill><a:srgbClr val="000000"/></a:solidFill><a:latin typeface="OpenSymbol"/></a:endParaRPr></a:p></p:txBody></p:sp><p:sp><p:nvSpPr><p:cNvPr id="419" name="Google Shape;657;p21"></p:cNvPr><p:cNvSpPr/><p:nvPr/></p:nvSpPr><p:spPr><a:xfrm><a:off x="9188280" y="5351760"/><a:ext cx="27000" cy="26640"/></a:xfrm><a:custGeom><a:avLst/><a:gdLst><a:gd name="textAreaLeft" fmla="*/ 0 w 27000"/><a:gd name="textAreaRight" fmla="*/ 27360 w 27000"/><a:gd name="textAreaTop" fmla="*/ 0 h 26640"/><a:gd name="textAreaBottom" fmla="*/ 27000 h 26640"/></a:gdLst><a:ahLst/><a:rect l="textAreaLeft" t="textAreaTop" r="textAreaRight" b="textAreaBottom"/><a:pathLst><a:path w="53" h="51"><a:moveTo><a:pt x="27" y="0"/></a:moveTo><a:cubicBezTo><a:pt x="21" y="0"/><a:pt x="14" y="3"/><a:pt x="10" y="7"/></a:cubicBezTo><a:cubicBezTo><a:pt x="0" y="17"/><a:pt x="0" y="32"/><a:pt x="10" y="41"/></a:cubicBezTo><a:cubicBezTo><a:pt x="19" y="51"/><a:pt x="34" y="51"/><a:pt x="44" y="41"/></a:cubicBezTo><a:cubicBezTo><a:pt x="53" y="32"/><a:pt x="53" y="17"/><a:pt x="44" y="7"/></a:cubicBezTo><a:cubicBezTo><a:pt x="39" y="3"/><a:pt x="33" y="0"/><a:pt x="27" y="0"/></a:cubicBezTo><a:close/></a:path></a:pathLst></a:custGeom><a:solidFill><a:srgbClr val="ffffff"><a:alpha val="50000"/></a:srgbClr></a:solidFill><a:ln w="0"><a:noFill/></a:ln></p:spPr><p:style><a:lnRef idx="0"/><a:fillRef idx="0"/><a:effectRef idx="0"/><a:fontRef idx="minor"/></p:style><p:txBody><a:bodyPr tIns="13320" bIns="13320" anchor="t"><a:noAutofit/></a:bodyPr><a:p><a:pPr defTabSz="914400"><a:lnSpc><a:spcPct val="100000"/></a:lnSpc><a:tabLst><a:tab algn="l" pos="0"/></a:tabLst></a:pPr><a:endParaRPr b="0" lang="en-US" sz="1800" spc="-1" strike="noStrike"><a:solidFill><a:srgbClr val="000000"/></a:solidFill><a:latin typeface="OpenSymbol"/></a:endParaRPr></a:p></p:txBody></p:sp><p:sp><p:nvSpPr><p:cNvPr id="420" name="Google Shape;658;p21"></p:cNvPr><p:cNvSpPr/><p:nvPr/></p:nvSpPr><p:spPr><a:xfrm><a:off x="9123120" y="5285520"/><a:ext cx="157680" cy="157680"/></a:xfrm><a:custGeom><a:avLst/><a:gdLst><a:gd name="textAreaLeft" fmla="*/ 0 w 157680"/><a:gd name="textAreaRight" fmla="*/ 158040 w 157680"/><a:gd name="textAreaTop" fmla="*/ 0 h 157680"/><a:gd name="textAreaBottom" fmla="*/ 158040 h 157680"/></a:gdLst><a:ahLst/><a:rect l="textAreaLeft" t="textAreaTop" r="textAreaRight" b="textAreaBottom"/><a:pathLst><a:path w="303" h="303"><a:moveTo><a:pt x="295" y="135"/></a:moveTo><a:cubicBezTo><a:pt x="265" y="135"/><a:pt x="233" y="120"/><a:pt x="208" y="95"/></a:cubicBezTo><a:cubicBezTo><a:pt x="192" y="79"/><a:pt x="180" y="61"/><a:pt x="174" y="41"/></a:cubicBezTo><a:cubicBezTo><a:pt x="169" y="27"/><a:pt x="168" y="14"/><a:pt x="169" y="1"/></a:cubicBezTo><a:cubicBezTo><a:pt x="158" y="0"/><a:pt x="146" y="0"/><a:pt x="135" y="1"/></a:cubicBezTo><a:cubicBezTo><a:pt x="140" y="52"/><a:pt x="93" y="114"/><a:pt x="41" y="129"/></a:cubicBezTo><a:cubicBezTo><a:pt x="28" y="134"/><a:pt x="15" y="135"/><a:pt x="1" y="134"/></a:cubicBezTo><a:cubicBezTo><a:pt x="0" y="146"/><a:pt x="0" y="157"/><a:pt x="1" y="168"/></a:cubicBezTo><a:cubicBezTo><a:pt x="68" y="161"/><a:pt x="142" y="235"/><a:pt x="135" y="302"/></a:cubicBezTo><a:cubicBezTo><a:pt x="146" y="303"/><a:pt x="157" y="303"/><a:pt x="169" y="302"/></a:cubicBezTo><a:cubicBezTo><a:pt x="166" y="270"/><a:pt x="180" y="235"/><a:pt x="208" y="207"/></a:cubicBezTo><a:cubicBezTo><a:pt x="224" y="191"/><a:pt x="242" y="180"/><a:pt x="262" y="173"/></a:cubicBezTo><a:cubicBezTo><a:pt x="275" y="169"/><a:pt x="289" y="167"/><a:pt x="302" y="168"/></a:cubicBezTo><a:cubicBezTo><a:pt x="303" y="157"/><a:pt x="303" y="146"/><a:pt x="302" y="134"/></a:cubicBezTo><a:cubicBezTo><a:pt x="300" y="134"/><a:pt x="297" y="135"/><a:pt x="295" y="135"/></a:cubicBezTo><a:close/><a:moveTo><a:pt x="190" y="190"/></a:moveTo><a:cubicBezTo><a:pt x="190" y="190"/><a:pt x="190" y="190"/><a:pt x="190" y="190"/></a:cubicBezTo><a:cubicBezTo><a:pt x="169" y="211"/><a:pt x="135" y="211"/><a:pt x="114" y="190"/></a:cubicBezTo><a:cubicBezTo><a:pt x="92" y="169"/><a:pt x="92" y="134"/><a:pt x="114" y="113"/></a:cubicBezTo><a:cubicBezTo><a:pt x="135" y="92"/><a:pt x="169" y="92"/><a:pt x="190" y="113"/></a:cubicBezTo><a:cubicBezTo><a:pt x="211" y="134"/><a:pt x="211" y="169"/><a:pt x="190" y="190"/></a:cubicBezTo><a:close/></a:path></a:pathLst></a:custGeom><a:solidFill><a:srgbClr val="ffffff"><a:alpha val="50000"/></a:srgbClr></a:solidFill><a:ln w="0"><a:noFill/></a:ln></p:spPr><p:style><a:lnRef idx="0"/><a:fillRef idx="0"/><a:effectRef idx="0"/><a:fontRef idx="minor"/></p:style><p:txBody><a:bodyPr anchor="t"><a:noAutofit/></a:bodyPr><a:p><a:pPr defTabSz="914400"><a:lnSpc><a:spcPct val="100000"/></a:lnSpc><a:tabLst><a:tab algn="l" pos="0"/></a:tabLst></a:pPr><a:endParaRPr b="0" lang="en-US" sz="1800" spc="-1" strike="noStrike"><a:solidFill><a:srgbClr val="000000"/></a:solidFill><a:latin typeface="OpenSymbol"/></a:endParaRPr></a:p></p:txBody></p:sp><p:sp><p:nvSpPr><p:cNvPr id="421" name="Google Shape;659;p21"></p:cNvPr><p:cNvSpPr/><p:nvPr/></p:nvSpPr><p:spPr><a:xfrm><a:off x="9068760" y="5229360"/><a:ext cx="268200" cy="268560"/></a:xfrm><a:custGeom><a:avLst/><a:gdLst><a:gd name="textAreaLeft" fmla="*/ 0 w 268200"/><a:gd name="textAreaRight" fmla="*/ 268560 w 268200"/><a:gd name="textAreaTop" fmla="*/ 0 h 268560"/><a:gd name="textAreaBottom" fmla="*/ 268920 h 268560"/></a:gdLst><a:ahLst/><a:rect l="textAreaLeft" t="textAreaTop" r="textAreaRight" b="textAreaBottom"/><a:pathLst><a:path w="514" h="515"><a:moveTo><a:pt x="507" y="209"/></a:moveTo><a:cubicBezTo><a:pt x="506" y="200"/><a:pt x="499" y="193"/><a:pt x="490" y="192"/></a:cubicBezTo><a:cubicBezTo><a:pt x="469" y="188"/><a:pt x="469" y="188"/><a:pt x="469" y="188"/></a:cubicBezTo><a:cubicBezTo><a:pt x="467" y="188"/><a:pt x="465" y="186"/><a:pt x="464" y="184"/></a:cubicBezTo><a:cubicBezTo><a:pt x="461" y="177"/><a:pt x="458" y="170"/><a:pt x="455" y="163"/></a:cubicBezTo><a:cubicBezTo><a:pt x="454" y="161"/><a:pt x="454" y="158"/><a:pt x="456" y="157"/></a:cubicBezTo><a:cubicBezTo><a:pt x="468" y="139"/><a:pt x="468" y="139"/><a:pt x="468" y="139"/></a:cubicBezTo><a:cubicBezTo><a:pt x="473" y="132"/><a:pt x="473" y="122"/><a:pt x="468" y="115"/></a:cubicBezTo><a:cubicBezTo><a:pt x="459" y="101"/><a:pt x="448" y="89"/><a:pt x="437" y="77"/></a:cubicBezTo><a:cubicBezTo><a:pt x="424" y="64"/><a:pt x="409" y="53"/><a:pt x="394" y="43"/></a:cubicBezTo><a:cubicBezTo><a:pt x="389" y="39"/><a:pt x="382" y="39"/><a:pt x="377" y="43"/></a:cubicBezTo><a:cubicBezTo><a:pt x="357" y="58"/><a:pt x="357" y="58"/><a:pt x="357" y="58"/></a:cubicBezTo><a:cubicBezTo><a:pt x="355" y="59"/><a:pt x="352" y="60"/><a:pt x="350" y="59"/></a:cubicBezTo><a:cubicBezTo><a:pt x="343" y="55"/><a:pt x="336" y="53"/><a:pt x="329" y="50"/></a:cubicBezTo><a:cubicBezTo><a:pt x="327" y="49"/><a:pt x="326" y="47"/><a:pt x="325" y="45"/></a:cubicBezTo><a:cubicBezTo><a:pt x="321" y="20"/><a:pt x="321" y="20"/><a:pt x="321" y="20"/></a:cubicBezTo><a:cubicBezTo><a:pt x="320" y="14"/><a:pt x="315" y="9"/><a:pt x="309" y="8"/></a:cubicBezTo><a:cubicBezTo><a:pt x="274" y="0"/><a:pt x="237" y="1"/><a:pt x="201" y="8"/></a:cubicBezTo><a:cubicBezTo><a:pt x="195" y="9"/><a:pt x="191" y="14"/><a:pt x="190" y="20"/></a:cubicBezTo><a:cubicBezTo><a:pt x="186" y="45"/><a:pt x="186" y="45"/><a:pt x="186" y="45"/></a:cubicBezTo><a:cubicBezTo><a:pt x="185" y="48"/><a:pt x="184" y="49"/><a:pt x="181" y="50"/></a:cubicBezTo><a:cubicBezTo><a:pt x="174" y="53"/><a:pt x="167" y="56"/><a:pt x="160" y="59"/></a:cubicBezTo><a:cubicBezTo><a:pt x="158" y="60"/><a:pt x="156" y="60"/><a:pt x="154" y="58"/></a:cubicBezTo><a:cubicBezTo><a:pt x="133" y="44"/><a:pt x="133" y="44"/><a:pt x="133" y="44"/></a:cubicBezTo><a:cubicBezTo><a:pt x="128" y="40"/><a:pt x="121" y="40"/><a:pt x="116" y="43"/></a:cubicBezTo><a:cubicBezTo><a:pt x="101" y="53"/><a:pt x="87" y="65"/><a:pt x="75" y="77"/></a:cubicBezTo><a:cubicBezTo><a:pt x="63" y="89"/><a:pt x="52" y="102"/><a:pt x="43" y="116"/></a:cubicBezTo><a:cubicBezTo><a:pt x="38" y="123"/><a:pt x="38" y="133"/><a:pt x="43" y="140"/></a:cubicBezTo><a:cubicBezTo><a:pt x="55" y="157"/><a:pt x="55" y="157"/><a:pt x="55" y="157"/></a:cubicBezTo><a:cubicBezTo><a:pt x="57" y="159"/><a:pt x="57" y="162"/><a:pt x="56" y="164"/></a:cubicBezTo><a:cubicBezTo><a:pt x="53" y="171"/><a:pt x="50" y="178"/><a:pt x="47" y="185"/></a:cubicBezTo><a:cubicBezTo><a:pt x="47" y="187"/><a:pt x="45" y="188"/><a:pt x="42" y="189"/></a:cubicBezTo><a:cubicBezTo><a:pt x="17" y="193"/><a:pt x="17" y="193"/><a:pt x="17" y="193"/></a:cubicBezTo><a:cubicBezTo><a:pt x="11" y="194"/><a:pt x="6" y="199"/><a:pt x="5" y="205"/></a:cubicBezTo><a:cubicBezTo><a:pt x="1" y="222"/><a:pt x="0" y="240"/><a:pt x="0" y="258"/></a:cubicBezTo><a:cubicBezTo><a:pt x="0" y="275"/><a:pt x="1" y="292"/><a:pt x="4" y="308"/></a:cubicBezTo><a:cubicBezTo><a:pt x="6" y="317"/><a:pt x="13" y="324"/><a:pt x="22" y="325"/></a:cubicBezTo><a:cubicBezTo><a:pt x="43" y="329"/><a:pt x="43" y="329"/><a:pt x="43" y="329"/></a:cubicBezTo><a:cubicBezTo><a:pt x="45" y="329"/><a:pt x="47" y="331"/><a:pt x="47" y="333"/></a:cubicBezTo><a:cubicBezTo><a:pt x="50" y="340"/><a:pt x="53" y="347"/><a:pt x="56" y="353"/></a:cubicBezTo><a:cubicBezTo><a:pt x="57" y="356"/><a:pt x="57" y="358"/><a:pt x="56" y="360"/></a:cubicBezTo><a:cubicBezTo><a:pt x="43" y="377"/><a:pt x="43" y="377"/><a:pt x="43" y="377"/></a:cubicBezTo><a:cubicBezTo><a:pt x="38" y="384"/><a:pt x="38" y="394"/><a:pt x="43" y="402"/></a:cubicBezTo><a:cubicBezTo><a:pt x="62" y="430"/><a:pt x="88" y="455"/><a:pt x="117" y="474"/></a:cubicBezTo><a:cubicBezTo><a:pt x="122" y="477"/><a:pt x="129" y="477"/><a:pt x="134" y="474"/></a:cubicBezTo><a:cubicBezTo><a:pt x="154" y="459"/><a:pt x="154" y="459"/><a:pt x="154" y="459"/></a:cubicBezTo><a:cubicBezTo><a:pt x="156" y="457"/><a:pt x="159" y="457"/><a:pt x="161" y="458"/></a:cubicBezTo><a:cubicBezTo><a:pt x="168" y="461"/><a:pt x="175" y="464"/><a:pt x="182" y="467"/></a:cubicBezTo><a:cubicBezTo><a:pt x="184" y="468"/><a:pt x="186" y="469"/><a:pt x="186" y="472"/></a:cubicBezTo><a:cubicBezTo><a:pt x="190" y="493"/><a:pt x="190" y="493"/><a:pt x="190" y="493"/></a:cubicBezTo><a:cubicBezTo><a:pt x="191" y="501"/><a:pt x="198" y="508"/><a:pt x="207" y="510"/></a:cubicBezTo><a:cubicBezTo><a:pt x="223" y="513"/><a:pt x="239" y="515"/><a:pt x="256" y="515"/></a:cubicBezTo><a:cubicBezTo><a:pt x="272" y="515"/><a:pt x="289" y="513"/><a:pt x="305" y="510"/></a:cubicBezTo><a:cubicBezTo><a:pt x="314" y="508"/><a:pt x="321" y="501"/><a:pt x="322" y="492"/></a:cubicBezTo><a:cubicBezTo><a:pt x="326" y="472"/><a:pt x="326" y="472"/><a:pt x="326" y="472"/></a:cubicBezTo><a:cubicBezTo><a:pt x="326" y="469"/><a:pt x="328" y="467"/><a:pt x="330" y="467"/></a:cubicBezTo><a:cubicBezTo><a:pt x="337" y="464"/><a:pt x="344" y="461"/><a:pt x="351" y="458"/></a:cubicBezTo><a:cubicBezTo><a:pt x="353" y="457"/><a:pt x="355" y="457"/><a:pt x="357" y="458"/></a:cubicBezTo><a:cubicBezTo><a:pt x="378" y="473"/><a:pt x="378" y="473"/><a:pt x="378" y="473"/></a:cubicBezTo><a:cubicBezTo><a:pt x="383" y="477"/><a:pt x="390" y="477"/><a:pt x="395" y="474"/></a:cubicBezTo><a:cubicBezTo><a:pt x="410" y="464"/><a:pt x="424" y="452"/><a:pt x="437" y="440"/></a:cubicBezTo><a:cubicBezTo><a:pt x="449" y="428"/><a:pt x="459" y="415"/><a:pt x="469" y="401"/></a:cubicBezTo><a:cubicBezTo><a:pt x="474" y="394"/><a:pt x="474" y="384"/><a:pt x="468" y="377"/></a:cubicBezTo><a:cubicBezTo><a:pt x="456" y="360"/><a:pt x="456" y="360"/><a:pt x="456" y="360"/></a:cubicBezTo><a:cubicBezTo><a:pt x="455" y="358"/><a:pt x="454" y="355"/><a:pt x="455" y="353"/></a:cubicBezTo><a:cubicBezTo><a:pt x="459" y="346"/><a:pt x="462" y="339"/><a:pt x="464" y="332"/></a:cubicBezTo><a:cubicBezTo><a:pt x="465" y="330"/><a:pt x="467" y="328"/><a:pt x="469" y="328"/></a:cubicBezTo><a:cubicBezTo><a:pt x="494" y="324"/><a:pt x="494" y="324"/><a:pt x="494" y="324"/></a:cubicBezTo><a:cubicBezTo><a:pt x="500" y="323"/><a:pt x="505" y="318"/><a:pt x="506" y="312"/></a:cubicBezTo><a:cubicBezTo><a:pt x="513" y="278"/><a:pt x="514" y="243"/><a:pt x="507" y="209"/></a:cubicBezTo><a:close/><a:moveTo><a:pt x="384" y="387"/></a:moveTo><a:cubicBezTo><a:pt x="339" y="431"/><a:pt x="279" y="448"/><a:pt x="220" y="436"/></a:cubicBezTo><a:cubicBezTo><a:pt x="219" y="436"/><a:pt x="218" y="436"/><a:pt x="217" y="436"/></a:cubicBezTo><a:cubicBezTo><a:pt x="217" y="436"/><a:pt x="217" y="436"/><a:pt x="217" y="436"/></a:cubicBezTo><a:cubicBezTo><a:pt x="151" y="423"/><a:pt x="91" y="363"/><a:pt x="79" y="297"/></a:cubicBezTo><a:cubicBezTo><a:pt x="79" y="297"/><a:pt x="79" y="297"/><a:pt x="79" y="297"/></a:cubicBezTo><a:cubicBezTo><a:pt x="78" y="296"/><a:pt x="78" y="295"/><a:pt x="78" y="294"/></a:cubicBezTo><a:cubicBezTo><a:pt x="73" y="271"/><a:pt x="73" y="246"/><a:pt x="78" y="222"/></a:cubicBezTo><a:cubicBezTo><a:pt x="78" y="221"/><a:pt x="78" y="220"/><a:pt x="79" y="219"/></a:cubicBezTo><a:cubicBezTo><a:pt x="79" y="219"/><a:pt x="79" y="219"/><a:pt x="79" y="219"/></a:cubicBezTo><a:cubicBezTo><a:pt x="108" y="81"/><a:pt x="283" y="29"/><a:pt x="384" y="130"/></a:cubicBezTo><a:cubicBezTo><a:pt x="409" y="155"/><a:pt x="425" y="186"/><a:pt x="433" y="219"/></a:cubicBezTo><a:cubicBezTo><a:pt x="433" y="219"/><a:pt x="433" y="219"/><a:pt x="433" y="219"/></a:cubicBezTo><a:cubicBezTo><a:pt x="433" y="221"/><a:pt x="433" y="222"/><a:pt x="433" y="223"/></a:cubicBezTo><a:cubicBezTo><a:pt x="445" y="280"/><a:pt x="428" y="342"/><a:pt x="384" y="387"/></a:cubicBezTo><a:close/></a:path></a:pathLst></a:custGeom><a:solidFill><a:srgbClr val="ffffff"><a:alpha val="50000"/></a:srgbClr></a:solidFill><a:ln w="0"><a:noFill/></a:ln></p:spPr><p:style><a:lnRef idx="0"/><a:fillRef idx="0"/><a:effectRef idx="0"/><a:fontRef idx="minor"/></p:style><p:txBody><a:bodyPr anchor="t"><a:noAutofit/></a:bodyPr><a:p><a:pPr defTabSz="914400"><a:lnSpc><a:spcPct val="100000"/></a:lnSpc><a:tabLst><a:tab algn="l" pos="0"/></a:tabLst></a:pPr><a:endParaRPr b="0" lang="en-US" sz="1800" spc="-1" strike="noStrike"><a:solidFill><a:srgbClr val="000000"/></a:solidFill><a:latin typeface="OpenSymbol"/></a:endParaRPr></a:p></p:txBody></p:sp></p:grpSp><p:grpSp><p:nvGrpSpPr><p:cNvPr id="422" name="Google Shape;660;p21"></p:cNvPr><p:cNvGrpSpPr/><p:nvPr/></p:nvGrpSpPr><p:grpSpPr><a:xfrm><a:off x="8429040" y="4834440"/><a:ext cx="399240" cy="412560"/><a:chOff x="8429040" y="4834440"/><a:chExt cx="399240" cy="412560"/></a:xfrm></p:grpSpPr><p:sp><p:nvSpPr><p:cNvPr id="423" name="Google Shape;661;p21"></p:cNvPr><p:cNvSpPr/><p:nvPr/></p:nvSpPr><p:spPr><a:xfrm><a:off x="8429040" y="4834440"/><a:ext cx="399240" cy="261000"/></a:xfrm><a:custGeom><a:avLst/><a:gdLst><a:gd name="textAreaLeft" fmla="*/ 0 w 399240"/><a:gd name="textAreaRight" fmla="*/ 399600 w 399240"/><a:gd name="textAreaTop" fmla="*/ 0 h 261000"/><a:gd name="textAreaBottom" fmla="*/ 261360 h 261000"/></a:gdLst><a:ahLst/><a:rect l="textAreaLeft" t="textAreaTop" r="textAreaRight" b="textAreaBottom"/><a:pathLst><a:path w="511" h="334"><a:moveTo><a:pt x="470" y="187"/></a:moveTo><a:cubicBezTo><a:pt x="462" y="183"/><a:pt x="459" y="175"/><a:pt x="462" y="167"/></a:cubicBezTo><a:cubicBezTo><a:pt x="481" y="118"/><a:pt x="444" y="63"/><a:pt x="391" y="63"/></a:cubicBezTo><a:cubicBezTo><a:pt x="381" y="62"/><a:pt x="371" y="64"/><a:pt x="361" y="68"/></a:cubicBezTo><a:cubicBezTo><a:pt x="353" y="71"/><a:pt x="344" y="68"/><a:pt x="341" y="60"/></a:cubicBezTo><a:cubicBezTo><a:pt x="314" y="1"/><a:pt x="229" y="0"/><a:pt x="201" y="59"/></a:cubicBezTo><a:cubicBezTo><a:pt x="198" y="67"/><a:pt x="189" y="70"/><a:pt x="181" y="67"/></a:cubicBezTo><a:cubicBezTo><a:pt x="173" y="64"/><a:pt x="163" y="63"/><a:pt x="154" y="63"/></a:cubicBezTo><a:cubicBezTo><a:pt x="112" y="63"/><a:pt x="78" y="98"/><a:pt x="78" y="140"/></a:cubicBezTo><a:cubicBezTo><a:pt x="78" y="149"/><a:pt x="80" y="158"/><a:pt x="83" y="167"/></a:cubicBezTo><a:cubicBezTo><a:pt x="86" y="175"/><a:pt x="82" y="184"/><a:pt x="75" y="187"/></a:cubicBezTo><a:cubicBezTo><a:pt x="0" y="225"/><a:pt x="26" y="332"/><a:pt x="109" y="334"/></a:cubicBezTo><a:cubicBezTo><a:pt x="177" y="334"/><a:pt x="177" y="334"/><a:pt x="177" y="334"/></a:cubicBezTo><a:cubicBezTo><a:pt x="271" y="330"/><a:pt x="271" y="196"/><a:pt x="177" y="192"/></a:cubicBezTo><a:cubicBezTo><a:pt x="168" y="192"/><a:pt x="161" y="185"/><a:pt x="161" y="176"/></a:cubicBezTo><a:cubicBezTo><a:pt x="161" y="167"/><a:pt x="168" y="160"/><a:pt x="177" y="160"/></a:cubicBezTo><a:cubicBezTo><a:pt x="228" y="160"/><a:pt x="271" y="198"/><a:pt x="278" y="247"/></a:cubicBezTo><a:cubicBezTo><a:pt x="353" y="247"/><a:pt x="353" y="247"/><a:pt x="353" y="247"/></a:cubicBezTo><a:cubicBezTo><a:pt x="367" y="247"/><a:pt x="379" y="235"/><a:pt x="379" y="221"/></a:cubicBezTo><a:cubicBezTo><a:pt x="379" y="207"/><a:pt x="367" y="195"/><a:pt x="353" y="195"/></a:cubicBezTo><a:cubicBezTo><a:pt x="332" y="194"/><a:pt x="332" y="164"/><a:pt x="353" y="163"/></a:cubicBezTo><a:cubicBezTo><a:pt x="430" y="166"/><a:pt x="430" y="276"/><a:pt x="353" y="279"/></a:cubicBezTo><a:cubicBezTo><a:pt x="278" y="279"/><a:pt x="278" y="279"/><a:pt x="278" y="279"/></a:cubicBezTo><a:cubicBezTo><a:pt x="275" y="300"/><a:pt x="265" y="319"/><a:pt x="251" y="334"/></a:cubicBezTo><a:cubicBezTo><a:pt x="257" y="334"/><a:pt x="257" y="334"/><a:pt x="257" y="334"/></a:cubicBezTo><a:cubicBezTo><a:pt x="258" y="334"/><a:pt x="258" y="334"/><a:pt x="259" y="334"/></a:cubicBezTo><a:cubicBezTo><a:pt x="432" y="334"/><a:pt x="432" y="334"/><a:pt x="432" y="334"/></a:cubicBezTo><a:cubicBezTo><a:pt x="453" y="334"/><a:pt x="473" y="326"/><a:pt x="488" y="311"/></a:cubicBezTo><a:cubicBezTo><a:pt x="503" y="296"/><a:pt x="511" y="276"/><a:pt x="511" y="255"/></a:cubicBezTo><a:cubicBezTo><a:pt x="511" y="226"/><a:pt x="495" y="200"/><a:pt x="470" y="187"/></a:cubicBezTo><a:close/></a:path></a:pathLst></a:custGeom><a:solidFill><a:srgbClr val="ffffff"><a:alpha val="50000"/></a:srgbClr></a:solidFill><a:ln w="0"><a:noFill/></a:ln></p:spPr><p:style><a:lnRef idx="0"/><a:fillRef idx="0"/><a:effectRef idx="0"/><a:fontRef idx="minor"/></p:style><p:txBody><a:bodyPr anchor="t"><a:noAutofit/></a:bodyPr><a:p><a:pPr defTabSz="914400"><a:lnSpc><a:spcPct val="100000"/></a:lnSpc><a:tabLst><a:tab algn="l" pos="0"/></a:tabLst></a:pPr><a:endParaRPr b="0" lang="en-US" sz="1800" spc="-1" strike="noStrike"><a:solidFill><a:srgbClr val="000000"/></a:solidFill><a:latin typeface="OpenSymbol"/></a:endParaRPr></a:p></p:txBody></p:sp><p:sp><p:nvSpPr><p:cNvPr id="424" name="Google Shape;662;p21"></p:cNvPr><p:cNvSpPr/><p:nvPr/></p:nvSpPr><p:spPr><a:xfrm><a:off x="8708400" y="5195160"/><a:ext cx="49680" cy="51840"/></a:xfrm><a:custGeom><a:avLst/><a:gdLst><a:gd name="textAreaLeft" fmla="*/ 0 w 49680"/><a:gd name="textAreaRight" fmla="*/ 50040 w 49680"/><a:gd name="textAreaTop" fmla="*/ 0 h 51840"/><a:gd name="textAreaBottom" fmla="*/ 52200 h 51840"/></a:gdLst><a:ahLst/><a:rect l="textAreaLeft" t="textAreaTop" r="textAreaRight" b="textAreaBottom"/><a:pathLst><a:path w="64" h="67"><a:moveTo><a:pt x="63" y="0"/></a:moveTo><a:cubicBezTo><a:pt x="0" y="0"/><a:pt x="0" y="0"/><a:pt x="0" y="0"/></a:cubicBezTo><a:cubicBezTo><a:pt x="0" y="35"/><a:pt x="0" y="35"/><a:pt x="0" y="35"/></a:cubicBezTo><a:cubicBezTo><a:pt x="0" y="52"/><a:pt x="14" y="67"/><a:pt x="32" y="67"/></a:cubicBezTo><a:cubicBezTo><a:pt x="57" y="67"/><a:pt x="57" y="67"/><a:pt x="57" y="67"/></a:cubicBezTo><a:cubicBezTo><a:pt x="61" y="67"/><a:pt x="64" y="63"/><a:pt x="64" y="59"/></a:cubicBezTo><a:cubicBezTo><a:pt x="64" y="0"/><a:pt x="64" y="0"/><a:pt x="64" y="0"/></a:cubicBezTo><a:cubicBezTo><a:pt x="64" y="0"/><a:pt x="64" y="0"/><a:pt x="63" y="0"/></a:cubicBezTo><a:close/></a:path></a:pathLst></a:custGeom><a:solidFill><a:srgbClr val="ffffff"><a:alpha val="50000"/></a:srgbClr></a:solidFill><a:ln w="0"><a:noFill/></a:ln></p:spPr><p:style><a:lnRef idx="0"/><a:fillRef idx="0"/><a:effectRef idx="0"/><a:fontRef idx="minor"/></p:style><p:txBody><a:bodyPr tIns="25920" bIns="25920" anchor="t"><a:noAutofit/></a:bodyPr><a:p><a:pPr defTabSz="914400"><a:lnSpc><a:spcPct val="100000"/></a:lnSpc><a:tabLst><a:tab algn="l" pos="0"/></a:tabLst></a:pPr><a:endParaRPr b="0" lang="en-US" sz="1800" spc="-1" strike="noStrike"><a:solidFill><a:srgbClr val="000000"/></a:solidFill><a:latin typeface="OpenSymbol"/></a:endParaRPr></a:p></p:txBody></p:sp><p:sp><p:nvSpPr><p:cNvPr id="425" name="Google Shape;663;p21"></p:cNvPr><p:cNvSpPr/><p:nvPr/></p:nvSpPr><p:spPr><a:xfrm><a:off x="8645040" y="5115240"/><a:ext cx="152280" cy="54720"/></a:xfrm><a:custGeom><a:avLst/><a:gdLst><a:gd name="textAreaLeft" fmla="*/ 0 w 152280"/><a:gd name="textAreaRight" fmla="*/ 152640 w 152280"/><a:gd name="textAreaTop" fmla="*/ 0 h 54720"/><a:gd name="textAreaBottom" fmla="*/ 55080 h 54720"/></a:gdLst><a:ahLst/><a:rect l="textAreaLeft" t="textAreaTop" r="textAreaRight" b="textAreaBottom"/><a:pathLst><a:path w="195" h="70"><a:moveTo><a:pt x="195" y="19"/></a:moveTo><a:cubicBezTo><a:pt x="195" y="0"/><a:pt x="195" y="0"/><a:pt x="195" y="0"/></a:cubicBezTo><a:cubicBezTo><a:pt x="183" y="5"/><a:pt x="170" y="7"/><a:pt x="156" y="7"/></a:cubicBezTo><a:cubicBezTo><a:pt x="0" y="7"/><a:pt x="0" y="7"/><a:pt x="0" y="7"/></a:cubicBezTo><a:cubicBezTo><a:pt x="7" y="43"/><a:pt x="39" y="70"/><a:pt x="77" y="70"/></a:cubicBezTo><a:cubicBezTo><a:pt x="144" y="70"/><a:pt x="144" y="70"/><a:pt x="144" y="70"/></a:cubicBezTo><a:cubicBezTo><a:pt x="172" y="70"/><a:pt x="195" y="47"/><a:pt x="195" y="19"/></a:cubicBezTo><a:close/></a:path></a:pathLst></a:custGeom><a:solidFill><a:srgbClr val="ffffff"><a:alpha val="50000"/></a:srgbClr></a:solidFill><a:ln w="0"><a:noFill/></a:ln></p:spPr><p:style><a:lnRef idx="0"/><a:fillRef idx="0"/><a:effectRef idx="0"/><a:fontRef idx="minor"/></p:style><p:txBody><a:bodyPr tIns="27360" bIns="27360" anchor="t"><a:noAutofit/></a:bodyPr><a:p><a:pPr defTabSz="914400"><a:lnSpc><a:spcPct val="100000"/></a:lnSpc><a:tabLst><a:tab algn="l" pos="0"/></a:tabLst></a:pPr><a:endParaRPr b="0" lang="en-US" sz="1800" spc="-1" strike="noStrike"><a:solidFill><a:srgbClr val="000000"/></a:solidFill><a:latin typeface="OpenSymbol"/></a:endParaRPr></a:p></p:txBody></p:sp></p:grpSp></p:grpSp><p:sp><p:nvSpPr><p:cNvPr id="426" name="PlaceHolder 1"></p:cNvPr><p:cNvSpPr><a:spLocks noGrp="1"/></p:cNvSpPr><p:nvPr><p:ph type="title"/></p:nvPr></p:nvSpPr><p:spPr><a:xfrm><a:off x="720000" y="444960"/><a:ext cx="7703640" cy="572400"/></a:xfrm><a:prstGeom prst="rect"><a:avLst/></a:prstGeom><a:noFill/><a:ln w="0"><a:noFill/></a:ln></p:spPr><p:txBody><a:bodyPr lIns="91440" rIns="91440" tIns="91440" bIns="91440" anchor="t"><a:noAutofit/></a:bodyPr><a:p><a:pPr indent="0"><a:buNone/></a:pPr><a:r><a:rPr b="0" lang="fr-FR" sz="3000" spc="-1" strike="noStrike"><a:solidFill><a:schemeClr val="dk1"></a:schemeClr></a:solidFill><a:latin typeface="Arial"/></a:rPr><a:t>Click to edit the title text format</a:t></a:r><a:endParaRPr b="0" lang="fr-FR" sz="3000" spc="-1" strike="noStrike"><a:solidFill><a:schemeClr val="dk1"></a:schemeClr></a:solidFill><a:latin typeface="Arial"/></a:endParaRPr></a:p></p:txBody></p:sp></p:spTree></p:cSld><p:clrMap bg1="lt1" bg2="lt2" tx1="dk1" tx2="dk2" accent1="accent1" accent2="accent2" accent3="accent3" accent4="accent4" accent5="accent5" accent6="accent6" hlink="hlink" folHlink="folHlink"/><p:sldLayoutIdLst><p:sldLayoutId id="2147483673" r:id="rId6"/></p:sldLayoutIdLst></p:sldMaster>