<?xml version="1.0" encoding="UTF-8" standalone="yes"?>
<p:sldMaster xmlns:a="http://schemas.openxmlformats.org/drawingml/2006/main" xmlns:p="http://schemas.openxmlformats.org/presentationml/2006/main" xmlns:r="http://schemas.openxmlformats.org/officeDocument/2006/relationships" xmlns:p14="http://schemas.microsoft.com/office/powerpoint/2010/main" xmlns:p15="http://schemas.microsoft.com/office/powerpoint/2012/main" xmlns:mc="http://schemas.openxmlformats.org/markup-compatibility/2006"><p:cSld><p:bg><p:bgPr><a:solidFill><a:schemeClr val="lt2"></a:schemeClr></a:solidFill></p:bgPr></p:bg><p:spTree><p:nvGrpSpPr>        <p:cNvPr id="1" name=""/>        <p:cNvGrpSpPr/>        <p:nvPr/>      </p:nvGrpSpPr>      <p:grpSpPr>        <a:xfrm>          <a:off x="0" y="0"/>          <a:ext cx="0" cy="0"/>          <a:chOff x="0" y="0"/>          <a:chExt cx="0" cy="0"/>        </a:xfrm>      </p:grpSpPr><p:pic><p:nvPicPr><p:cNvPr id="543" name="Google Shape;785;p25" descr=""></p:cNvPr><p:cNvPicPr/><p:nvPr/></p:nvPicPr><p:blipFill><a:blip r:embed="rId2"></a:blip><a:srcRect l="0" t="1844" r="1844" b="0"/><a:stretch/></p:blipFill><p:spPr><a:xfrm rot="10800000"><a:off x="360" y="0"/><a:ext cx="9143640" cy="5143320"/></a:xfrm><a:prstGeom prst="rect"><a:avLst/></a:prstGeom><a:ln w="0"><a:noFill/></a:ln></p:spPr></p:pic><p:pic><p:nvPicPr><p:cNvPr id="544" name="Google Shape;786;p25" descr=""></p:cNvPr><p:cNvPicPr/><p:nvPr/></p:nvPicPr><p:blipFill><a:blip r:embed="rId3"></a:blip><a:srcRect l="7208" t="0" r="48305" b="45432"/><a:stretch/></p:blipFill><p:spPr><a:xfrm rot="10800000"><a:off x="7925040" y="-75960"/><a:ext cx="1218960" cy="2854080"/></a:xfrm><a:prstGeom prst="rect"><a:avLst/></a:prstGeom><a:ln w="0"><a:noFill/></a:ln></p:spPr></p:pic><p:grpSp><p:nvGrpSpPr><p:cNvPr id="545" name="Google Shape;787;p25"></p:cNvPr><p:cNvGrpSpPr/><p:nvPr/></p:nvGrpSpPr><p:grpSpPr><a:xfrm><a:off x="-1232640" y="-442440"/><a:ext cx="2007000" cy="1963080"/><a:chOff x="-1232640" y="-442440"/><a:chExt cx="2007000" cy="1963080"/></a:xfrm></p:grpSpPr><p:pic><p:nvPicPr><p:cNvPr id="546" name="Google Shape;788;p25" descr=""></p:cNvPr><p:cNvPicPr/><p:nvPr/></p:nvPicPr><p:blipFill><a:blip r:embed="rId4"><a:alphaModFix amt="50000"/></a:blip><a:stretch/></p:blipFill><p:spPr><a:xfrm><a:off x="-1232640" y="-442440"/><a:ext cx="2007000" cy="1963080"/></a:xfrm><a:prstGeom prst="rect"><a:avLst/></a:prstGeom><a:ln w="0"><a:noFill/></a:ln></p:spPr></p:pic><p:grpSp><p:nvGrpSpPr><p:cNvPr id="547" name="Google Shape;789;p25"></p:cNvPr><p:cNvGrpSpPr/><p:nvPr/></p:nvGrpSpPr><p:grpSpPr><a:xfrm><a:off x="-111240" y="413280"/><a:ext cx="489240" cy="488520"/><a:chOff x="-111240" y="413280"/><a:chExt cx="489240" cy="488520"/></a:xfrm></p:grpSpPr><p:sp><p:nvSpPr><p:cNvPr id="548" name="Google Shape;790;p25"></p:cNvPr><p:cNvSpPr/><p:nvPr/></p:nvSpPr><p:spPr><a:xfrm><a:off x="12240" y="413280"/><a:ext cx="243000" cy="246960"/></a:xfrm><a:custGeom><a:avLst/><a:gdLst><a:gd name="textAreaLeft" fmla="*/ 0 w 243000"/><a:gd name="textAreaRight" fmla="*/ 243360 w 243000"/><a:gd name="textAreaTop" fmla="*/ 0 h 246960"/><a:gd name="textAreaBottom" fmla="*/ 247320 h 246960"/></a:gdLst><a:ahLst/><a:rect l="textAreaLeft" t="textAreaTop" r="textAreaRight" b="textAreaBottom"/><a:pathLst><a:path w="255" h="259"><a:moveTo><a:pt x="227" y="210"/></a:moveTo><a:cubicBezTo><a:pt x="230" y="210"/><a:pt x="232" y="208"/><a:pt x="233" y="206"/></a:cubicBezTo><a:cubicBezTo><a:pt x="253" y="167"/><a:pt x="253" y="167"/><a:pt x="253" y="167"/></a:cubicBezTo><a:cubicBezTo><a:pt x="255" y="163"/><a:pt x="253" y="160"/><a:pt x="250" y="158"/></a:cubicBezTo><a:cubicBezTo><a:pt x="229" y="148"/><a:pt x="229" y="148"/><a:pt x="229" y="148"/></a:cubicBezTo><a:cubicBezTo><a:pt x="227" y="146"/><a:pt x="226" y="144"/><a:pt x="226" y="141"/></a:cubicBezTo><a:cubicBezTo><a:pt x="227" y="131"/><a:pt x="227" y="120"/><a:pt x="225" y="109"/></a:cubicBezTo><a:cubicBezTo><a:pt x="224" y="107"/><a:pt x="226" y="104"/><a:pt x="228" y="103"/></a:cubicBezTo><a:cubicBezTo><a:pt x="248" y="91"/><a:pt x="248" y="91"/><a:pt x="248" y="91"/></a:cubicBezTo><a:cubicBezTo><a:pt x="251" y="89"/><a:pt x="252" y="85"/><a:pt x="250" y="82"/></a:cubicBezTo><a:cubicBezTo><a:pt x="228" y="44"/><a:pt x="228" y="44"/><a:pt x="228" y="44"/></a:cubicBezTo><a:cubicBezTo><a:pt x="227" y="42"/><a:pt x="224" y="41"/><a:pt x="222" y="41"/></a:cubicBezTo><a:cubicBezTo><a:pt x="221" y="41"/><a:pt x="220" y="41"/><a:pt x="219" y="42"/></a:cubicBezTo><a:cubicBezTo><a:pt x="199" y="53"/><a:pt x="199" y="53"/><a:pt x="199" y="53"/></a:cubicBezTo><a:cubicBezTo><a:pt x="197" y="55"/><a:pt x="194" y="54"/><a:pt x="191" y="53"/></a:cubicBezTo><a:cubicBezTo><a:pt x="182" y="45"/><a:pt x="172" y="39"/><a:pt x="160" y="35"/></a:cubicBezTo><a:cubicBezTo><a:pt x="158" y="34"/><a:pt x="156" y="31"/><a:pt x="156" y="29"/></a:cubicBezTo><a:cubicBezTo><a:pt x="156" y="7"/><a:pt x="156" y="7"/><a:pt x="156" y="7"/></a:cubicBezTo><a:cubicBezTo><a:pt x="156" y="3"/><a:pt x="153" y="0"/><a:pt x="149" y="0"/></a:cubicBezTo><a:cubicBezTo><a:pt x="105" y="0"/><a:pt x="105" y="0"/><a:pt x="105" y="0"/></a:cubicBezTo><a:cubicBezTo><a:pt x="101" y="0"/><a:pt x="98" y="3"/><a:pt x="98" y="7"/></a:cubicBezTo><a:cubicBezTo><a:pt x="98" y="29"/><a:pt x="98" y="29"/><a:pt x="98" y="29"/></a:cubicBezTo><a:cubicBezTo><a:pt x="98" y="31"/><a:pt x="97" y="34"/><a:pt x="94" y="35"/></a:cubicBezTo><a:cubicBezTo><a:pt x="81" y="40"/><a:pt x="68" y="47"/><a:pt x="58" y="57"/></a:cubicBezTo><a:cubicBezTo><a:pt x="56" y="59"/><a:pt x="53" y="59"/><a:pt x="51" y="58"/></a:cubicBezTo><a:cubicBezTo><a:pt x="30" y="48"/><a:pt x="30" y="48"/><a:pt x="30" y="48"/></a:cubicBezTo><a:cubicBezTo><a:pt x="27" y="46"/><a:pt x="23" y="47"/><a:pt x="21" y="50"/></a:cubicBezTo><a:cubicBezTo><a:pt x="1" y="90"/><a:pt x="1" y="90"/><a:pt x="1" y="90"/></a:cubicBezTo><a:cubicBezTo><a:pt x="0" y="93"/><a:pt x="1" y="97"/><a:pt x="4" y="99"/></a:cubicBezTo><a:cubicBezTo><a:pt x="25" y="109"/><a:pt x="25" y="109"/><a:pt x="25" y="109"/></a:cubicBezTo><a:cubicBezTo><a:pt x="27" y="110"/><a:pt x="29" y="113"/><a:pt x="28" y="116"/></a:cubicBezTo><a:cubicBezTo><a:pt x="27" y="126"/><a:pt x="27" y="137"/><a:pt x="29" y="147"/></a:cubicBezTo><a:cubicBezTo><a:pt x="30" y="150"/><a:pt x="29" y="153"/><a:pt x="26" y="154"/></a:cubicBezTo><a:cubicBezTo><a:pt x="6" y="166"/><a:pt x="6" y="166"/><a:pt x="6" y="166"/></a:cubicBezTo><a:cubicBezTo><a:pt x="3" y="167"/><a:pt x="2" y="171"/><a:pt x="4" y="175"/></a:cubicBezTo><a:cubicBezTo><a:pt x="26" y="213"/><a:pt x="26" y="213"/><a:pt x="26" y="213"/></a:cubicBezTo><a:cubicBezTo><a:pt x="28" y="216"/><a:pt x="32" y="217"/><a:pt x="35" y="215"/></a:cubicBezTo><a:cubicBezTo><a:pt x="55" y="203"/><a:pt x="55" y="203"/><a:pt x="55" y="203"/></a:cubicBezTo><a:cubicBezTo><a:pt x="58" y="202"/><a:pt x="61" y="202"/><a:pt x="63" y="204"/></a:cubicBezTo><a:cubicBezTo><a:pt x="72" y="212"/><a:pt x="82" y="218"/><a:pt x="94" y="222"/></a:cubicBezTo><a:cubicBezTo><a:pt x="97" y="223"/><a:pt x="98" y="225"/><a:pt x="98" y="228"/></a:cubicBezTo><a:cubicBezTo><a:pt x="98" y="252"/><a:pt x="98" y="252"/><a:pt x="98" y="252"/></a:cubicBezTo><a:cubicBezTo><a:pt x="98" y="256"/><a:pt x="101" y="259"/><a:pt x="105" y="259"/></a:cubicBezTo><a:cubicBezTo><a:pt x="149" y="259"/><a:pt x="149" y="259"/><a:pt x="149" y="259"/></a:cubicBezTo><a:cubicBezTo><a:pt x="153" y="259"/><a:pt x="156" y="256"/><a:pt x="156" y="252"/></a:cubicBezTo><a:cubicBezTo><a:pt x="156" y="228"/><a:pt x="156" y="228"/><a:pt x="156" y="228"/></a:cubicBezTo><a:cubicBezTo><a:pt x="156" y="225"/><a:pt x="158" y="223"/><a:pt x="160" y="222"/></a:cubicBezTo><a:cubicBezTo><a:pt x="174" y="217"/><a:pt x="186" y="209"/><a:pt x="196" y="200"/></a:cubicBezTo><a:cubicBezTo><a:pt x="198" y="198"/><a:pt x="201" y="197"/><a:pt x="204" y="199"/></a:cubicBezTo><a:cubicBezTo><a:pt x="224" y="209"/><a:pt x="224" y="209"/><a:pt x="224" y="209"/></a:cubicBezTo><a:cubicBezTo><a:pt x="225" y="209"/><a:pt x="226" y="210"/><a:pt x="227" y="210"/></a:cubicBezTo><a:close/><a:moveTo><a:pt x="127" y="172"/></a:moveTo><a:cubicBezTo><a:pt x="104" y="172"/><a:pt x="84" y="153"/><a:pt x="84" y="130"/></a:cubicBezTo><a:cubicBezTo><a:pt x="87" y="73"/><a:pt x="168" y="73"/><a:pt x="170" y="130"/></a:cubicBezTo><a:cubicBezTo><a:pt x="170" y="153"/><a:pt x="151" y="172"/><a:pt x="127" y="172"/></a:cubicBezTo><a:close/></a:path></a:pathLst></a:custGeom><a:solidFill><a:srgbClr val="ffffff"><a:alpha val="50000"/></a:srgbClr></a:solidFill><a:ln w="0"><a:noFill/></a:ln></p:spPr><p:style><a:lnRef idx="0"/><a:fillRef idx="0"/><a:effectRef idx="0"/><a:fontRef idx="minor"/></p:style><p:txBody><a:bodyPr anchor="t"><a:noAutofit/></a:bodyPr><a:p><a:pPr defTabSz="914400"><a:lnSpc><a:spcPct val="100000"/></a:lnSpc><a:tabLst><a:tab algn="l" pos="0"/></a:tabLst></a:pPr><a:endParaRPr b="0" lang="en-US" sz="1800" spc="-1" strike="noStrike"><a:solidFill><a:srgbClr val="000000"/></a:solidFill><a:latin typeface="OpenSymbol"/></a:endParaRPr></a:p></p:txBody></p:sp><p:sp><p:nvSpPr><p:cNvPr id="549" name="Google Shape;791;p25"></p:cNvPr><p:cNvSpPr/><p:nvPr/></p:nvSpPr><p:spPr><a:xfrm><a:off x="120960" y="524880"/><a:ext cx="24480" cy="27360"/></a:xfrm><a:custGeom><a:avLst/><a:gdLst><a:gd name="textAreaLeft" fmla="*/ 0 w 24480"/><a:gd name="textAreaRight" fmla="*/ 24840 w 24480"/><a:gd name="textAreaTop" fmla="*/ 0 h 27360"/><a:gd name="textAreaBottom" fmla="*/ 27720 h 27360"/></a:gdLst><a:ahLst/><a:rect l="textAreaLeft" t="textAreaTop" r="textAreaRight" b="textAreaBottom"/><a:pathLst><a:path w="26" h="29"><a:moveTo><a:pt x="13" y="0"/></a:moveTo><a:cubicBezTo><a:pt x="6" y="0"/><a:pt x="0" y="6"/><a:pt x="0" y="13"/></a:cubicBezTo><a:cubicBezTo><a:pt x="1" y="29"/><a:pt x="25" y="29"/><a:pt x="26" y="13"/></a:cubicBezTo><a:cubicBezTo><a:pt x="26" y="6"/><a:pt x="20" y="0"/><a:pt x="13" y="0"/></a:cubicBezTo><a:close/></a:path></a:pathLst></a:custGeom><a:solidFill><a:srgbClr val="ffffff"><a:alpha val="50000"/></a:srgbClr></a:solidFill><a:ln w="0"><a:noFill/></a:ln></p:spPr><p:style><a:lnRef idx="0"/><a:fillRef idx="0"/><a:effectRef idx="0"/><a:fontRef idx="minor"/></p:style><p:txBody><a:bodyPr tIns="13680" bIns="13680" anchor="t"><a:noAutofit/></a:bodyPr><a:p><a:pPr defTabSz="914400"><a:lnSpc><a:spcPct val="100000"/></a:lnSpc><a:tabLst><a:tab algn="l" pos="0"/></a:tabLst></a:pPr><a:endParaRPr b="0" lang="en-US" sz="1800" spc="-1" strike="noStrike"><a:solidFill><a:srgbClr val="000000"/></a:solidFill><a:latin typeface="OpenSymbol"/></a:endParaRPr></a:p></p:txBody></p:sp><p:sp><p:nvSpPr><p:cNvPr id="550" name="Google Shape;792;p25"></p:cNvPr><p:cNvSpPr/><p:nvPr/></p:nvSpPr><p:spPr><a:xfrm><a:off x="82800" y="687600"/><a:ext cx="99720" cy="214200"/></a:xfrm><a:custGeom><a:avLst/><a:gdLst><a:gd name="textAreaLeft" fmla="*/ 0 w 99720"/><a:gd name="textAreaRight" fmla="*/ 100080 w 99720"/><a:gd name="textAreaTop" fmla="*/ 0 h 214200"/><a:gd name="textAreaBottom" fmla="*/ 214560 h 214200"/></a:gdLst><a:ahLst/><a:rect l="textAreaLeft" t="textAreaTop" r="textAreaRight" b="textAreaBottom"/><a:pathLst><a:path w="105" h="225"><a:moveTo><a:pt x="99" y="145"/></a:moveTo><a:cubicBezTo><a:pt x="85" y="145"/><a:pt x="85" y="145"/><a:pt x="85" y="145"/></a:cubicBezTo><a:cubicBezTo><a:pt x="82" y="145"/><a:pt x="80" y="143"/><a:pt x="80" y="141"/></a:cubicBezTo><a:cubicBezTo><a:pt x="80" y="0"/><a:pt x="80" y="0"/><a:pt x="80" y="0"/></a:cubicBezTo><a:cubicBezTo><a:pt x="79" y="0"/><a:pt x="77" y="1"/><a:pt x="75" y="1"/></a:cubicBezTo><a:cubicBezTo><a:pt x="31" y="1"/><a:pt x="31" y="1"/><a:pt x="31" y="1"/></a:cubicBezTo><a:cubicBezTo><a:pt x="29" y="1"/><a:pt x="28" y="0"/><a:pt x="26" y="0"/></a:cubicBezTo><a:cubicBezTo><a:pt x="26" y="141"/><a:pt x="26" y="141"/><a:pt x="26" y="141"/></a:cubicBezTo><a:cubicBezTo><a:pt x="26" y="143"/><a:pt x="24" y="145"/><a:pt x="21" y="145"/></a:cubicBezTo><a:cubicBezTo><a:pt x="7" y="145"/><a:pt x="7" y="145"/><a:pt x="7" y="145"/></a:cubicBezTo><a:cubicBezTo><a:pt x="3" y="145"/><a:pt x="0" y="148"/><a:pt x="0" y="152"/></a:cubicBezTo><a:cubicBezTo><a:pt x="0" y="177"/><a:pt x="0" y="177"/><a:pt x="0" y="177"/></a:cubicBezTo><a:cubicBezTo><a:pt x="0" y="179"/><a:pt x="1" y="180"/><a:pt x="3" y="182"/></a:cubicBezTo><a:cubicBezTo><a:pt x="49" y="223"/><a:pt x="49" y="223"/><a:pt x="49" y="223"/></a:cubicBezTo><a:cubicBezTo><a:pt x="51" y="225"/><a:pt x="55" y="225"/><a:pt x="57" y="223"/></a:cubicBezTo><a:cubicBezTo><a:pt x="103" y="182"/><a:pt x="103" y="182"/><a:pt x="103" y="182"/></a:cubicBezTo><a:cubicBezTo><a:pt x="104" y="180"/><a:pt x="105" y="179"/><a:pt x="105" y="177"/></a:cubicBezTo><a:cubicBezTo><a:pt x="105" y="152"/><a:pt x="105" y="152"/><a:pt x="105" y="152"/></a:cubicBezTo><a:cubicBezTo><a:pt x="105" y="148"/><a:pt x="102" y="145"/><a:pt x="99" y="145"/></a:cubicBezTo><a:close/></a:path></a:pathLst></a:custGeom><a:solidFill><a:srgbClr val="ffffff"><a:alpha val="50000"/></a:srgbClr></a:solidFill><a:ln w="0"><a:noFill/></a:ln></p:spPr><p:style><a:lnRef idx="0"/><a:fillRef idx="0"/><a:effectRef idx="0"/><a:fontRef idx="minor"/></p:style><p:txBody><a:bodyPr anchor="t"><a:noAutofit/></a:bodyPr><a:p><a:pPr defTabSz="914400"><a:lnSpc><a:spcPct val="100000"/></a:lnSpc><a:tabLst><a:tab algn="l" pos="0"/></a:tabLst></a:pPr><a:endParaRPr b="0" lang="en-US" sz="1800" spc="-1" strike="noStrike"><a:solidFill><a:srgbClr val="000000"/></a:solidFill><a:latin typeface="OpenSymbol"/></a:endParaRPr></a:p></p:txBody></p:sp><p:sp><p:nvSpPr><p:cNvPr id="551" name="Google Shape;793;p25"></p:cNvPr><p:cNvSpPr/><p:nvPr/></p:nvSpPr><p:spPr><a:xfrm><a:off x="-111240" y="639000"/><a:ext cx="197640" cy="123480"/></a:xfrm><a:custGeom><a:avLst/><a:gdLst><a:gd name="textAreaLeft" fmla="*/ 0 w 197640"/><a:gd name="textAreaRight" fmla="*/ 198000 w 197640"/><a:gd name="textAreaTop" fmla="*/ 0 h 123480"/><a:gd name="textAreaBottom" fmla="*/ 123840 h 123480"/></a:gdLst><a:ahLst/><a:rect l="textAreaLeft" t="textAreaTop" r="textAreaRight" b="textAreaBottom"/><a:pathLst><a:path w="208" h="130"><a:moveTo><a:pt x="198" y="15"/></a:moveTo><a:cubicBezTo><a:pt x="198" y="6"/><a:pt x="198" y="6"/><a:pt x="198" y="6"/></a:cubicBezTo><a:cubicBezTo><a:pt x="194" y="4"/><a:pt x="191" y="2"/><a:pt x="187" y="0"/></a:cubicBezTo><a:cubicBezTo><a:pt x="180" y="4"/><a:pt x="180" y="4"/><a:pt x="180" y="4"/></a:cubicBezTo><a:cubicBezTo><a:pt x="174" y="8"/><a:pt x="166" y="9"/><a:pt x="158" y="8"/></a:cubicBezTo><a:cubicBezTo><a:pt x="158" y="18"/><a:pt x="158" y="18"/><a:pt x="158" y="18"/></a:cubicBezTo><a:cubicBezTo><a:pt x="158" y="36"/><a:pt x="143" y="51"/><a:pt x="125" y="51"/></a:cubicBezTo><a:cubicBezTo><a:pt x="85" y="51"/><a:pt x="85" y="51"/><a:pt x="85" y="51"/></a:cubicBezTo><a:cubicBezTo><a:pt x="83" y="51"/><a:pt x="81" y="49"/><a:pt x="81" y="46"/></a:cubicBezTo><a:cubicBezTo><a:pt x="81" y="32"/><a:pt x="81" y="32"/><a:pt x="81" y="32"/></a:cubicBezTo><a:cubicBezTo><a:pt x="81" y="28"/><a:pt x="78" y="25"/><a:pt x="74" y="25"/></a:cubicBezTo><a:cubicBezTo><a:pt x="49" y="25"/><a:pt x="49" y="25"/><a:pt x="49" y="25"/></a:cubicBezTo><a:cubicBezTo><a:pt x="47" y="25"/><a:pt x="46" y="26"/><a:pt x="44" y="28"/></a:cubicBezTo><a:cubicBezTo><a:pt x="3" y="73"/><a:pt x="3" y="73"/><a:pt x="3" y="73"/></a:cubicBezTo><a:cubicBezTo><a:pt x="0" y="76"/><a:pt x="0" y="80"/><a:pt x="3" y="82"/></a:cubicBezTo><a:cubicBezTo><a:pt x="44" y="128"/><a:pt x="44" y="128"/><a:pt x="44" y="128"/></a:cubicBezTo><a:cubicBezTo><a:pt x="46" y="129"/><a:pt x="47" y="130"/><a:pt x="49" y="130"/></a:cubicBezTo><a:cubicBezTo><a:pt x="74" y="130"/><a:pt x="74" y="130"/><a:pt x="74" y="130"/></a:cubicBezTo><a:cubicBezTo><a:pt x="78" y="130"/><a:pt x="81" y="127"/><a:pt x="81" y="123"/></a:cubicBezTo><a:cubicBezTo><a:pt x="81" y="109"/><a:pt x="81" y="109"/><a:pt x="81" y="109"/></a:cubicBezTo><a:cubicBezTo><a:pt x="81" y="107"/><a:pt x="83" y="105"/><a:pt x="85" y="105"/></a:cubicBezTo><a:cubicBezTo><a:pt x="118" y="105"/><a:pt x="118" y="105"/><a:pt x="118" y="105"/></a:cubicBezTo><a:cubicBezTo><a:pt x="160" y="105"/><a:pt x="196" y="77"/><a:pt x="208" y="40"/></a:cubicBezTo><a:cubicBezTo><a:pt x="202" y="33"/><a:pt x="198" y="25"/><a:pt x="198" y="15"/></a:cubicBezTo><a:close/></a:path></a:pathLst></a:custGeom><a:solidFill><a:srgbClr val="ffffff"><a:alpha val="50000"/></a:srgbClr></a:solidFill><a:ln w="0"><a:noFill/></a:ln></p:spPr><p:style><a:lnRef idx="0"/><a:fillRef idx="0"/><a:effectRef idx="0"/><a:fontRef idx="minor"/></p:style><p:txBody><a:bodyPr anchor="t"><a:noAutofit/></a:bodyPr><a:p><a:pPr defTabSz="914400"><a:lnSpc><a:spcPct val="100000"/></a:lnSpc><a:tabLst><a:tab algn="l" pos="0"/></a:tabLst></a:pPr><a:endParaRPr b="0" lang="en-US" sz="1800" spc="-1" strike="noStrike"><a:solidFill><a:srgbClr val="000000"/></a:solidFill><a:latin typeface="OpenSymbol"/></a:endParaRPr></a:p></p:txBody></p:sp><p:sp><p:nvSpPr><p:cNvPr id="552" name="Google Shape;794;p25"></p:cNvPr><p:cNvSpPr/><p:nvPr/></p:nvSpPr><p:spPr><a:xfrm><a:off x="180000" y="634320"/><a:ext cx="198000" cy="128520"/></a:xfrm><a:custGeom><a:avLst/><a:gdLst><a:gd name="textAreaLeft" fmla="*/ 0 w 198000"/><a:gd name="textAreaRight" fmla="*/ 198360 w 198000"/><a:gd name="textAreaTop" fmla="*/ 0 h 128520"/><a:gd name="textAreaBottom" fmla="*/ 128880 h 128520"/></a:gdLst><a:ahLst/><a:rect l="textAreaLeft" t="textAreaTop" r="textAreaRight" b="textAreaBottom"/><a:pathLst><a:path w="208" h="135"><a:moveTo><a:pt x="206" y="78"/></a:moveTo><a:cubicBezTo><a:pt x="164" y="33"/><a:pt x="164" y="33"/><a:pt x="164" y="33"/></a:cubicBezTo><a:cubicBezTo><a:pt x="163" y="31"/><a:pt x="161" y="30"/><a:pt x="159" y="30"/></a:cubicBezTo><a:cubicBezTo><a:pt x="134" y="30"/><a:pt x="134" y="30"/><a:pt x="134" y="30"/></a:cubicBezTo><a:cubicBezTo><a:pt x="131" y="30"/><a:pt x="128" y="33"/><a:pt x="128" y="37"/></a:cubicBezTo><a:cubicBezTo><a:pt x="128" y="51"/><a:pt x="128" y="51"/><a:pt x="128" y="51"/></a:cubicBezTo><a:cubicBezTo><a:pt x="128" y="54"/><a:pt x="126" y="56"/><a:pt x="123" y="56"/></a:cubicBezTo><a:cubicBezTo><a:pt x="84" y="56"/><a:pt x="84" y="56"/><a:pt x="84" y="56"/></a:cubicBezTo><a:cubicBezTo><a:pt x="65" y="56"/><a:pt x="50" y="41"/><a:pt x="50" y="23"/></a:cubicBezTo><a:cubicBezTo><a:pt x="50" y="7"/><a:pt x="50" y="7"/><a:pt x="50" y="7"/></a:cubicBezTo><a:cubicBezTo><a:pt x="45" y="7"/><a:pt x="40" y="6"/><a:pt x="35" y="4"/></a:cubicBezTo><a:cubicBezTo><a:pt x="28" y="0"/><a:pt x="28" y="0"/><a:pt x="28" y="0"/></a:cubicBezTo><a:cubicBezTo><a:pt x="22" y="4"/><a:pt x="16" y="8"/><a:pt x="10" y="11"/></a:cubicBezTo><a:cubicBezTo><a:pt x="10" y="20"/><a:pt x="10" y="20"/><a:pt x="10" y="20"/></a:cubicBezTo><a:cubicBezTo><a:pt x="10" y="30"/><a:pt x="6" y="38"/><a:pt x="0" y="45"/></a:cubicBezTo><a:cubicBezTo><a:pt x="12" y="82"/><a:pt x="48" y="110"/><a:pt x="90" y="110"/></a:cubicBezTo><a:cubicBezTo><a:pt x="123" y="110"/><a:pt x="123" y="110"/><a:pt x="123" y="110"/></a:cubicBezTo><a:cubicBezTo><a:pt x="126" y="110"/><a:pt x="128" y="112"/><a:pt x="128" y="114"/></a:cubicBezTo><a:cubicBezTo><a:pt x="128" y="128"/><a:pt x="128" y="128"/><a:pt x="128" y="128"/></a:cubicBezTo><a:cubicBezTo><a:pt x="128" y="132"/><a:pt x="131" y="135"/><a:pt x="134" y="135"/></a:cubicBezTo><a:cubicBezTo><a:pt x="159" y="135"/><a:pt x="159" y="135"/><a:pt x="159" y="135"/></a:cubicBezTo><a:cubicBezTo><a:pt x="161" y="135"/><a:pt x="163" y="134"/><a:pt x="164" y="133"/></a:cubicBezTo><a:cubicBezTo><a:pt x="206" y="87"/><a:pt x="206" y="87"/><a:pt x="206" y="87"/></a:cubicBezTo><a:cubicBezTo><a:pt x="208" y="85"/><a:pt x="208" y="81"/><a:pt x="206" y="78"/></a:cubicBezTo><a:close/></a:path></a:pathLst></a:custGeom><a:solidFill><a:srgbClr val="ffffff"><a:alpha val="50000"/></a:srgbClr></a:solidFill><a:ln w="0"><a:noFill/></a:ln></p:spPr><p:style><a:lnRef idx="0"/><a:fillRef idx="0"/><a:effectRef idx="0"/><a:fontRef idx="minor"/></p:style><p:txBody><a:bodyPr anchor="t"><a:noAutofit/></a:bodyPr><a:p><a:pPr defTabSz="914400"><a:lnSpc><a:spcPct val="100000"/></a:lnSpc><a:tabLst><a:tab algn="l" pos="0"/></a:tabLst></a:pPr><a:endParaRPr b="0" lang="en-US" sz="1800" spc="-1" strike="noStrike"><a:solidFill><a:srgbClr val="000000"/></a:solidFill><a:latin typeface="OpenSymbol"/></a:endParaRPr></a:p></p:txBody></p:sp></p:grpSp><p:grpSp><p:nvGrpSpPr><p:cNvPr id="553" name="Google Shape;795;p25"></p:cNvPr><p:cNvGrpSpPr/><p:nvPr/></p:nvGrpSpPr><p:grpSpPr><a:xfrm><a:off x="282960" y="-76320"/><a:ext cx="344160" cy="317160"/><a:chOff x="282960" y="-76320"/><a:chExt cx="344160" cy="317160"/></a:xfrm></p:grpSpPr><p:sp><p:nvSpPr><p:cNvPr id="554" name="Google Shape;796;p25"></p:cNvPr><p:cNvSpPr/><p:nvPr/></p:nvSpPr><p:spPr><a:xfrm><a:off x="397800" y="-22320"/><a:ext cx="148320" cy="149040"/></a:xfrm><a:custGeom><a:avLst/><a:gdLst><a:gd name="textAreaLeft" fmla="*/ 0 w 148320"/><a:gd name="textAreaRight" fmla="*/ 148680 w 148320"/><a:gd name="textAreaTop" fmla="*/ 0 h 149040"/><a:gd name="textAreaBottom" fmla="*/ 149400 h 149040"/></a:gdLst><a:ahLst/><a:rect l="textAreaLeft" t="textAreaTop" r="textAreaRight" b="textAreaBottom"/><a:pathLst><a:path w="251" h="252"><a:moveTo><a:pt x="197" y="142"/></a:moveTo><a:cubicBezTo><a:pt x="176" y="141"/><a:pt x="176" y="110"/><a:pt x="197" y="110"/></a:cubicBezTo><a:cubicBezTo><a:pt x="251" y="109"/><a:pt x="251" y="109"/><a:pt x="251" y="109"/></a:cubicBezTo><a:cubicBezTo><a:pt x="245" y="55"/><a:pt x="197" y="6"/><a:pt x="142" y="0"/></a:cubicBezTo><a:cubicBezTo><a:pt x="141" y="54"/><a:pt x="141" y="54"/><a:pt x="141" y="54"/></a:cubicBezTo><a:cubicBezTo><a:pt x="141" y="63"/><a:pt x="134" y="70"/><a:pt x="125" y="70"/></a:cubicBezTo><a:cubicBezTo><a:pt x="125" y="70"/><a:pt x="125" y="70"/><a:pt x="125" y="70"/></a:cubicBezTo><a:cubicBezTo><a:pt x="116" y="70"/><a:pt x="109" y="63"/><a:pt x="109" y="54"/></a:cubicBezTo><a:cubicBezTo><a:pt x="109" y="0"/><a:pt x="109" y="0"/><a:pt x="109" y="0"/></a:cubicBezTo><a:cubicBezTo><a:pt x="53" y="6"/><a:pt x="5" y="55"/><a:pt x="0" y="110"/></a:cubicBezTo><a:cubicBezTo><a:pt x="53" y="110"/><a:pt x="53" y="110"/><a:pt x="53" y="110"/></a:cubicBezTo><a:cubicBezTo><a:pt x="53" y="110"/><a:pt x="53" y="110"/><a:pt x="53" y="110"/></a:cubicBezTo><a:cubicBezTo><a:pt x="74" y="111"/><a:pt x="74" y="141"/><a:pt x="53" y="142"/></a:cubicBezTo><a:cubicBezTo><a:pt x="0" y="142"/><a:pt x="0" y="142"/><a:pt x="0" y="142"/></a:cubicBezTo><a:cubicBezTo><a:pt x="5" y="197"/><a:pt x="53" y="246"/><a:pt x="109" y="252"/></a:cubicBezTo><a:cubicBezTo><a:pt x="109" y="198"/><a:pt x="109" y="198"/><a:pt x="109" y="198"/></a:cubicBezTo><a:cubicBezTo><a:pt x="109" y="189"/><a:pt x="116" y="182"/><a:pt x="125" y="182"/></a:cubicBezTo><a:cubicBezTo><a:pt x="125" y="182"/><a:pt x="125" y="182"/><a:pt x="125" y="182"/></a:cubicBezTo><a:cubicBezTo><a:pt x="134" y="182"/><a:pt x="141" y="189"/><a:pt x="141" y="198"/></a:cubicBezTo><a:cubicBezTo><a:pt x="141" y="252"/><a:pt x="141" y="252"/><a:pt x="141" y="252"/></a:cubicBezTo><a:cubicBezTo><a:pt x="197" y="246"/><a:pt x="245" y="197"/><a:pt x="251" y="142"/></a:cubicBezTo><a:cubicBezTo><a:pt x="197" y="142"/><a:pt x="197" y="142"/><a:pt x="197" y="142"/></a:cubicBezTo><a:cubicBezTo><a:pt x="197" y="142"/><a:pt x="197" y="142"/><a:pt x="197" y="142"/></a:cubicBezTo><a:close/><a:moveTo><a:pt x="125" y="142"/></a:moveTo><a:cubicBezTo><a:pt x="104" y="141"/><a:pt x="104" y="111"/><a:pt x="125" y="110"/></a:cubicBezTo><a:cubicBezTo><a:pt x="147" y="110"/><a:pt x="147" y="141"/><a:pt x="125" y="142"/></a:cubicBezTo><a:close/></a:path></a:pathLst></a:custGeom><a:solidFill><a:srgbClr val="ffffff"><a:alpha val="50000"/></a:srgbClr></a:solidFill><a:ln w="0"><a:noFill/></a:ln></p:spPr><p:style><a:lnRef idx="0"/><a:fillRef idx="0"/><a:effectRef idx="0"/><a:fontRef idx="minor"/></p:style><p:txBody><a:bodyPr anchor="t"><a:noAutofit/></a:bodyPr><a:p><a:pPr defTabSz="914400"><a:lnSpc><a:spcPct val="100000"/></a:lnSpc><a:tabLst><a:tab algn="l" pos="0"/></a:tabLst></a:pPr><a:endParaRPr b="0" lang="en-US" sz="1800" spc="-1" strike="noStrike"><a:solidFill><a:srgbClr val="000000"/></a:solidFill><a:latin typeface="OpenSymbol"/></a:endParaRPr></a:p></p:txBody></p:sp><p:sp><p:nvSpPr><p:cNvPr id="555" name="Google Shape;797;p25"></p:cNvPr><p:cNvSpPr/><p:nvPr/></p:nvSpPr><p:spPr><a:xfrm><a:off x="282960" y="162360"/><a:ext cx="77760" cy="78480"/></a:xfrm><a:custGeom><a:avLst/><a:gdLst><a:gd name="textAreaLeft" fmla="*/ 0 w 77760"/><a:gd name="textAreaRight" fmla="*/ 78120 w 77760"/><a:gd name="textAreaTop" fmla="*/ 0 h 78480"/><a:gd name="textAreaBottom" fmla="*/ 78840 h 78480"/></a:gdLst><a:ahLst/><a:rect l="textAreaLeft" t="textAreaTop" r="textAreaRight" b="textAreaBottom"/><a:pathLst><a:path w="132" h="133"><a:moveTo><a:pt x="75" y="0"/></a:moveTo><a:cubicBezTo><a:pt x="15" y="60"/><a:pt x="15" y="60"/><a:pt x="15" y="60"/></a:cubicBezTo><a:cubicBezTo><a:pt x="0" y="76"/><a:pt x="0" y="101"/><a:pt x="15" y="117"/></a:cubicBezTo><a:cubicBezTo><a:pt x="31" y="133"/><a:pt x="56" y="133"/><a:pt x="72" y="117"/></a:cubicBezTo><a:cubicBezTo><a:pt x="132" y="57"/><a:pt x="132" y="57"/><a:pt x="132" y="57"/></a:cubicBezTo><a:cubicBezTo><a:pt x="132" y="57"/><a:pt x="132" y="57"/><a:pt x="132" y="57"/></a:cubicBezTo><a:lnTo><a:pt x="75" y="0"/></a:lnTo><a:close/></a:path></a:pathLst></a:custGeom><a:solidFill><a:srgbClr val="ffffff"><a:alpha val="50000"/></a:srgbClr></a:solidFill><a:ln w="0"><a:noFill/></a:ln></p:spPr><p:style><a:lnRef idx="0"/><a:fillRef idx="0"/><a:effectRef idx="0"/><a:fontRef idx="minor"/></p:style><p:txBody><a:bodyPr tIns="39240" bIns="39240" anchor="t"><a:noAutofit/></a:bodyPr><a:p><a:pPr defTabSz="914400"><a:lnSpc><a:spcPct val="100000"/></a:lnSpc><a:tabLst><a:tab algn="l" pos="0"/></a:tabLst></a:pPr><a:endParaRPr b="0" lang="en-US" sz="1800" spc="-1" strike="noStrike"><a:solidFill><a:srgbClr val="000000"/></a:solidFill><a:latin typeface="OpenSymbol"/></a:endParaRPr></a:p></p:txBody></p:sp><p:sp><p:nvSpPr><p:cNvPr id="556" name="Google Shape;798;p25"></p:cNvPr><p:cNvSpPr/><p:nvPr/></p:nvSpPr><p:spPr><a:xfrm><a:off x="316080" y="-76320"/><a:ext cx="311040" cy="245520"/></a:xfrm><a:custGeom><a:avLst/><a:gdLst><a:gd name="textAreaLeft" fmla="*/ 0 w 311040"/><a:gd name="textAreaRight" fmla="*/ 311400 w 311040"/><a:gd name="textAreaTop" fmla="*/ 0 h 245520"/><a:gd name="textAreaBottom" fmla="*/ 245880 h 245520"/></a:gdLst><a:ahLst/><a:rect l="textAreaLeft" t="textAreaTop" r="textAreaRight" b="textAreaBottom"/><a:pathLst><a:path w="526" h="415"><a:moveTo><a:pt x="402" y="77"/></a:moveTo><a:cubicBezTo><a:pt x="329" y="1"/><a:pt x="197" y="0"/><a:pt x="124" y="77"/></a:cubicBezTo><a:cubicBezTo><a:pt x="0" y="200"/><a:pt x="89" y="415"/><a:pt x="263" y="414"/></a:cubicBezTo><a:cubicBezTo><a:pt x="437" y="415"/><a:pt x="526" y="200"/><a:pt x="402" y="77"/></a:cubicBezTo><a:close/><a:moveTo><a:pt x="376" y="329"/></a:moveTo><a:cubicBezTo><a:pt x="312" y="393"/><a:pt x="211" y="390"/><a:pt x="151" y="329"/></a:cubicBezTo><a:cubicBezTo><a:pt x="120" y="299"/><a:pt x="105" y="259"/><a:pt x="104" y="219"/></a:cubicBezTo><a:cubicBezTo><a:pt x="104" y="218"/><a:pt x="104" y="218"/><a:pt x="104" y="217"/></a:cubicBezTo><a:cubicBezTo><a:pt x="104" y="216"/><a:pt x="104" y="216"/><a:pt x="104" y="215"/></a:cubicBezTo><a:cubicBezTo><a:pt x="103" y="131"/><a:pt x="177" y="56"/><a:pt x="263" y="57"/></a:cubicBezTo><a:cubicBezTo><a:pt x="409" y="60"/><a:pt x="473" y="231"/><a:pt x="376" y="329"/></a:cubicBezTo><a:close/></a:path></a:pathLst></a:custGeom><a:solidFill><a:srgbClr val="ffffff"><a:alpha val="50000"/></a:srgbClr></a:solidFill><a:ln w="0"><a:noFill/></a:ln></p:spPr><p:style><a:lnRef idx="0"/><a:fillRef idx="0"/><a:effectRef idx="0"/><a:fontRef idx="minor"/></p:style><p:txBody><a:bodyPr anchor="t"><a:noAutofit/></a:bodyPr><a:p><a:pPr defTabSz="914400"><a:lnSpc><a:spcPct val="100000"/></a:lnSpc><a:tabLst><a:tab algn="l" pos="0"/></a:tabLst></a:pPr><a:endParaRPr b="0" lang="en-US" sz="1800" spc="-1" strike="noStrike"><a:solidFill><a:srgbClr val="000000"/></a:solidFill><a:latin typeface="OpenSymbol"/></a:endParaRPr></a:p></p:txBody></p:sp><p:sp><p:nvSpPr><p:cNvPr id="557" name="Google Shape;799;p25"></p:cNvPr><p:cNvSpPr/><p:nvPr/></p:nvSpPr><p:spPr><a:xfrm><a:off x="340920" y="129960"/><a:ext cx="52560" cy="52560"/></a:xfrm><a:custGeom><a:avLst/><a:gdLst><a:gd name="textAreaLeft" fmla="*/ 0 w 52560"/><a:gd name="textAreaRight" fmla="*/ 52920 w 52560"/><a:gd name="textAreaTop" fmla="*/ 0 h 52560"/><a:gd name="textAreaBottom" fmla="*/ 52920 h 52560"/></a:gdLst><a:ahLst/><a:rect l="textAreaLeft" t="textAreaTop" r="textAreaRight" b="textAreaBottom"/><a:pathLst><a:path w="89" h="89"><a:moveTo><a:pt x="33" y="0"/></a:moveTo><a:cubicBezTo><a:pt x="0" y="32"/><a:pt x="0" y="32"/><a:pt x="0" y="32"/></a:cubicBezTo><a:cubicBezTo><a:pt x="57" y="89"/><a:pt x="57" y="89"/><a:pt x="57" y="89"/></a:cubicBezTo><a:cubicBezTo><a:pt x="89" y="57"/><a:pt x="89" y="57"/><a:pt x="89" y="57"/></a:cubicBezTo><a:cubicBezTo><a:pt x="67" y="41"/><a:pt x="48" y="22"/><a:pt x="33" y="0"/></a:cubicBezTo><a:close/></a:path></a:pathLst></a:custGeom><a:solidFill><a:srgbClr val="ffffff"><a:alpha val="50000"/></a:srgbClr></a:solidFill><a:ln w="0"><a:noFill/></a:ln></p:spPr><p:style><a:lnRef idx="0"/><a:fillRef idx="0"/><a:effectRef idx="0"/><a:fontRef idx="minor"/></p:style><p:txBody><a:bodyPr tIns="26280" bIns="26280" anchor="t"><a:noAutofit/></a:bodyPr><a:p><a:pPr defTabSz="914400"><a:lnSpc><a:spcPct val="100000"/></a:lnSpc><a:tabLst><a:tab algn="l" pos="0"/></a:tabLst></a:pPr><a:endParaRPr b="0" lang="en-US" sz="1800" spc="-1" strike="noStrike"><a:solidFill><a:srgbClr val="000000"/></a:solidFill><a:latin typeface="OpenSymbol"/></a:endParaRPr></a:p></p:txBody></p:sp></p:grpSp></p:grpSp><p:pic><p:nvPicPr><p:cNvPr id="558" name="Google Shape;800;p25" descr=""></p:cNvPr><p:cNvPicPr/><p:nvPr/></p:nvPicPr><p:blipFill><a:blip r:embed="rId5"><a:alphaModFix amt="50000"/></a:blip><a:stretch/></p:blipFill><p:spPr><a:xfrm rot="5829600"><a:off x="-1656000" y="3238200"/><a:ext cx="3541680" cy="3464640"/></a:xfrm><a:prstGeom prst="rect"><a:avLst/></a:prstGeom><a:ln w="0"><a:noFill/></a:ln></p:spPr></p:pic></p:spTree></p:cSld><p:clrMap bg1="lt1" bg2="lt2" tx1="dk1" tx2="dk2" accent1="accent1" accent2="accent2" accent3="accent3" accent4="accent4" accent5="accent5" accent6="accent6" hlink="hlink" folHlink="folHlink"/><p:sldLayoutIdLst><p:sldLayoutId id="2147483681" r:id="rId6"/></p:sldLayoutIdLst></p:sldMaster>