<?xml version="1.0" encoding="UTF-8" standalone="yes"?>
<p:sldMaster xmlns:a="http://schemas.openxmlformats.org/drawingml/2006/main" xmlns:p="http://schemas.openxmlformats.org/presentationml/2006/main" xmlns:r="http://schemas.openxmlformats.org/officeDocument/2006/relationships" xmlns:p14="http://schemas.microsoft.com/office/powerpoint/2010/main" xmlns:p15="http://schemas.microsoft.com/office/powerpoint/2012/main" xmlns:mc="http://schemas.openxmlformats.org/markup-compatibility/2006"><p:cSld><p:bg><p:bgPr><a:solidFill><a:schemeClr val="lt2"></a:schemeClr></a:solidFill></p:bgPr></p:bg><p:spTree><p:nvGrpSpPr>        <p:cNvPr id="1" name=""/>        <p:cNvGrpSpPr/>        <p:nvPr/>      </p:nvGrpSpPr>      <p:grpSpPr>        <a:xfrm>          <a:off x="0" y="0"/>          <a:ext cx="0" cy="0"/>          <a:chOff x="0" y="0"/>          <a:chExt cx="0" cy="0"/>        </a:xfrm>      </p:grpSpPr><p:pic><p:nvPicPr><p:cNvPr id="169" name="Google Shape;421;p16" descr=""></p:cNvPr><p:cNvPicPr/><p:nvPr/></p:nvPicPr><p:blipFill><a:blip r:embed="rId2"></a:blip><a:srcRect l="0" t="1844" r="1844" b="0"/><a:stretch/></p:blipFill><p:spPr><a:xfrm flipH="1" rot="10800000"><a:off x="0" y="0"/><a:ext cx="9143640" cy="5143320"/></a:xfrm><a:prstGeom prst="rect"><a:avLst/></a:prstGeom><a:ln w="0"><a:noFill/></a:ln></p:spPr></p:pic><p:pic><p:nvPicPr><p:cNvPr id="170" name="Google Shape;422;p16" descr=""></p:cNvPr><p:cNvPicPr/><p:nvPr/></p:nvPicPr><p:blipFill><a:blip r:embed="rId3"></a:blip><a:srcRect l="7208" t="0" r="48305" b="45432"/><a:stretch/></p:blipFill><p:spPr><a:xfrm rot="10800000"><a:off x="7925040" y="-75960"/><a:ext cx="1218960" cy="2854080"/></a:xfrm><a:prstGeom prst="rect"><a:avLst/></a:prstGeom><a:ln w="0"><a:noFill/></a:ln></p:spPr></p:pic><p:pic><p:nvPicPr><p:cNvPr id="171" name="Google Shape;423;p16" descr=""></p:cNvPr><p:cNvPicPr/><p:nvPr/></p:nvPicPr><p:blipFill><a:blip r:embed="rId4"><a:alphaModFix amt="50000"/></a:blip><a:stretch/></p:blipFill><p:spPr><a:xfrm rot="4362600"><a:off x="6965280" y="2439360"/><a:ext cx="3541680" cy="3464640"/></a:xfrm><a:prstGeom prst="rect"><a:avLst/></a:prstGeom><a:ln w="0"><a:noFill/></a:ln></p:spPr></p:pic><p:grpSp><p:nvGrpSpPr><p:cNvPr id="172" name="Google Shape;424;p16"></p:cNvPr><p:cNvGrpSpPr/><p:nvPr/></p:nvGrpSpPr><p:grpSpPr><a:xfrm><a:off x="-1080360" y="-464040"/><a:ext cx="1963080" cy="2007000"/><a:chOff x="-1080360" y="-464040"/><a:chExt cx="1963080" cy="2007000"/></a:xfrm></p:grpSpPr><p:pic><p:nvPicPr><p:cNvPr id="173" name="Google Shape;425;p16" descr=""></p:cNvPr><p:cNvPicPr/><p:nvPr/></p:nvPicPr><p:blipFill><a:blip r:embed="rId5"><a:alphaModFix amt="50000"/></a:blip><a:stretch/></p:blipFill><p:spPr><a:xfrm flipH="1" rot="5400000"><a:off x="-1102320" y="-442080"/><a:ext cx="2007000" cy="1963080"/></a:xfrm><a:prstGeom prst="rect"><a:avLst/></a:prstGeom><a:ln w="0"><a:noFill/></a:ln></p:spPr></p:pic><p:grpSp><p:nvGrpSpPr><p:cNvPr id="174" name="Google Shape;426;p16"></p:cNvPr><p:cNvGrpSpPr/><p:nvPr/></p:nvGrpSpPr><p:grpSpPr><a:xfrm><a:off x="180360" y="344160"/><a:ext cx="314280" cy="314640"/><a:chOff x="180360" y="344160"/><a:chExt cx="314280" cy="314640"/></a:xfrm></p:grpSpPr><p:sp><p:nvSpPr><p:cNvPr id="175" name="Google Shape;427;p16"></p:cNvPr><p:cNvSpPr/><p:nvPr/></p:nvSpPr><p:spPr><a:xfrm><a:off x="219600" y="374040"/><a:ext cx="185760" cy="186480"/></a:xfrm><a:custGeom><a:avLst/><a:gdLst><a:gd name="textAreaLeft" fmla="*/ 0 w 185760"/><a:gd name="textAreaRight" fmla="*/ 186120 w 185760"/><a:gd name="textAreaTop" fmla="*/ 0 h 186480"/><a:gd name="textAreaBottom" fmla="*/ 186840 h 186480"/></a:gdLst><a:ahLst/><a:rect l="textAreaLeft" t="textAreaTop" r="textAreaRight" b="textAreaBottom"/><a:pathLst><a:path w="306" h="307"><a:moveTo><a:pt x="23" y="169"/></a:moveTo><a:cubicBezTo><a:pt x="0" y="169"/><a:pt x="0" y="169"/><a:pt x="0" y="169"/></a:cubicBezTo><a:cubicBezTo><a:pt x="7" y="242"/><a:pt x="65" y="299"/><a:pt x="137" y="307"/></a:cubicBezTo><a:cubicBezTo><a:pt x="137" y="284"/><a:pt x="137" y="284"/><a:pt x="137" y="284"/></a:cubicBezTo><a:cubicBezTo><a:pt x="138" y="263"/><a:pt x="168" y="263"/><a:pt x="168" y="284"/></a:cubicBezTo><a:cubicBezTo><a:pt x="168" y="307"/><a:pt x="168" y="307"/><a:pt x="168" y="307"/></a:cubicBezTo><a:cubicBezTo><a:pt x="241" y="299"/><a:pt x="299" y="242"/><a:pt x="306" y="169"/></a:cubicBezTo><a:cubicBezTo><a:pt x="283" y="169"/><a:pt x="283" y="169"/><a:pt x="283" y="169"/></a:cubicBezTo><a:cubicBezTo><a:pt x="262" y="168"/><a:pt x="262" y="139"/><a:pt x="283" y="138"/></a:cubicBezTo><a:cubicBezTo><a:pt x="306" y="138"/><a:pt x="306" y="138"/><a:pt x="306" y="138"/></a:cubicBezTo><a:cubicBezTo><a:pt x="299" y="65"/><a:pt x="241" y="8"/><a:pt x="168" y="0"/></a:cubicBezTo><a:cubicBezTo><a:pt x="168" y="24"/><a:pt x="168" y="24"/><a:pt x="168" y="24"/></a:cubicBezTo><a:cubicBezTo><a:pt x="167" y="44"/><a:pt x="138" y="44"/><a:pt x="137" y="24"/></a:cubicBezTo><a:cubicBezTo><a:pt x="137" y="0"/><a:pt x="137" y="0"/><a:pt x="137" y="0"/></a:cubicBezTo><a:cubicBezTo><a:pt x="65" y="8"/><a:pt x="7" y="65"/><a:pt x="0" y="138"/></a:cubicBezTo><a:cubicBezTo><a:pt x="23" y="138"/><a:pt x="23" y="138"/><a:pt x="23" y="138"/></a:cubicBezTo><a:cubicBezTo><a:pt x="43" y="139"/><a:pt x="43" y="168"/><a:pt x="23" y="169"/></a:cubicBezTo><a:close/><a:moveTo><a:pt x="103" y="138"/></a:moveTo><a:cubicBezTo><a:pt x="109" y="138"/><a:pt x="109" y="138"/><a:pt x="109" y="138"/></a:cubicBezTo><a:cubicBezTo><a:pt x="116" y="107"/><a:pt x="144" y="84"/><a:pt x="177" y="84"/></a:cubicBezTo><a:cubicBezTo><a:pt x="186" y="84"/><a:pt x="193" y="91"/><a:pt x="193" y="99"/></a:cubicBezTo><a:cubicBezTo><a:pt x="193" y="108"/><a:pt x="186" y="115"/><a:pt x="177" y="115"/></a:cubicBezTo><a:cubicBezTo><a:pt x="161" y="115"/><a:pt x="147" y="124"/><a:pt x="141" y="138"/></a:cubicBezTo><a:cubicBezTo><a:pt x="177" y="138"/><a:pt x="177" y="138"/><a:pt x="177" y="138"/></a:cubicBezTo><a:cubicBezTo><a:pt x="198" y="139"/><a:pt x="198" y="169"/><a:pt x="177" y="170"/></a:cubicBezTo><a:cubicBezTo><a:pt x="141" y="170"/><a:pt x="141" y="170"/><a:pt x="141" y="170"/></a:cubicBezTo><a:cubicBezTo><a:pt x="147" y="183"/><a:pt x="161" y="193"/><a:pt x="177" y="193"/></a:cubicBezTo><a:cubicBezTo><a:pt x="186" y="193"/><a:pt x="193" y="200"/><a:pt x="193" y="209"/></a:cubicBezTo><a:cubicBezTo><a:pt x="193" y="217"/><a:pt x="186" y="224"/><a:pt x="177" y="224"/></a:cubicBezTo><a:cubicBezTo><a:pt x="144" y="224"/><a:pt x="116" y="201"/><a:pt x="109" y="170"/></a:cubicBezTo><a:cubicBezTo><a:pt x="103" y="170"/><a:pt x="103" y="170"/><a:pt x="103" y="170"/></a:cubicBezTo><a:cubicBezTo><a:pt x="82" y="169"/><a:pt x="82" y="139"/><a:pt x="103" y="138"/></a:cubicBezTo><a:close/></a:path></a:pathLst></a:custGeom><a:solidFill><a:srgbClr val="ffffff"><a:alpha val="50000"/></a:srgbClr></a:solidFill><a:ln w="0"><a:noFill/></a:ln></p:spPr><p:style><a:lnRef idx="0"/><a:fillRef idx="0"/><a:effectRef idx="0"/><a:fontRef idx="minor"/></p:style><p:txBody><a:bodyPr anchor="t"><a:noAutofit/></a:bodyPr><a:p><a:pPr defTabSz="914400"><a:lnSpc><a:spcPct val="100000"/></a:lnSpc><a:tabLst><a:tab algn="l" pos="0"/></a:tabLst></a:pPr><a:endParaRPr b="0" lang="en-US" sz="1800" spc="-1" strike="noStrike"><a:solidFill><a:srgbClr val="000000"/></a:solidFill><a:latin typeface="OpenSymbol"/></a:endParaRPr></a:p></p:txBody></p:sp><p:sp><p:nvSpPr><p:cNvPr id="176" name="Google Shape;428;p16"></p:cNvPr><p:cNvSpPr/><p:nvPr/></p:nvSpPr><p:spPr><a:xfrm><a:off x="180360" y="344160"/><a:ext cx="314280" cy="314640"/></a:xfrm><a:custGeom><a:avLst/><a:gdLst><a:gd name="textAreaLeft" fmla="*/ 0 w 314280"/><a:gd name="textAreaRight" fmla="*/ 314640 w 314280"/><a:gd name="textAreaTop" fmla="*/ 0 h 314640"/><a:gd name="textAreaBottom" fmla="*/ 315000 h 314640"/></a:gdLst><a:ahLst/><a:rect l="textAreaLeft" t="textAreaTop" r="textAreaRight" b="textAreaBottom"/><a:pathLst><a:path w="517" h="517"><a:moveTo><a:pt x="497" y="487"/></a:moveTo><a:cubicBezTo><a:pt x="30" y="487"/><a:pt x="30" y="487"/><a:pt x="30" y="487"/></a:cubicBezTo><a:cubicBezTo><a:pt x="30" y="453"/><a:pt x="30" y="453"/><a:pt x="30" y="453"/></a:cubicBezTo><a:cubicBezTo><a:pt x="208" y="453"/><a:pt x="208" y="453"/><a:pt x="208" y="453"/></a:cubicBezTo><a:cubicBezTo><a:pt x="350" y="453"/><a:pt x="468" y="342"/><a:pt x="475" y="200"/></a:cubicBezTo><a:cubicBezTo><a:pt x="479" y="129"/><a:pt x="479" y="129"/><a:pt x="479" y="129"/></a:cubicBezTo><a:cubicBezTo><a:pt x="485" y="136"/><a:pt x="485" y="136"/><a:pt x="485" y="136"/></a:cubicBezTo><a:cubicBezTo><a:pt x="488" y="140"/><a:pt x="492" y="141"/><a:pt x="497" y="141"/></a:cubicBezTo><a:cubicBezTo><a:pt x="500" y="141"/><a:pt x="504" y="140"/><a:pt x="506" y="137"/></a:cubicBezTo><a:cubicBezTo><a:pt x="513" y="132"/><a:pt x="513" y="122"/><a:pt x="508" y="116"/></a:cubicBezTo><a:cubicBezTo><a:pt x="477" y="82"/><a:pt x="477" y="82"/><a:pt x="477" y="82"/></a:cubicBezTo><a:cubicBezTo><a:pt x="472" y="77"/><a:pt x="462" y="75"/><a:pt x="456" y="81"/></a:cubicBezTo><a:cubicBezTo><a:pt x="424" y="110"/><a:pt x="424" y="110"/><a:pt x="424" y="110"/></a:cubicBezTo><a:cubicBezTo><a:pt x="410" y="124"/><a:pt x="429" y="145"/><a:pt x="444" y="132"/></a:cubicBezTo><a:cubicBezTo><a:pt x="449" y="128"/><a:pt x="449" y="128"/><a:pt x="449" y="128"/></a:cubicBezTo><a:cubicBezTo><a:pt x="445" y="198"/><a:pt x="445" y="198"/><a:pt x="445" y="198"/></a:cubicBezTo><a:cubicBezTo><a:pt x="439" y="324"/><a:pt x="334" y="423"/><a:pt x="208" y="423"/></a:cubicBezTo><a:cubicBezTo><a:pt x="30" y="423"/><a:pt x="30" y="423"/><a:pt x="30" y="423"/></a:cubicBezTo><a:cubicBezTo><a:pt x="30" y="20"/><a:pt x="30" y="20"/><a:pt x="30" y="20"/></a:cubicBezTo><a:cubicBezTo><a:pt x="29" y="0"/><a:pt x="0" y="0"/><a:pt x="0" y="20"/></a:cubicBezTo><a:cubicBezTo><a:pt x="0" y="502"/><a:pt x="0" y="502"/><a:pt x="0" y="502"/></a:cubicBezTo><a:cubicBezTo><a:pt x="0" y="510"/><a:pt x="6" y="517"/><a:pt x="15" y="517"/></a:cubicBezTo><a:cubicBezTo><a:pt x="497" y="517"/><a:pt x="497" y="517"/><a:pt x="497" y="517"/></a:cubicBezTo><a:cubicBezTo><a:pt x="517" y="516"/><a:pt x="517" y="487"/><a:pt x="497" y="487"/></a:cubicBezTo><a:close/></a:path></a:pathLst></a:custGeom><a:solidFill><a:srgbClr val="ffffff"><a:alpha val="50000"/></a:srgbClr></a:solidFill><a:ln w="0"><a:noFill/></a:ln></p:spPr><p:style><a:lnRef idx="0"/><a:fillRef idx="0"/><a:effectRef idx="0"/><a:fontRef idx="minor"/></p:style><p:txBody><a:bodyPr anchor="t"><a:noAutofit/></a:bodyPr><a:p><a:pPr defTabSz="914400"><a:lnSpc><a:spcPct val="100000"/></a:lnSpc><a:tabLst><a:tab algn="l" pos="0"/></a:tabLst></a:pPr><a:endParaRPr b="0" lang="en-US" sz="1800" spc="-1" strike="noStrike"><a:solidFill><a:srgbClr val="000000"/></a:solidFill><a:latin typeface="OpenSymbol"/></a:endParaRPr></a:p></p:txBody></p:sp></p:grpSp><p:grpSp><p:nvGrpSpPr><p:cNvPr id="177" name="Google Shape;429;p16"></p:cNvPr><p:cNvGrpSpPr/><p:nvPr/></p:nvGrpSpPr><p:grpSpPr><a:xfrm><a:off x="149760" y="954360"/><a:ext cx="375480" cy="388080"/><a:chOff x="149760" y="954360"/><a:chExt cx="375480" cy="388080"/></a:xfrm></p:grpSpPr><p:sp><p:nvSpPr><p:cNvPr id="178" name="Google Shape;430;p16"></p:cNvPr><p:cNvSpPr/><p:nvPr/></p:nvSpPr><p:spPr><a:xfrm><a:off x="149760" y="954360"/><a:ext cx="375480" cy="245160"/></a:xfrm><a:custGeom><a:avLst/><a:gdLst><a:gd name="textAreaLeft" fmla="*/ 0 w 375480"/><a:gd name="textAreaRight" fmla="*/ 375840 w 375480"/><a:gd name="textAreaTop" fmla="*/ 0 h 245160"/><a:gd name="textAreaBottom" fmla="*/ 245520 h 245160"/></a:gdLst><a:ahLst/><a:rect l="textAreaLeft" t="textAreaTop" r="textAreaRight" b="textAreaBottom"/><a:pathLst><a:path w="511" h="334"><a:moveTo><a:pt x="470" y="187"/></a:moveTo><a:cubicBezTo><a:pt x="462" y="183"/><a:pt x="459" y="175"/><a:pt x="462" y="167"/></a:cubicBezTo><a:cubicBezTo><a:pt x="481" y="118"/><a:pt x="444" y="63"/><a:pt x="391" y="63"/></a:cubicBezTo><a:cubicBezTo><a:pt x="381" y="62"/><a:pt x="371" y="64"/><a:pt x="361" y="68"/></a:cubicBezTo><a:cubicBezTo><a:pt x="353" y="71"/><a:pt x="344" y="68"/><a:pt x="341" y="60"/></a:cubicBezTo><a:cubicBezTo><a:pt x="314" y="1"/><a:pt x="229" y="0"/><a:pt x="201" y="59"/></a:cubicBezTo><a:cubicBezTo><a:pt x="198" y="67"/><a:pt x="189" y="70"/><a:pt x="181" y="67"/></a:cubicBezTo><a:cubicBezTo><a:pt x="173" y="64"/><a:pt x="163" y="63"/><a:pt x="154" y="63"/></a:cubicBezTo><a:cubicBezTo><a:pt x="112" y="63"/><a:pt x="78" y="98"/><a:pt x="78" y="140"/></a:cubicBezTo><a:cubicBezTo><a:pt x="78" y="149"/><a:pt x="80" y="158"/><a:pt x="83" y="167"/></a:cubicBezTo><a:cubicBezTo><a:pt x="86" y="175"/><a:pt x="82" y="184"/><a:pt x="75" y="187"/></a:cubicBezTo><a:cubicBezTo><a:pt x="0" y="225"/><a:pt x="26" y="332"/><a:pt x="109" y="334"/></a:cubicBezTo><a:cubicBezTo><a:pt x="177" y="334"/><a:pt x="177" y="334"/><a:pt x="177" y="334"/></a:cubicBezTo><a:cubicBezTo><a:pt x="271" y="330"/><a:pt x="271" y="196"/><a:pt x="177" y="192"/></a:cubicBezTo><a:cubicBezTo><a:pt x="168" y="192"/><a:pt x="161" y="185"/><a:pt x="161" y="176"/></a:cubicBezTo><a:cubicBezTo><a:pt x="161" y="167"/><a:pt x="168" y="160"/><a:pt x="177" y="160"/></a:cubicBezTo><a:cubicBezTo><a:pt x="228" y="160"/><a:pt x="271" y="198"/><a:pt x="278" y="247"/></a:cubicBezTo><a:cubicBezTo><a:pt x="353" y="247"/><a:pt x="353" y="247"/><a:pt x="353" y="247"/></a:cubicBezTo><a:cubicBezTo><a:pt x="367" y="247"/><a:pt x="379" y="235"/><a:pt x="379" y="221"/></a:cubicBezTo><a:cubicBezTo><a:pt x="379" y="207"/><a:pt x="367" y="195"/><a:pt x="353" y="195"/></a:cubicBezTo><a:cubicBezTo><a:pt x="332" y="194"/><a:pt x="332" y="164"/><a:pt x="353" y="163"/></a:cubicBezTo><a:cubicBezTo><a:pt x="430" y="166"/><a:pt x="430" y="276"/><a:pt x="353" y="279"/></a:cubicBezTo><a:cubicBezTo><a:pt x="278" y="279"/><a:pt x="278" y="279"/><a:pt x="278" y="279"/></a:cubicBezTo><a:cubicBezTo><a:pt x="275" y="300"/><a:pt x="265" y="319"/><a:pt x="251" y="334"/></a:cubicBezTo><a:cubicBezTo><a:pt x="257" y="334"/><a:pt x="257" y="334"/><a:pt x="257" y="334"/></a:cubicBezTo><a:cubicBezTo><a:pt x="258" y="334"/><a:pt x="258" y="334"/><a:pt x="259" y="334"/></a:cubicBezTo><a:cubicBezTo><a:pt x="432" y="334"/><a:pt x="432" y="334"/><a:pt x="432" y="334"/></a:cubicBezTo><a:cubicBezTo><a:pt x="453" y="334"/><a:pt x="473" y="326"/><a:pt x="488" y="311"/></a:cubicBezTo><a:cubicBezTo><a:pt x="503" y="296"/><a:pt x="511" y="276"/><a:pt x="511" y="255"/></a:cubicBezTo><a:cubicBezTo><a:pt x="511" y="226"/><a:pt x="495" y="200"/><a:pt x="470" y="187"/></a:cubicBezTo><a:close/></a:path></a:pathLst></a:custGeom><a:solidFill><a:srgbClr val="ffffff"><a:alpha val="50000"/></a:srgbClr></a:solidFill><a:ln w="0"><a:noFill/></a:ln></p:spPr><p:style><a:lnRef idx="0"/><a:fillRef idx="0"/><a:effectRef idx="0"/><a:fontRef idx="minor"/></p:style><p:txBody><a:bodyPr anchor="t"><a:noAutofit/></a:bodyPr><a:p><a:pPr defTabSz="914400"><a:lnSpc><a:spcPct val="100000"/></a:lnSpc><a:tabLst><a:tab algn="l" pos="0"/></a:tabLst></a:pPr><a:endParaRPr b="0" lang="en-US" sz="1800" spc="-1" strike="noStrike"><a:solidFill><a:srgbClr val="000000"/></a:solidFill><a:latin typeface="OpenSymbol"/></a:endParaRPr></a:p></p:txBody></p:sp><p:sp><p:nvSpPr><p:cNvPr id="179" name="Google Shape;431;p16"></p:cNvPr><p:cNvSpPr/><p:nvPr/></p:nvSpPr><p:spPr><a:xfrm><a:off x="412560" y="1293480"/><a:ext cx="46800" cy="48960"/></a:xfrm><a:custGeom><a:avLst/><a:gdLst><a:gd name="textAreaLeft" fmla="*/ 0 w 46800"/><a:gd name="textAreaRight" fmla="*/ 47160 w 46800"/><a:gd name="textAreaTop" fmla="*/ 0 h 48960"/><a:gd name="textAreaBottom" fmla="*/ 49320 h 48960"/></a:gdLst><a:ahLst/><a:rect l="textAreaLeft" t="textAreaTop" r="textAreaRight" b="textAreaBottom"/><a:pathLst><a:path w="64" h="67"><a:moveTo><a:pt x="63" y="0"/></a:moveTo><a:cubicBezTo><a:pt x="0" y="0"/><a:pt x="0" y="0"/><a:pt x="0" y="0"/></a:cubicBezTo><a:cubicBezTo><a:pt x="0" y="35"/><a:pt x="0" y="35"/><a:pt x="0" y="35"/></a:cubicBezTo><a:cubicBezTo><a:pt x="0" y="52"/><a:pt x="14" y="67"/><a:pt x="32" y="67"/></a:cubicBezTo><a:cubicBezTo><a:pt x="57" y="67"/><a:pt x="57" y="67"/><a:pt x="57" y="67"/></a:cubicBezTo><a:cubicBezTo><a:pt x="61" y="67"/><a:pt x="64" y="63"/><a:pt x="64" y="59"/></a:cubicBezTo><a:cubicBezTo><a:pt x="64" y="0"/><a:pt x="64" y="0"/><a:pt x="64" y="0"/></a:cubicBezTo><a:cubicBezTo><a:pt x="64" y="0"/><a:pt x="64" y="0"/><a:pt x="63" y="0"/></a:cubicBezTo><a:close/></a:path></a:pathLst></a:custGeom><a:solidFill><a:srgbClr val="ffffff"><a:alpha val="50000"/></a:srgbClr></a:solidFill><a:ln w="0"><a:noFill/></a:ln></p:spPr><p:style><a:lnRef idx="0"/><a:fillRef idx="0"/><a:effectRef idx="0"/><a:fontRef idx="minor"/></p:style><p:txBody><a:bodyPr tIns="24480" bIns="24480" anchor="t"><a:noAutofit/></a:bodyPr><a:p><a:pPr defTabSz="914400"><a:lnSpc><a:spcPct val="100000"/></a:lnSpc><a:tabLst><a:tab algn="l" pos="0"/></a:tabLst></a:pPr><a:endParaRPr b="0" lang="en-US" sz="1800" spc="-1" strike="noStrike"><a:solidFill><a:srgbClr val="000000"/></a:solidFill><a:latin typeface="OpenSymbol"/></a:endParaRPr></a:p></p:txBody></p:sp><p:sp><p:nvSpPr><p:cNvPr id="180" name="Google Shape;432;p16"></p:cNvPr><p:cNvSpPr/><p:nvPr/></p:nvSpPr><p:spPr><a:xfrm><a:off x="352800" y="1218240"/><a:ext cx="142920" cy="51480"/></a:xfrm><a:custGeom><a:avLst/><a:gdLst><a:gd name="textAreaLeft" fmla="*/ 0 w 142920"/><a:gd name="textAreaRight" fmla="*/ 143280 w 142920"/><a:gd name="textAreaTop" fmla="*/ 0 h 51480"/><a:gd name="textAreaBottom" fmla="*/ 51840 h 51480"/></a:gdLst><a:ahLst/><a:rect l="textAreaLeft" t="textAreaTop" r="textAreaRight" b="textAreaBottom"/><a:pathLst><a:path w="195" h="70"><a:moveTo><a:pt x="195" y="19"/></a:moveTo><a:cubicBezTo><a:pt x="195" y="0"/><a:pt x="195" y="0"/><a:pt x="195" y="0"/></a:cubicBezTo><a:cubicBezTo><a:pt x="183" y="5"/><a:pt x="170" y="7"/><a:pt x="156" y="7"/></a:cubicBezTo><a:cubicBezTo><a:pt x="0" y="7"/><a:pt x="0" y="7"/><a:pt x="0" y="7"/></a:cubicBezTo><a:cubicBezTo><a:pt x="7" y="43"/><a:pt x="39" y="70"/><a:pt x="77" y="70"/></a:cubicBezTo><a:cubicBezTo><a:pt x="144" y="70"/><a:pt x="144" y="70"/><a:pt x="144" y="70"/></a:cubicBezTo><a:cubicBezTo><a:pt x="172" y="70"/><a:pt x="195" y="47"/><a:pt x="195" y="19"/></a:cubicBezTo><a:close/></a:path></a:pathLst></a:custGeom><a:solidFill><a:srgbClr val="ffffff"><a:alpha val="50000"/></a:srgbClr></a:solidFill><a:ln w="0"><a:noFill/></a:ln></p:spPr><p:style><a:lnRef idx="0"/><a:fillRef idx="0"/><a:effectRef idx="0"/><a:fontRef idx="minor"/></p:style><p:txBody><a:bodyPr tIns="25920" bIns="25920" anchor="t"><a:noAutofit/></a:bodyPr><a:p><a:pPr defTabSz="914400"><a:lnSpc><a:spcPct val="100000"/></a:lnSpc><a:tabLst><a:tab algn="l" pos="0"/></a:tabLst></a:pPr><a:endParaRPr b="0" lang="en-US" sz="1800" spc="-1" strike="noStrike"><a:solidFill><a:srgbClr val="000000"/></a:solidFill><a:latin typeface="OpenSymbol"/></a:endParaRPr></a:p></p:txBody></p:sp></p:grpSp></p:grpSp><p:sp><p:nvSpPr><p:cNvPr id="181" name="PlaceHolder 1"></p:cNvPr><p:cNvSpPr><a:spLocks noGrp="1"/></p:cNvSpPr><p:nvPr><p:ph type="title"/></p:nvPr></p:nvSpPr><p:spPr><a:xfrm><a:off x="713160" y="878760"/><a:ext cx="3983400" cy="1027440"/></a:xfrm><a:prstGeom prst="rect"><a:avLst/></a:prstGeom><a:noFill/><a:ln w="0"><a:noFill/></a:ln></p:spPr><p:txBody><a:bodyPr lIns="91440" rIns="91440" tIns="91440" bIns="91440" anchor="b"><a:noAutofit/></a:bodyPr><a:p><a:pPr indent="0"><a:buNone/></a:pPr><a:r><a:rPr b="0" lang="fr-FR" sz="3000" spc="-1" strike="noStrike"><a:solidFill><a:schemeClr val="dk1"></a:schemeClr></a:solidFill><a:latin typeface="Arial"/></a:rPr><a:t>Click to edit the title text format</a:t></a:r><a:endParaRPr b="0" lang="fr-FR" sz="3000" spc="-1" strike="noStrike"><a:solidFill><a:schemeClr val="dk1"></a:schemeClr></a:solidFill><a:latin typeface="Arial"/></a:endParaRPr></a:p></p:txBody></p:sp><p:sp><p:nvSpPr><p:cNvPr id="182" name="PlaceHolder 2"></p:cNvPr><p:cNvSpPr><a:spLocks noGrp="1"/></p:cNvSpPr><p:nvPr><p:ph type="body"/></p:nvPr></p:nvSpPr><p:spPr><a:xfrm><a:off x="5009760" y="0"/><a:ext cx="4133880" cy="5143320"/></a:xfrm><a:prstGeom prst="rect"><a:avLst/></a:prstGeom><a:noFill/><a:ln w="0"><a:noFill/></a:ln></p:spPr><p:txBody><a:bodyPr lIns="90000" rIns="90000" tIns="45000" bIns="45000" anchor="t"><a:normAutofit/></a:bodyPr><a:p><a:pPr marL="432000" indent="-324000"><a:spcBef><a:spcPts val="1417"/></a:spcBef><a:buClr><a:srgbClr val="ffffff"/></a:buClr><a:buSzPct val="45000"/><a:buFont typeface="Wingdings" charset="2"/><a:buChar char=""/></a:pPr><a:r><a:rPr b="0" lang="fr-FR" sz="1800" spc="-1" strike="noStrike"><a:solidFill><a:srgbClr val="000000"/></a:solidFill><a:latin typeface="Arial"/></a:rPr><a:t>Click to edit the outline text format</a:t></a:r><a:endParaRPr b="0" lang="fr-FR" sz="1800" spc="-1" strike="noStrike"><a:solidFill><a:srgbClr val="000000"/></a:solidFill><a:latin typeface="Arial"/></a:endParaRPr></a:p><a:p><a:pPr lvl="1" marL="864000" indent="-324000"><a:spcBef><a:spcPts val="1134"/></a:spcBef><a:buClr><a:srgbClr val="ffffff"/></a:buClr><a:buSzPct val="75000"/><a:buFont typeface="Symbol" charset="2"/><a:buChar char=""/></a:pPr><a:r><a:rPr b="0" lang="fr-FR" sz="1800" spc="-1" strike="noStrike"><a:solidFill><a:srgbClr val="000000"/></a:solidFill><a:latin typeface="Arial"/></a:rPr><a:t>Second Outline Level</a:t></a:r><a:endParaRPr b="0" lang="fr-FR" sz="1800" spc="-1" strike="noStrike"><a:solidFill><a:srgbClr val="000000"/></a:solidFill><a:latin typeface="Arial"/></a:endParaRPr></a:p><a:p><a:pPr lvl="2" marL="1296000" indent="-288000"><a:spcBef><a:spcPts val="850"/></a:spcBef><a:buClr><a:srgbClr val="ffffff"/></a:buClr><a:buSzPct val="45000"/><a:buFont typeface="Wingdings" charset="2"/><a:buChar char=""/></a:pPr><a:r><a:rPr b="0" lang="fr-FR" sz="1800" spc="-1" strike="noStrike"><a:solidFill><a:srgbClr val="000000"/></a:solidFill><a:latin typeface="Arial"/></a:rPr><a:t>Third Outline Level</a:t></a:r><a:endParaRPr b="0" lang="fr-FR" sz="1800" spc="-1" strike="noStrike"><a:solidFill><a:srgbClr val="000000"/></a:solidFill><a:latin typeface="Arial"/></a:endParaRPr></a:p><a:p><a:pPr lvl="3" marL="1728000" indent="-216000"><a:spcBef><a:spcPts val="567"/></a:spcBef><a:buClr><a:srgbClr val="ffffff"/></a:buClr><a:buSzPct val="75000"/><a:buFont typeface="Symbol" charset="2"/><a:buChar char=""/></a:pPr><a:r><a:rPr b="0" lang="fr-FR" sz="1800" spc="-1" strike="noStrike"><a:solidFill><a:srgbClr val="000000"/></a:solidFill><a:latin typeface="Arial"/></a:rPr><a:t>Fourth Outline Level</a:t></a:r><a:endParaRPr b="0" lang="fr-FR" sz="1800" spc="-1" strike="noStrike"><a:solidFill><a:srgbClr val="000000"/></a:solidFill><a:latin typeface="Arial"/></a:endParaRPr></a:p><a:p><a:pPr lvl="4" marL="2160000" indent="-216000"><a:spcBef><a:spcPts val="283"/></a:spcBef><a:buClr><a:srgbClr val="ffffff"/></a:buClr><a:buSzPct val="45000"/><a:buFont typeface="Wingdings" charset="2"/><a:buChar char=""/></a:pPr><a:r><a:rPr b="0" lang="fr-FR" sz="1800" spc="-1" strike="noStrike"><a:solidFill><a:srgbClr val="000000"/></a:solidFill><a:latin typeface="Arial"/></a:rPr><a:t>Fifth Outline Level</a:t></a:r><a:endParaRPr b="0" lang="fr-FR" sz="1800" spc="-1" strike="noStrike"><a:solidFill><a:srgbClr val="000000"/></a:solidFill><a:latin typeface="Arial"/></a:endParaRPr></a:p><a:p><a:pPr lvl="5" marL="2592000" indent="-216000"><a:spcBef><a:spcPts val="283"/></a:spcBef><a:buClr><a:srgbClr val="ffffff"/></a:buClr><a:buSzPct val="45000"/><a:buFont typeface="Wingdings" charset="2"/><a:buChar char=""/></a:pPr><a:r><a:rPr b="0" lang="fr-FR" sz="1800" spc="-1" strike="noStrike"><a:solidFill><a:srgbClr val="000000"/></a:solidFill><a:latin typeface="Arial"/></a:rPr><a:t>Sixth Outline Level</a:t></a:r><a:endParaRPr b="0" lang="fr-FR" sz="1800" spc="-1" strike="noStrike"><a:solidFill><a:srgbClr val="000000"/></a:solidFill><a:latin typeface="Arial"/></a:endParaRPr></a:p><a:p><a:pPr lvl="6" marL="3024000" indent="-216000"><a:spcBef><a:spcPts val="283"/></a:spcBef><a:buClr><a:srgbClr val="ffffff"/></a:buClr><a:buSzPct val="45000"/><a:buFont typeface="Wingdings" charset="2"/><a:buChar char=""/></a:pPr><a:r><a:rPr b="0" lang="fr-FR" sz="1800" spc="-1" strike="noStrike"><a:solidFill><a:srgbClr val="000000"/></a:solidFill><a:latin typeface="Arial"/></a:rPr><a:t>Seventh Outline Level</a:t></a:r><a:endParaRPr b="0" lang="fr-FR" sz="1800" spc="-1" strike="noStrike"><a:solidFill><a:srgbClr val="000000"/></a:solidFill><a:latin typeface="Arial"/></a:endParaRPr></a:p></p:txBody></p:sp></p:spTree></p:cSld><p:clrMap bg1="lt1" bg2="lt2" tx1="dk1" tx2="dk2" accent1="accent1" accent2="accent2" accent3="accent3" accent4="accent4" accent5="accent5" accent6="accent6" hlink="hlink" folHlink="folHlink"/><p:sldLayoutIdLst><p:sldLayoutId id="2147483661" r:id="rId6"/></p:sldLayoutIdLst></p:sldMaster>