<?xml version="1.0" encoding="UTF-8" standalone="yes"?>
<p:presentation xmlns:a="http://schemas.openxmlformats.org/drawingml/2006/main" xmlns:p="http://schemas.openxmlformats.org/presentationml/2006/main" xmlns:r="http://schemas.openxmlformats.org/officeDocument/2006/relationships" xmlns:p14="http://schemas.microsoft.com/office/powerpoint/2010/main" xmlns:p15="http://schemas.microsoft.com/office/powerpoint/2012/main" xmlns:mc="http://schemas.openxmlformats.org/markup-compatibility/2006"><p:sldMasterIdLst><p:sldMasterId id="2147483648" r:id="rId2"/><p:sldMasterId id="2147483650" r:id="rId3"/><p:sldMasterId id="2147483652" r:id="rId4"/><p:sldMasterId id="2147483654" r:id="rId5"/><p:sldMasterId id="2147483656" r:id="rId6"/><p:sldMasterId id="2147483658" r:id="rId7"/><p:sldMasterId id="2147483660" r:id="rId8"/><p:sldMasterId id="2147483662" r:id="rId9"/><p:sldMasterId id="2147483664" r:id="rId10"/><p:sldMasterId id="2147483666" r:id="rId11"/><p:sldMasterId id="2147483668" r:id="rId12"/><p:sldMasterId id="2147483670" r:id="rId13"/><p:sldMasterId id="2147483672" r:id="rId14"/><p:sldMasterId id="2147483674" r:id="rId15"/><p:sldMasterId id="2147483676" r:id="rId16"/><p:sldMasterId id="2147483678" r:id="rId17"/><p:sldMasterId id="2147483680" r:id="rId18"/><p:sldMasterId id="2147483682" r:id="rId19"/><p:sldMasterId id="2147483684" r:id="rId20"/><p:sldMasterId id="2147483686" r:id="rId21"/><p:sldMasterId id="2147483688" r:id="rId22"/><p:sldMasterId id="2147483690" r:id="rId23"/><p:sldMasterId id="2147483692" r:id="rId24"/><p:sldMasterId id="2147483694" r:id="rId25"/><p:sldMasterId id="2147483696" r:id="rId26"/><p:sldMasterId id="2147483698" r:id="rId27"/></p:sldMasterIdLst><p:sldIdLst><p:sldId id="256" r:id="rId28"/><p:sldId id="257" r:id="rId29"/><p:sldId id="258" r:id="rId30"/><p:sldId id="259" r:id="rId31"/><p:sldId id="260" r:id="rId32"/><p:sldId id="261" r:id="rId33"/><p:sldId id="262" r:id="rId34"/><p:sldId id="263" r:id="rId35"/><p:sldId id="264" r:id="rId36"/><p:sldId id="265" r:id="rId37"/><p:sldId id="266" r:id="rId38"/><p:sldId id="267" r:id="rId39"/></p:sldIdLst><p:sldSz cx="9144000" cy="5143500"/><p:notesSz cx="6858000" cy="9144000"/></p:presentation>