<?xml version="1.0" encoding="UTF-8" standalone="yes"?>
<a:theme xmlns:a="http://schemas.openxmlformats.org/drawingml/2006/main" xmlns:r="http://schemas.openxmlformats.org/officeDocument/2006/relationships" name="Slidesgo Final Pages"><a:themeElements><a:clrScheme name="Simple Light"><a:dk1><a:srgbClr val="0e2a47"/></a:dk1><a:lt1><a:srgbClr val="ffffff"/></a:lt1><a:dk2><a:srgbClr val="869fb2"/></a:dk2><a:lt2><a:srgbClr val="ffffff"/></a:lt2><a:accent1><a:srgbClr val="ffffff"/></a:accent1><a:accent2><a:srgbClr val="ffffff"/></a:accent2><a:accent3><a:srgbClr val="ffffff"/></a:accent3><a:accent4><a:srgbClr val="ffffff"/></a:accent4><a:accent5><a:srgbClr val="ffffff"/></a:accent5><a:accent6><a:srgbClr val="ffffff"/></a:accent6><a:hlink><a:srgbClr val="869fb2"/></a:hlink><a:folHlink><a:srgbClr val="0097a7"/></a:folHlink></a:clrScheme><a:fontScheme name="Office"><a:majorFont><a:latin typeface="Arial" pitchFamily="0" charset="1"/><a:ea typeface=""/><a:cs typeface=""/></a:majorFont><a:minorFont><a:latin typeface="Arial" pitchFamily="0" charset="1"/><a:ea typeface=""/><a:cs typeface=""/></a:minorFont></a:fontScheme><a:fmtScheme><a:fillStyleLst><a:solidFill><a:schemeClr val="phClr"></a:schemeClr></a:solidFill><a:gradFill><a:gsLst><a:gs pos="0"><a:schemeClr val="phClr"><a:tint val="50000"/></a:schemeClr></a:gs><a:gs pos="35000"><a:schemeClr val="phClr"><a:tint val="37000"/></a:schemeClr></a:gs><a:gs pos="100000"><a:schemeClr val="phClr"><a:tint val="15000"/></a:schemeClr></a:gs></a:gsLst><a:lin ang="16200000" scaled="1"/><a:tileRect l="0" t="0" r="0" b="0"/></a:gradFill><a:gradFill><a:gsLst><a:gs pos="0"><a:schemeClr val="phClr"><a:tint val="100000"/><a:shade val="100000"/></a:schemeClr></a:gs><a:gs pos="100000"><a:schemeClr val="phClr"><a:tint val="50000"/><a:shade val="100000"/></a:schemeClr></a:gs></a:gsLst><a:lin ang="16200000" scaled="0"/><a:tileRect l="0" t="0" r="0" b="0"/></a:gradFill></a:fillStyleLst><a:lnStyleLst><a:ln w="9525" cap="flat" cmpd="sng" algn="ctr"><a:prstDash val="solid"/></a:ln><a:ln w="25400" cap="flat" cmpd="sng" algn="ctr"><a:prstDash val="solid"/></a:ln><a:ln w="38100" cap="flat" cmpd="sng" algn="ctr"><a:prstDash val="solid"/></a:ln></a:lnStyleLst><a:effectStyleLst><a:effectStyle><a:effectLst/></a:effectStyle><a:effectStyle><a:effectLst/></a:effectStyle><a:effectStyle><a:effectLst/></a:effectStyle></a:effectStyleLst><a:bgFillStyleLst><a:solidFill><a:schemeClr val="phClr"></a:schemeClr></a:solidFill><a:gradFill><a:gsLst><a:gs pos="0"><a:schemeClr val="phClr"><a:tint val="40000"/></a:schemeClr></a:gs><a:gs pos="40000"><a:schemeClr val="phClr"><a:tint val="45000"/><a:shade val="99000"/></a:schemeClr></a:gs><a:gs pos="100000"><a:schemeClr val="phClr"><a:shade val="20000"/></a:schemeClr></a:gs></a:gsLst><a:path path="circle"><a:fillToRect l="50000" t="-80000" r="50000" b="180000"/></a:path><a:tileRect l="0" t="0" r="0" b="0"/></a:gradFill><a:gradFill><a:gsLst><a:gs pos="0"><a:schemeClr val="phClr"><a:tint val="80000"/></a:schemeClr></a:gs><a:gs pos="100000"><a:schemeClr val="phClr"><a:shade val="30000"/></a:schemeClr></a:gs></a:gsLst><a:path path="circle"><a:fillToRect l="50000" t="50000" r="50000" b="50000"/></a:path><a:tileRect l="0" t="0" r="0" b="0"/></a:gradFill></a:bgFillStyleLst></a:fmtScheme></a:themeElements></a:theme>