<?xml version="1.0" encoding="UTF-8" standalone="yes"?>
<p:sld xmlns:a="http://schemas.openxmlformats.org/drawingml/2006/main" xmlns:p="http://schemas.openxmlformats.org/presentationml/2006/main" xmlns:r="http://schemas.openxmlformats.org/officeDocument/2006/relationships" xmlns:p14="http://schemas.microsoft.com/office/powerpoint/2010/main" xmlns:p15="http://schemas.microsoft.com/office/powerpoint/2012/main" xmlns:mc="http://schemas.openxmlformats.org/markup-compatibility/2006"><p:cSld><p:spTree><p:nvGrpSpPr>        <p:cNvPr id="1" name=""/>        <p:cNvGrpSpPr/>        <p:nvPr/>      </p:nvGrpSpPr>      <p:grpSpPr>        <a:xfrm>          <a:off x="0" y="0"/>          <a:ext cx="0" cy="0"/>          <a:chOff x="0" y="0"/>          <a:chExt cx="0" cy="0"/>        </a:xfrm>      </p:grpSpPr><p:sp><p:nvSpPr><p:cNvPr id="756" name="PlaceHolder 1"></p:cNvPr><p:cNvSpPr><a:spLocks noGrp="1"/></p:cNvSpPr><p:nvPr><p:ph type="title"/></p:nvPr></p:nvSpPr><p:spPr><a:xfrm><a:off x="714240" y="876240"/><a:ext cx="3981240" cy="1028520"/></a:xfrm><a:prstGeom prst="rect"><a:avLst/></a:prstGeom><a:noFill/><a:ln w="0"><a:noFill/></a:ln></p:spPr><p:txBody><a:bodyPr lIns="91440" rIns="91440" tIns="91440" bIns="91440" anchor="b"><a:normAutofit/></a:bodyPr><a:p><a:pPr indent="0"><a:lnSpc><a:spcPct val="100000"/></a:lnSpc><a:buNone/><a:tabLst><a:tab algn="l" pos="0"/></a:tabLst></a:pPr><a:r><a:rPr b="1" lang="en" sz="3000" spc="-1" strike="noStrike"><a:solidFill><a:schemeClr val="dk1"></a:schemeClr></a:solidFill><a:latin typeface="Montserrat"/><a:ea typeface="Montserrat"/></a:rPr><a:t>Testing and migrations</a:t></a:r><a:endParaRPr b="0" lang="fr-FR" sz="3000" spc="-1" strike="noStrike"><a:solidFill><a:schemeClr val="dk1"></a:schemeClr></a:solidFill><a:latin typeface="Arial"/></a:endParaRPr></a:p></p:txBody></p:sp><p:sp><p:nvSpPr><p:cNvPr id="757" name="PlaceHolder 2"></p:cNvPr><p:cNvSpPr><a:spLocks noGrp="1"/></p:cNvSpPr><p:nvPr><p:ph type="subTitle"/></p:nvPr></p:nvSpPr><p:spPr><a:xfrm><a:off x="714240" y="1962000"/><a:ext cx="3981240" cy="2295000"/></a:xfrm><a:prstGeom prst="rect"><a:avLst/></a:prstGeom><a:noFill/><a:ln w="0"><a:noFill/></a:ln></p:spPr><p:txBody><a:bodyPr lIns="91440" rIns="91440" tIns="91440" bIns="91440" anchor="t"><a:normAutofit/></a:bodyPr><a:p><a:pPr indent="0"><a:lnSpc><a:spcPct val="100000"/></a:lnSpc><a:buNone/><a:tabLst><a:tab algn="l" pos="0"/></a:tabLst></a:pPr><a:r><a:rPr b="0" lang="en" sz="1200" spc="-1" strike="noStrike"><a:solidFill><a:schemeClr val="dk1"></a:schemeClr></a:solidFill><a:latin typeface="Actor"/><a:ea typeface="Actor"/></a:rPr><a:t>Testing is critical for ensuring functionality and reliability, with dedicated tests for different application components. The tests folder contains scripts that verify the correctness of authentication and AI functionalities. Additionally, migrations help in managing changes to the database schema over time, keeping track of updates and maintaining data integrity.</a:t></a:r><a:endParaRPr b="0" lang="en-US" sz="1200" spc="-1" strike="noStrike"><a:solidFill><a:srgbClr val="ffffff"/></a:solidFill><a:latin typeface="OpenSymbol"/></a:endParaRPr></a:p></p:txBody></p:sp><p:pic><p:nvPicPr><p:cNvPr id="758" name="Google Shape;846;p32" descr=""></p:cNvPr><p:cNvPicPr/><p:nvPr/></p:nvPicPr><p:blipFill><a:blip r:embed="rId1"></a:blip><a:srcRect l="0" t="15166" r="0" b="15166"/><a:stretch/></p:blipFill><p:spPr><a:xfrm><a:off x="5009760" y="0"/><a:ext cx="4133880" cy="5143320"/></a:xfrm><a:prstGeom prst="rect"><a:avLst/></a:prstGeom><a:ln w="0"><a:noFill/></a:ln></p:spPr></p:pic></p:spTree></p:cSld><mc:AlternateContent><mc:Choice Requires="p14"><p:transition spd="slow" p14:dur="2000"></p:transition></mc:Choice><mc:Fallback><p:transition spd="slow"></p:transition></mc:Fallback></mc:AlternateContent></p:sld>