<?xml version="1.0" encoding="UTF-8" standalone="yes"?>
<p:sld xmlns:a="http://schemas.openxmlformats.org/drawingml/2006/main" xmlns:p="http://schemas.openxmlformats.org/presentationml/2006/main" xmlns:r="http://schemas.openxmlformats.org/officeDocument/2006/relationships" xmlns:p14="http://schemas.microsoft.com/office/powerpoint/2010/main" xmlns:p15="http://schemas.microsoft.com/office/powerpoint/2012/main" xmlns:mc="http://schemas.openxmlformats.org/markup-compatibility/2006"><p:cSld><p:spTree><p:nvGrpSpPr>        <p:cNvPr id="1" name=""/>        <p:cNvGrpSpPr/>        <p:nvPr/>      </p:nvGrpSpPr>      <p:grpSpPr>        <a:xfrm>          <a:off x="0" y="0"/>          <a:ext cx="0" cy="0"/>          <a:chOff x="0" y="0"/>          <a:chExt cx="0" cy="0"/>        </a:xfrm>      </p:grpSpPr><p:sp><p:nvSpPr><p:cNvPr id="762" name="PlaceHolder 1"></p:cNvPr><p:cNvSpPr><a:spLocks noGrp="1"/></p:cNvSpPr><p:nvPr><p:ph type="title"/></p:nvPr></p:nvSpPr><p:spPr><a:xfrm><a:off x="2095560" y="542880"/><a:ext cx="5362200" cy="1056960"/></a:xfrm><a:prstGeom prst="rect"><a:avLst/></a:prstGeom><a:noFill/><a:ln w="0"><a:noFill/></a:ln></p:spPr><p:txBody><a:bodyPr lIns="91440" rIns="91440" tIns="91440" bIns="91440" anchor="b"><a:normAutofit/></a:bodyPr><a:p><a:pPr indent="0"><a:lnSpc><a:spcPct val="100000"/></a:lnSpc><a:buNone/><a:tabLst><a:tab algn="l" pos="0"/></a:tabLst></a:pPr><a:r><a:rPr b="1" lang="en" sz="5500" spc="-1" strike="noStrike"><a:solidFill><a:schemeClr val="dk1"></a:schemeClr></a:solidFill><a:latin typeface="Montserrat"/><a:ea typeface="Montserrat"/></a:rPr><a:t>Thank you!</a:t></a:r><a:endParaRPr b="0" lang="fr-FR" sz="5500" spc="-1" strike="noStrike"><a:solidFill><a:schemeClr val="dk1"></a:schemeClr></a:solidFill><a:latin typeface="Arial"/></a:endParaRPr></a:p></p:txBody></p:sp><p:sp><p:nvSpPr><p:cNvPr id="763" name="PlaceHolder 2"></p:cNvPr><p:cNvSpPr><a:spLocks noGrp="1"/></p:cNvSpPr><p:nvPr><p:ph type="subTitle"/></p:nvPr></p:nvSpPr><p:spPr><a:xfrm><a:off x="2095560" y="1590840"/><a:ext cx="3838320" cy="1056960"/></a:xfrm><a:prstGeom prst="rect"><a:avLst/></a:prstGeom><a:noFill/><a:ln w="0"><a:noFill/></a:ln></p:spPr><p:txBody><a:bodyPr lIns="91440" rIns="91440" tIns="91440" bIns="91440" anchor="t"><a:normAutofit/></a:bodyPr><a:p><a:pPr indent="0"><a:lnSpc><a:spcPct val="100000"/></a:lnSpc><a:buNone/><a:tabLst><a:tab algn="l" pos="0"/></a:tabLst></a:pPr><a:r><a:rPr b="1" lang="en" sz="1600" spc="-1" strike="noStrike"><a:solidFill><a:schemeClr val="dk1"></a:schemeClr></a:solidFill><a:latin typeface="Actor"/><a:ea typeface="Actor"/></a:rPr><a:t>Do you have any questions?</a:t></a:r><a:endParaRPr b="0" lang="en-US" sz="1600" spc="-1" strike="noStrike"><a:solidFill><a:srgbClr val="ffffff"/></a:solidFill><a:latin typeface="OpenSymbol"/></a:endParaRPr></a:p></p:txBody></p:sp><p:sp><p:nvSpPr><p:cNvPr id="764" name="Google Shape;1346;p48"></p:cNvPr><p:cNvSpPr/><p:nvPr/></p:nvSpPr><p:spPr><a:xfrm><a:off x="2095560" y="4343400"/><a:ext cx="3838320" cy="256680"/></a:xfrm><a:prstGeom prst="rect"><a:avLst></a:avLst></a:prstGeom><a:noFill/><a:ln w="0"><a:noFill/></a:ln></p:spPr><p:style><a:lnRef idx="0"/><a:fillRef idx="0"/><a:effectRef idx="0"/><a:fontRef idx="minor"/></p:style><p:txBody><a:bodyPr lIns="870823080" rIns="870823080" tIns="128520" bIns="128520" anchor="t"><a:normAutofit/></a:bodyPr><a:p><a:pPr defTabSz="914400"><a:lnSpc><a:spcPct val="100000"/></a:lnSpc><a:tabLst><a:tab algn="l" pos="0"/></a:tabLst></a:pPr><a:r><a:rPr b="1" lang="en" sz="1000" spc="-1" strike="noStrike"><a:solidFill><a:schemeClr val="dk1"></a:schemeClr></a:solidFill><a:latin typeface="Arial"/></a:rPr><a:t>+91 620 421 838</a:t></a:r><a:endParaRPr b="0" lang="en-US" sz="1000" spc="-1" strike="noStrike"><a:solidFill><a:srgbClr val="ffffff"/></a:solidFill><a:latin typeface="OpenSymbol"/></a:endParaRPr></a:p></p:txBody></p:sp><p:grpSp><p:nvGrpSpPr><p:cNvPr id="765" name="Google Shape;1347;p48"></p:cNvPr><p:cNvGrpSpPr/><p:nvPr/></p:nvGrpSpPr><p:grpSpPr><a:xfrm><a:off x="2194200" y="3062880"/><a:ext cx="387360" cy="387360"/><a:chOff x="2194200" y="3062880"/><a:chExt cx="387360" cy="387360"/></a:xfrm></p:grpSpPr><p:sp><p:nvSpPr><p:cNvPr id="766" name="Google Shape;1348;p48"></p:cNvPr><p:cNvSpPr/><p:nvPr/></p:nvSpPr><p:spPr><a:xfrm><a:off x="2377440" y="3130920"/><a:ext cx="132480" cy="319320"/></a:xfrm><a:custGeom><a:avLst/><a:gdLst><a:gd name="textAreaLeft" fmla="*/ 0 w 132480"/><a:gd name="textAreaRight" fmla="*/ 132840 w 132480"/><a:gd name="textAreaTop" fmla="*/ 0 h 319320"/><a:gd name="textAreaBottom" fmla="*/ 319680 h 319320"/></a:gdLst><a:ahLst/><a:rect l="textAreaLeft" t="textAreaTop" r="textAreaRight" b="textAreaBottom"/><a:pathLst><a:path w="6527" h="15727"><a:moveTo><a:pt x="4957" y="1"/></a:moveTo><a:cubicBezTo><a:pt x="4645" y="1"/><a:pt x="4336" y="24"/><a:pt x="4028" y="69"/></a:cubicBezTo><a:cubicBezTo><a:pt x="2588" y="280"/><a:pt x="1700" y="890"/><a:pt x="1675" y="2250"/></a:cubicBezTo><a:lnTo><a:pt x="1675" y="5040"/></a:lnTo><a:cubicBezTo><a:pt x="1675" y="5348"/><a:pt x="1426" y="5599"/><a:pt x="1118" y="5599"/></a:cubicBezTo><a:lnTo><a:pt x="0" y="5599"/></a:lnTo><a:lnTo><a:pt x="0" y="6715"/></a:lnTo><a:lnTo><a:pt x="1118" y="6715"/></a:lnTo><a:cubicBezTo><a:pt x="1426" y="6715"/><a:pt x="1675" y="6965"/><a:pt x="1675" y="7274"/></a:cubicBezTo><a:lnTo><a:pt x="1675" y="15727"/></a:lnTo><a:lnTo><a:pt x="3352" y="15727"/></a:lnTo><a:lnTo><a:pt x="3352" y="7274"/></a:lnTo><a:cubicBezTo><a:pt x="3352" y="6965"/><a:pt x="3602" y="6715"/><a:pt x="3910" y="6715"/></a:cubicBezTo><a:lnTo><a:pt x="5709" y="6715"/></a:lnTo><a:lnTo><a:pt x="5987" y="5599"/></a:lnTo><a:lnTo><a:pt x="3910" y="5599"/></a:lnTo><a:cubicBezTo><a:pt x="3602" y="5599"/><a:pt x="3352" y="5348"/><a:pt x="3352" y="5040"/></a:cubicBezTo><a:lnTo><a:pt x="3352" y="3253"/></a:lnTo><a:cubicBezTo><a:pt x="3352" y="2316"/><a:pt x="3942" y="1677"/><a:pt x="4968" y="1504"/></a:cubicBezTo><a:cubicBezTo><a:pt x="5157" y="1473"/><a:pt x="5339" y="1460"/><a:pt x="5511" y="1460"/></a:cubicBezTo><a:cubicBezTo><a:pt x="5810" y="1460"/><a:pt x="6082" y="1498"/><a:pt x="6324" y="1546"/></a:cubicBezTo><a:lnTo><a:pt x="6526" y="182"/></a:lnTo><a:cubicBezTo><a:pt x="5988" y="62"/><a:pt x="5468" y="1"/><a:pt x="4957" y="1"/></a:cubicBezTo><a:close/></a:path></a:pathLst></a:custGeom><a:solidFill><a:schemeClr val="lt1"/></a:solidFill><a:ln w="0"><a:noFill/></a:ln></p:spPr><p:style><a:lnRef idx="0"/><a:fillRef idx="0"/><a:effectRef idx="0"/><a:fontRef idx="minor"/></p:style><p:txBody><a:bodyPr tIns="91440" bIns="91440" anchor="ctr"><a:noAutofit/></a:bodyPr><a:p><a:pPr defTabSz="914400"><a:lnSpc><a:spcPct val="100000"/></a:lnSpc><a:tabLst><a:tab algn="l" pos="0"/></a:tabLst></a:pPr><a:endParaRPr b="0" lang="en-US" sz="1800" spc="-1" strike="noStrike"><a:solidFill><a:srgbClr val="000000"/></a:solidFill><a:latin typeface="OpenSymbol"/></a:endParaRPr></a:p></p:txBody></p:sp><p:sp><p:nvSpPr><p:cNvPr id="767" name="Google Shape;1349;p48"></p:cNvPr><p:cNvSpPr/><p:nvPr/></p:nvSpPr><p:spPr><a:xfrm><a:off x="2194200" y="3062880"/><a:ext cx="387360" cy="387360"/></a:xfrm><a:custGeom><a:avLst/><a:gdLst><a:gd name="textAreaLeft" fmla="*/ 0 w 387360"/><a:gd name="textAreaRight" fmla="*/ 387720 w 387360"/><a:gd name="textAreaTop" fmla="*/ 0 h 387360"/><a:gd name="textAreaBottom" fmla="*/ 387720 h 387360"/></a:gdLst><a:ahLst/><a:rect l="textAreaLeft" t="textAreaTop" r="textAreaRight" b="textAreaBottom"/><a:pathLst><a:path w="19066" h="19065"><a:moveTo><a:pt x="2794" y="0"/></a:moveTo><a:cubicBezTo><a:pt x="1255" y="0"/><a:pt x="1" y="1253"/><a:pt x="1" y="2793"/></a:cubicBezTo><a:lnTo><a:pt x="1" y="16271"/></a:lnTo><a:cubicBezTo><a:pt x="1" y="17812"/><a:pt x="1255" y="19065"/><a:pt x="2794" y="19065"/></a:cubicBezTo><a:lnTo><a:pt x="9571" y="19065"/></a:lnTo><a:lnTo><a:pt x="9571" y="11171"/></a:lnTo><a:lnTo><a:pt x="8453" y="11171"/></a:lnTo><a:cubicBezTo><a:pt x="8145" y="11171"/><a:pt x="7896" y="10920"/><a:pt x="7896" y="10612"/></a:cubicBezTo><a:lnTo><a:pt x="7896" y="8378"/></a:lnTo><a:cubicBezTo><a:pt x="7896" y="8070"/><a:pt x="8145" y="7819"/><a:pt x="8453" y="7819"/></a:cubicBezTo><a:lnTo><a:pt x="9571" y="7819"/></a:lnTo><a:lnTo><a:pt x="9571" y="5836"/></a:lnTo><a:cubicBezTo><a:pt x="9571" y="3710"/><a:pt x="10741" y="2615"/><a:pt x="12878" y="2302"/></a:cubicBezTo><a:cubicBezTo><a:pt x="13231" y="2249"/><a:pt x="13591" y="2223"/><a:pt x="13956" y="2223"/></a:cubicBezTo><a:cubicBezTo><a:pt x="14725" y="2223"/><a:pt x="15517" y="2339"/><a:pt x="16318" y="2567"/></a:cubicBezTo><a:cubicBezTo><a:pt x="16589" y="2643"/><a:pt x="16759" y="2908"/><a:pt x="16718" y="3186"/></a:cubicBezTo><a:lnTo><a:pt x="16352" y="5650"/></a:lnTo><a:cubicBezTo><a:pt x="16329" y="5806"/><a:pt x="16240" y="5944"/><a:pt x="16111" y="6031"/></a:cubicBezTo><a:cubicBezTo><a:pt x="16006" y="6102"/><a:pt x="15912" y="6127"/><a:pt x="15818" y="6127"/></a:cubicBezTo><a:cubicBezTo><a:pt x="15717" y="6127"/><a:pt x="15614" y="6098"/><a:pt x="15494" y="6068"/></a:cubicBezTo><a:cubicBezTo><a:pt x="15202" y="5995"/><a:pt x="14879" y="5914"/><a:pt x="14527" y="5914"/></a:cubicBezTo><a:cubicBezTo><a:pt x="14409" y="5914"/><a:pt x="14289" y="5923"/><a:pt x="14165" y="5944"/></a:cubicBezTo><a:cubicBezTo><a:pt x="13534" y="6050"/><a:pt x="13481" y="6333"/><a:pt x="13481" y="6590"/></a:cubicBezTo><a:lnTo><a:pt x="13481" y="7819"/></a:lnTo><a:lnTo><a:pt x="15715" y="7819"/></a:lnTo><a:cubicBezTo><a:pt x="15887" y="7819"/><a:pt x="16048" y="7899"/><a:pt x="16154" y="8035"/></a:cubicBezTo><a:cubicBezTo><a:pt x="16260" y="8169"/><a:pt x="16297" y="8346"/><a:pt x="16256" y="8513"/></a:cubicBezTo><a:lnTo><a:pt x="15697" y="10747"/></a:lnTo><a:cubicBezTo><a:pt x="15635" y="10996"/><a:pt x="15412" y="11170"/><a:pt x="15156" y="11170"/></a:cubicBezTo><a:lnTo><a:pt x="13481" y="11170"/></a:lnTo><a:lnTo><a:pt x="13481" y="19065"/></a:lnTo><a:lnTo><a:pt x="16272" y="19065"/></a:lnTo><a:cubicBezTo><a:pt x="17813" y="19065"/><a:pt x="19066" y="17810"/><a:pt x="19066" y="16271"/></a:cubicBezTo><a:lnTo><a:pt x="19066" y="2793"/></a:lnTo><a:cubicBezTo><a:pt x="19066" y="1253"/><a:pt x="17813" y="0"/><a:pt x="16274" y="0"/></a:cubicBezTo><a:close/></a:path></a:pathLst></a:custGeom><a:solidFill><a:schemeClr val="lt1"/></a:solidFill><a:ln w="0"><a:noFill/></a:ln></p:spPr><p:style><a:lnRef idx="0"/><a:fillRef idx="0"/><a:effectRef idx="0"/><a:fontRef idx="minor"/></p:style><p:txBody><a:bodyPr tIns="91440" bIns="91440" anchor="ctr"><a:noAutofit/></a:bodyPr><a:p><a:pPr defTabSz="914400"><a:lnSpc><a:spcPct val="100000"/></a:lnSpc><a:tabLst><a:tab algn="l" pos="0"/></a:tabLst></a:pPr><a:endParaRPr b="0" lang="en-US" sz="1800" spc="-1" strike="noStrike"><a:solidFill><a:srgbClr val="000000"/></a:solidFill><a:latin typeface="OpenSymbol"/></a:endParaRPr></a:p></p:txBody></p:sp></p:grpSp><p:grpSp><p:nvGrpSpPr><p:cNvPr id="768" name="Google Shape;1350;p48"></p:cNvPr><p:cNvGrpSpPr/><p:nvPr/></p:nvGrpSpPr><p:grpSpPr><a:xfrm><a:off x="3252960" y="3062520"/><a:ext cx="387360" cy="387360"/><a:chOff x="3252960" y="3062520"/><a:chExt cx="387360" cy="387360"/></a:xfrm></p:grpSpPr><p:sp><p:nvSpPr><p:cNvPr id="769" name="Google Shape;1351;p48"></p:cNvPr><p:cNvSpPr/><p:nvPr/></p:nvSpPr><p:spPr><a:xfrm><a:off x="3333240" y="3131640"/><a:ext cx="22320" cy="22320"/></a:xfrm><a:custGeom><a:avLst/><a:gdLst><a:gd name="textAreaLeft" fmla="*/ 0 w 22320"/><a:gd name="textAreaRight" fmla="*/ 22680 w 22320"/><a:gd name="textAreaTop" fmla="*/ 0 h 22320"/><a:gd name="textAreaBottom" fmla="*/ 22680 h 22320"/></a:gdLst><a:ahLst/><a:rect l="textAreaLeft" t="textAreaTop" r="textAreaRight" b="textAreaBottom"/><a:pathLst><a:path w="1119" h="1117"><a:moveTo><a:pt x="559" y="1"/></a:moveTo><a:cubicBezTo><a:pt x="251" y="1"/><a:pt x="0" y="250"/><a:pt x="0" y="558"/></a:cubicBezTo><a:cubicBezTo><a:pt x="0" y="866"/><a:pt x="251" y="1117"/><a:pt x="559" y="1117"/></a:cubicBezTo><a:cubicBezTo><a:pt x="867" y="1117"/><a:pt x="1118" y="866"/><a:pt x="1118" y="558"/></a:cubicBezTo><a:cubicBezTo><a:pt x="1118" y="250"/><a:pt x="867" y="1"/><a:pt x="559" y="1"/></a:cubicBezTo><a:close/></a:path></a:pathLst></a:custGeom><a:solidFill><a:schemeClr val="lt1"/></a:solidFill><a:ln w="0"><a:noFill/></a:ln></p:spPr><p:style><a:lnRef idx="0"/><a:fillRef idx="0"/><a:effectRef idx="0"/><a:fontRef idx="minor"/></p:style><p:txBody><a:bodyPr tIns="11160" bIns="11160" anchor="ctr"><a:noAutofit/></a:bodyPr><a:p><a:pPr defTabSz="914400"><a:lnSpc><a:spcPct val="100000"/></a:lnSpc><a:tabLst><a:tab algn="l" pos="0"/></a:tabLst></a:pPr><a:endParaRPr b="0" lang="en-US" sz="1800" spc="-1" strike="noStrike"><a:solidFill><a:srgbClr val="000000"/></a:solidFill><a:latin typeface="OpenSymbol"/></a:endParaRPr></a:p></p:txBody></p:sp><p:sp><p:nvSpPr><p:cNvPr id="770" name="Google Shape;1352;p48"></p:cNvPr><p:cNvSpPr/><p:nvPr/></p:nvSpPr><p:spPr><a:xfrm><a:off x="3252960" y="3062520"/><a:ext cx="387360" cy="387360"/></a:xfrm><a:custGeom><a:avLst/><a:gdLst><a:gd name="textAreaLeft" fmla="*/ 0 w 387360"/><a:gd name="textAreaRight" fmla="*/ 387720 w 387360"/><a:gd name="textAreaTop" fmla="*/ 0 h 387360"/><a:gd name="textAreaBottom" fmla="*/ 387720 h 387360"/></a:gdLst><a:ahLst/><a:rect l="textAreaLeft" t="textAreaTop" r="textAreaRight" b="textAreaBottom"/><a:pathLst><a:path w="19065" h="19065"><a:moveTo><a:pt x="4506" y="2271"/></a:moveTo><a:cubicBezTo><a:pt x="5429" y="2271"/><a:pt x="6181" y="3023"/><a:pt x="6181" y="3947"/></a:cubicBezTo><a:cubicBezTo><a:pt x="6181" y="4872"/><a:pt x="5429" y="5622"/><a:pt x="4506" y="5622"/></a:cubicBezTo><a:cubicBezTo><a:pt x="3583" y="5622"/><a:pt x="2831" y="4872"/><a:pt x="2831" y="3947"/></a:cubicBezTo><a:cubicBezTo><a:pt x="2831" y="3023"/><a:pt x="3583" y="2271"/><a:pt x="4506" y="2271"/></a:cubicBezTo><a:close/><a:moveTo><a:pt x="5622" y="6740"/></a:moveTo><a:cubicBezTo><a:pt x="5932" y="6740"/><a:pt x="6181" y="6989"/><a:pt x="6181" y="7299"/></a:cubicBezTo><a:lnTo><a:pt x="6181" y="16234"/></a:lnTo><a:cubicBezTo><a:pt x="6181" y="16544"/><a:pt x="5932" y="16793"/><a:pt x="5622" y="16793"/></a:cubicBezTo><a:lnTo><a:pt x="3388" y="16793"/></a:lnTo><a:cubicBezTo><a:pt x="3080" y="16793"/><a:pt x="2831" y="16544"/><a:pt x="2831" y="16234"/></a:cubicBezTo><a:lnTo><a:pt x="2831" y="7299"/></a:lnTo><a:cubicBezTo><a:pt x="2831" y="6989"/><a:pt x="3080" y="6740"/><a:pt x="3388" y="6740"/></a:cubicBezTo><a:close/><a:moveTo><a:pt x="12596" y="6721"/></a:moveTo><a:cubicBezTo><a:pt x="12811" y="6721"/><a:pt x="13027" y="6739"/><a:pt x="13241" y="6774"/></a:cubicBezTo><a:cubicBezTo><a:pt x="15058" y="7069"/><a:pt x="16235" y="8557"/><a:pt x="16235" y="10223"/></a:cubicBezTo><a:lnTo><a:pt x="16235" y="16234"/></a:lnTo><a:cubicBezTo><a:pt x="16235" y="16544"/><a:pt x="15985" y="16793"/><a:pt x="15676" y="16793"/></a:cubicBezTo><a:lnTo><a:pt x="13441" y="16793"/></a:lnTo><a:cubicBezTo><a:pt x="13133" y="16793"/><a:pt x="12884" y="16544"/><a:pt x="12884" y="16234"/></a:cubicBezTo><a:lnTo><a:pt x="12884" y="11209"/></a:lnTo><a:cubicBezTo><a:pt x="12884" y="10593"/><a:pt x="12382" y="10091"/><a:pt x="11766" y="10091"/></a:cubicBezTo><a:cubicBezTo><a:pt x="11150" y="10091"/><a:pt x="10650" y="10593"/><a:pt x="10650" y="11209"/></a:cubicBezTo><a:lnTo><a:pt x="10650" y="16234"/></a:lnTo><a:cubicBezTo><a:pt x="10650" y="16544"/><a:pt x="10399" y="16793"/><a:pt x="10091" y="16793"/></a:cubicBezTo><a:lnTo><a:pt x="7857" y="16793"/></a:lnTo><a:cubicBezTo><a:pt x="7547" y="16793"/><a:pt x="7298" y="16544"/><a:pt x="7298" y="16234"/></a:cubicBezTo><a:lnTo><a:pt x="7298" y="7299"/></a:lnTo><a:cubicBezTo><a:pt x="7298" y="6989"/><a:pt x="7547" y="6740"/><a:pt x="7857" y="6740"/></a:cubicBezTo><a:lnTo><a:pt x="10091" y="6740"/></a:lnTo><a:cubicBezTo><a:pt x="10377" y="6740"/><a:pt x="10613" y="6956"/><a:pt x="10644" y="7234"/></a:cubicBezTo><a:cubicBezTo><a:pt x="11219" y="6901"/><a:pt x="11901" y="6721"/><a:pt x="12596" y="6721"/></a:cubicBezTo><a:close/><a:moveTo><a:pt x="2831" y="0"/></a:moveTo><a:cubicBezTo><a:pt x="1290" y="0"/><a:pt x="0" y="1290"/><a:pt x="0" y="2831"/></a:cubicBezTo><a:lnTo><a:pt x="0" y="16234"/></a:lnTo><a:cubicBezTo><a:pt x="0" y="17775"/><a:pt x="1290" y="19065"/><a:pt x="2831" y="19065"/></a:cubicBezTo><a:lnTo><a:pt x="16235" y="19065"/></a:lnTo><a:cubicBezTo><a:pt x="17774" y="19065"/><a:pt x="19065" y="17775"/><a:pt x="19065" y="16234"/></a:cubicBezTo><a:lnTo><a:pt x="19065" y="2831"/></a:lnTo><a:cubicBezTo><a:pt x="19065" y="1290"/><a:pt x="17774" y="0"/><a:pt x="16235" y="0"/></a:cubicBezTo><a:close/></a:path></a:pathLst></a:custGeom><a:solidFill><a:schemeClr val="lt1"/></a:solidFill><a:ln w="0"><a:noFill/></a:ln></p:spPr><p:style><a:lnRef idx="0"/><a:fillRef idx="0"/><a:effectRef idx="0"/><a:fontRef idx="minor"/></p:style><p:txBody><a:bodyPr tIns="91440" bIns="91440" anchor="ctr"><a:noAutofit/></a:bodyPr><a:p><a:pPr defTabSz="914400"><a:lnSpc><a:spcPct val="100000"/></a:lnSpc><a:tabLst><a:tab algn="l" pos="0"/></a:tabLst></a:pPr><a:endParaRPr b="0" lang="en-US" sz="1800" spc="-1" strike="noStrike"><a:solidFill><a:srgbClr val="000000"/></a:solidFill><a:latin typeface="OpenSymbol"/></a:endParaRPr></a:p></p:txBody></p:sp><p:sp><p:nvSpPr><p:cNvPr id="771" name="Google Shape;1353;p48"></p:cNvPr><p:cNvSpPr/><p:nvPr/></p:nvSpPr><p:spPr><a:xfrm><a:off x="3423960" y="3222000"/><a:ext cx="136080" cy="159120"/></a:xfrm><a:custGeom><a:avLst/><a:gdLst><a:gd name="textAreaLeft" fmla="*/ 0 w 136080"/><a:gd name="textAreaRight" fmla="*/ 136440 w 136080"/><a:gd name="textAreaTop" fmla="*/ 0 h 159120"/><a:gd name="textAreaBottom" fmla="*/ 159480 h 159120"/></a:gdLst><a:ahLst/><a:rect l="textAreaLeft" t="textAreaTop" r="textAreaRight" b="textAreaBottom"/><a:pathLst><a:path w="6704" h="7837"><a:moveTo><a:pt x="4182" y="0"/></a:moveTo><a:cubicBezTo><a:pt x="3474" y="0"/><a:pt x="2782" y="261"/><a:pt x="2332" y="711"/></a:cubicBezTo><a:cubicBezTo><a:pt x="2108" y="935"/><a:pt x="1938" y="1142"/><a:pt x="1686" y="1142"/></a:cubicBezTo><a:cubicBezTo><a:pt x="1618" y="1142"/><a:pt x="1544" y="1127"/><a:pt x="1462" y="1093"/></a:cubicBezTo><a:cubicBezTo><a:pt x="1253" y="1006"/><a:pt x="1117" y="803"/><a:pt x="1117" y="576"/></a:cubicBezTo><a:lnTo><a:pt x="1117" y="17"/></a:lnTo><a:lnTo><a:pt x="1" y="17"/></a:lnTo><a:lnTo><a:pt x="1" y="7836"/></a:lnTo><a:lnTo><a:pt x="1117" y="7836"/></a:lnTo><a:lnTo><a:pt x="1117" y="3370"/></a:lnTo><a:cubicBezTo><a:pt x="1117" y="2137"/><a:pt x="2120" y="1135"/><a:pt x="3351" y="1135"/></a:cubicBezTo><a:cubicBezTo><a:pt x="4584" y="1135"/><a:pt x="5585" y="2137"/><a:pt x="5585" y="3370"/></a:cubicBezTo><a:lnTo><a:pt x="5585" y="7836"/></a:lnTo><a:lnTo><a:pt x="6703" y="7836"/></a:lnTo><a:lnTo><a:pt x="6703" y="2384"/></a:lnTo><a:cubicBezTo><a:pt x="6703" y="1266"/><a:pt x="5932" y="245"/><a:pt x="4648" y="38"/></a:cubicBezTo><a:cubicBezTo><a:pt x="4493" y="13"/><a:pt x="4337" y="0"/><a:pt x="4182" y="0"/></a:cubicBezTo><a:close/></a:path></a:pathLst></a:custGeom><a:solidFill><a:schemeClr val="lt1"/></a:solidFill><a:ln w="0"><a:noFill/></a:ln></p:spPr><p:style><a:lnRef idx="0"/><a:fillRef idx="0"/><a:effectRef idx="0"/><a:fontRef idx="minor"/></p:style><p:txBody><a:bodyPr tIns="79560" bIns="79560" anchor="ctr"><a:noAutofit/></a:bodyPr><a:p><a:pPr defTabSz="914400"><a:lnSpc><a:spcPct val="100000"/></a:lnSpc><a:tabLst><a:tab algn="l" pos="0"/></a:tabLst></a:pPr><a:endParaRPr b="0" lang="en-US" sz="1800" spc="-1" strike="noStrike"><a:solidFill><a:srgbClr val="000000"/></a:solidFill><a:latin typeface="OpenSymbol"/></a:endParaRPr></a:p></p:txBody></p:sp><p:sp><p:nvSpPr><p:cNvPr id="772" name="Google Shape;1354;p48"></p:cNvPr><p:cNvSpPr/><p:nvPr/></p:nvSpPr><p:spPr><a:xfrm><a:off x="3333240" y="3222360"/><a:ext cx="22320" cy="158760"/></a:xfrm><a:custGeom><a:avLst/><a:gdLst><a:gd name="textAreaLeft" fmla="*/ 0 w 22320"/><a:gd name="textAreaRight" fmla="*/ 22680 w 22320"/><a:gd name="textAreaTop" fmla="*/ 0 h 158760"/><a:gd name="textAreaBottom" fmla="*/ 159120 h 158760"/></a:gdLst><a:ahLst/><a:rect l="textAreaLeft" t="textAreaTop" r="textAreaRight" b="textAreaBottom"/><a:pathLst><a:path w="1119" h="7820"><a:moveTo><a:pt x="0" y="0"/></a:moveTo><a:lnTo><a:pt x="0" y="7819"/></a:lnTo><a:lnTo><a:pt x="1118" y="7819"/></a:lnTo><a:lnTo><a:pt x="1118" y="0"/></a:lnTo><a:close/></a:path></a:pathLst></a:custGeom><a:solidFill><a:schemeClr val="lt1"/></a:solidFill><a:ln w="0"><a:noFill/></a:ln></p:spPr><p:style><a:lnRef idx="0"/><a:fillRef idx="0"/><a:effectRef idx="0"/><a:fontRef idx="minor"/></p:style><p:txBody><a:bodyPr tIns="79560" bIns="79560" anchor="ctr"><a:noAutofit/></a:bodyPr><a:p><a:pPr defTabSz="914400"><a:lnSpc><a:spcPct val="100000"/></a:lnSpc><a:tabLst><a:tab algn="l" pos="0"/></a:tabLst></a:pPr><a:endParaRPr b="0" lang="en-US" sz="1800" spc="-1" strike="noStrike"><a:solidFill><a:srgbClr val="000000"/></a:solidFill><a:latin typeface="OpenSymbol"/></a:endParaRPr></a:p></p:txBody></p:sp></p:grpSp><p:grpSp><p:nvGrpSpPr><p:cNvPr id="773" name="Google Shape;1355;p48"></p:cNvPr><p:cNvGrpSpPr/><p:nvPr/></p:nvGrpSpPr><p:grpSpPr><a:xfrm><a:off x="2721960" y="3062520"/><a:ext cx="387360" cy="387360"/><a:chOff x="2721960" y="3062520"/><a:chExt cx="387360" cy="387360"/></a:xfrm></p:grpSpPr><p:sp><p:nvSpPr><p:cNvPr id="774" name="Google Shape;1356;p48"></p:cNvPr><p:cNvSpPr/><p:nvPr/></p:nvSpPr><p:spPr><a:xfrm><a:off x="2790720" y="3131640"/><a:ext cx="249480" cy="249480"/></a:xfrm><a:custGeom><a:avLst/><a:gdLst><a:gd name="textAreaLeft" fmla="*/ 0 w 249480"/><a:gd name="textAreaRight" fmla="*/ 249840 w 249480"/><a:gd name="textAreaTop" fmla="*/ 0 h 249480"/><a:gd name="textAreaBottom" fmla="*/ 249840 h 249480"/></a:gdLst><a:ahLst/><a:rect l="textAreaLeft" t="textAreaTop" r="textAreaRight" b="textAreaBottom"/><a:pathLst><a:path w="12288" h="12287"><a:moveTo><a:pt x="10053" y="1117"/></a:moveTo><a:cubicBezTo><a:pt x="10669" y="1117"/><a:pt x="11171" y="1617"/><a:pt x="11171" y="2233"/></a:cubicBezTo><a:cubicBezTo><a:pt x="11170" y="2850"/><a:pt x="10669" y="3351"/><a:pt x="10053" y="3351"/></a:cubicBezTo><a:cubicBezTo><a:pt x="9438" y="3351"/><a:pt x="8937" y="2850"/><a:pt x="8937" y="2233"/></a:cubicBezTo><a:cubicBezTo><a:pt x="8937" y="1617"/><a:pt x="9438" y="1117"/><a:pt x="10053" y="1117"/></a:cubicBezTo><a:close/><a:moveTo><a:pt x="6144" y="2233"/></a:moveTo><a:cubicBezTo><a:pt x="8300" y="2233"/><a:pt x="10053" y="3988"/><a:pt x="10053" y="6144"/></a:cubicBezTo><a:cubicBezTo><a:pt x="10053" y="8299"/><a:pt x="8300" y="10054"/><a:pt x="6144" y="10054"/></a:cubicBezTo><a:cubicBezTo><a:pt x="3989" y="10054"/><a:pt x="2234" y="8299"/><a:pt x="2234" y="6144"/></a:cubicBezTo><a:cubicBezTo><a:pt x="2234" y="3988"/><a:pt x="3987" y="2233"/><a:pt x="6144" y="2233"/></a:cubicBezTo><a:close/><a:moveTo><a:pt x="1675" y="1"/></a:moveTo><a:cubicBezTo><a:pt x="752" y="1"/><a:pt x="0" y="751"/><a:pt x="0" y="1676"/></a:cubicBezTo><a:lnTo><a:pt x="0" y="10611"/></a:lnTo><a:cubicBezTo><a:pt x="0" y="11536"/><a:pt x="752" y="12286"/><a:pt x="1675" y="12286"/></a:cubicBezTo><a:lnTo><a:pt x="10612" y="12286"/></a:lnTo><a:cubicBezTo><a:pt x="11536" y="12286"/><a:pt x="12288" y="11536"/><a:pt x="12288" y="10611"/></a:cubicBezTo><a:lnTo><a:pt x="12288" y="1676"/></a:lnTo><a:cubicBezTo><a:pt x="12288" y="752"/><a:pt x="11536" y="1"/><a:pt x="10612" y="1"/></a:cubicBezTo><a:close/></a:path></a:pathLst></a:custGeom><a:solidFill><a:schemeClr val="lt1"/></a:solidFill><a:ln w="0"><a:noFill/></a:ln></p:spPr><p:style><a:lnRef idx="0"/><a:fillRef idx="0"/><a:effectRef idx="0"/><a:fontRef idx="minor"/></p:style><p:txBody><a:bodyPr tIns="91440" bIns="91440" anchor="ctr"><a:noAutofit/></a:bodyPr><a:p><a:pPr defTabSz="914400"><a:lnSpc><a:spcPct val="100000"/></a:lnSpc><a:tabLst><a:tab algn="l" pos="0"/></a:tabLst></a:pPr><a:endParaRPr b="0" lang="en-US" sz="1800" spc="-1" strike="noStrike"><a:solidFill><a:srgbClr val="000000"/></a:solidFill><a:latin typeface="OpenSymbol"/></a:endParaRPr></a:p></p:txBody></p:sp><p:sp><p:nvSpPr><p:cNvPr id="775" name="Google Shape;1357;p48"></p:cNvPr><p:cNvSpPr/><p:nvPr/></p:nvSpPr><p:spPr><a:xfrm><a:off x="2858760" y="3199680"/><a:ext cx="113400" cy="113040"/></a:xfrm><a:custGeom><a:avLst/><a:gdLst><a:gd name="textAreaLeft" fmla="*/ 0 w 113400"/><a:gd name="textAreaRight" fmla="*/ 113760 w 113400"/><a:gd name="textAreaTop" fmla="*/ 0 h 113040"/><a:gd name="textAreaBottom" fmla="*/ 113400 h 113040"/></a:gdLst><a:ahLst/><a:rect l="textAreaLeft" t="textAreaTop" r="textAreaRight" b="textAreaBottom"/><a:pathLst><a:path w="5588" h="5585"><a:moveTo><a:pt x="2794" y="0"/></a:moveTo><a:cubicBezTo><a:pt x="1255" y="0"/><a:pt x="1" y="1252"/><a:pt x="1" y="2793"/></a:cubicBezTo><a:cubicBezTo><a:pt x="1" y="4332"/><a:pt x="1255" y="5585"/><a:pt x="2794" y="5585"/></a:cubicBezTo><a:cubicBezTo><a:pt x="4333" y="5585"/><a:pt x="5587" y="4332"/><a:pt x="5587" y="2793"/></a:cubicBezTo><a:cubicBezTo><a:pt x="5587" y="1252"/><a:pt x="4333" y="0"/><a:pt x="2794" y="0"/></a:cubicBezTo><a:close/></a:path></a:pathLst></a:custGeom><a:solidFill><a:schemeClr val="lt1"/></a:solidFill><a:ln w="0"><a:noFill/></a:ln></p:spPr><p:style><a:lnRef idx="0"/><a:fillRef idx="0"/><a:effectRef idx="0"/><a:fontRef idx="minor"/></p:style><p:txBody><a:bodyPr tIns="56520" bIns="56520" anchor="ctr"><a:noAutofit/></a:bodyPr><a:p><a:pPr defTabSz="914400"><a:lnSpc><a:spcPct val="100000"/></a:lnSpc><a:tabLst><a:tab algn="l" pos="0"/></a:tabLst></a:pPr><a:endParaRPr b="0" lang="en-US" sz="1800" spc="-1" strike="noStrike"><a:solidFill><a:srgbClr val="000000"/></a:solidFill><a:latin typeface="OpenSymbol"/></a:endParaRPr></a:p></p:txBody></p:sp><p:sp><p:nvSpPr><p:cNvPr id="776" name="Google Shape;1358;p48"></p:cNvPr><p:cNvSpPr/><p:nvPr/></p:nvSpPr><p:spPr><a:xfrm><a:off x="2721960" y="3062520"/><a:ext cx="387360" cy="387360"/></a:xfrm><a:custGeom><a:avLst/><a:gdLst><a:gd name="textAreaLeft" fmla="*/ 0 w 387360"/><a:gd name="textAreaRight" fmla="*/ 387720 w 387360"/><a:gd name="textAreaTop" fmla="*/ 0 h 387360"/><a:gd name="textAreaBottom" fmla="*/ 387720 h 387360"/></a:gdLst><a:ahLst/><a:rect l="textAreaLeft" t="textAreaTop" r="textAreaRight" b="textAreaBottom"/><a:pathLst><a:path w="19064" h="19065"><a:moveTo><a:pt x="14000" y="2271"/></a:moveTo><a:cubicBezTo><a:pt x="15539" y="2271"/><a:pt x="16794" y="3524"/><a:pt x="16794" y="5065"/></a:cubicBezTo><a:lnTo><a:pt x="16794" y="14000"/></a:lnTo><a:cubicBezTo><a:pt x="16794" y="15541"/><a:pt x="15539" y="16793"/><a:pt x="14000" y="16793"/></a:cubicBezTo><a:lnTo><a:pt x="5063" y="16793"/></a:lnTo><a:cubicBezTo><a:pt x="3524" y="16793"/><a:pt x="2272" y="15541"/><a:pt x="2272" y="14000"/></a:cubicBezTo><a:lnTo><a:pt x="2272" y="5065"/></a:lnTo><a:cubicBezTo><a:pt x="2272" y="3524"/><a:pt x="3524" y="2271"/><a:pt x="5063" y="2271"/></a:cubicBezTo><a:close/><a:moveTo><a:pt x="2829" y="0"/></a:moveTo><a:cubicBezTo><a:pt x="1290" y="0"/><a:pt x="0" y="1290"/><a:pt x="0" y="2831"/></a:cubicBezTo><a:lnTo><a:pt x="0" y="16234"/></a:lnTo><a:cubicBezTo><a:pt x="0" y="17775"/><a:pt x="1290" y="19065"/><a:pt x="2829" y="19065"/></a:cubicBezTo><a:lnTo><a:pt x="16235" y="19065"/></a:lnTo><a:cubicBezTo><a:pt x="17774" y="19065"/><a:pt x="19063" y="17775"/><a:pt x="19063" y="16234"/></a:cubicBezTo><a:lnTo><a:pt x="19063" y="2831"/></a:lnTo><a:cubicBezTo><a:pt x="19063" y="1290"/><a:pt x="17774" y="0"/><a:pt x="16235" y="0"/></a:cubicBezTo><a:close/></a:path></a:pathLst></a:custGeom><a:solidFill><a:schemeClr val="lt1"/></a:solidFill><a:ln w="0"><a:noFill/></a:ln></p:spPr><p:style><a:lnRef idx="0"/><a:fillRef idx="0"/><a:effectRef idx="0"/><a:fontRef idx="minor"/></p:style><p:txBody><a:bodyPr tIns="91440" bIns="91440" anchor="ctr"><a:noAutofit/></a:bodyPr><a:p><a:pPr defTabSz="914400"><a:lnSpc><a:spcPct val="100000"/></a:lnSpc><a:tabLst><a:tab algn="l" pos="0"/></a:tabLst></a:pPr><a:endParaRPr b="0" lang="en-US" sz="1800" spc="-1" strike="noStrike"><a:solidFill><a:srgbClr val="000000"/></a:solidFill><a:latin typeface="OpenSymbol"/></a:endParaRPr></a:p></p:txBody></p:sp></p:grpSp></p:spTree></p:cSld><mc:AlternateContent><mc:Choice Requires="p14"><p:transition spd="slow" p14:dur="2000"></p:transition></mc:Choice><mc:Fallback><p:transition spd="slow"></p:transition></mc:Fallback></mc:AlternateContent></p:sld>