<?xml version="1.0" encoding="UTF-8" standalone="yes"?>
<p:sld xmlns:a="http://schemas.openxmlformats.org/drawingml/2006/main" xmlns:p="http://schemas.openxmlformats.org/presentationml/2006/main" xmlns:r="http://schemas.openxmlformats.org/officeDocument/2006/relationships" xmlns:p14="http://schemas.microsoft.com/office/powerpoint/2010/main" xmlns:p15="http://schemas.microsoft.com/office/powerpoint/2012/main" xmlns:mc="http://schemas.openxmlformats.org/markup-compatibility/2006"><p:cSld><p:spTree><p:nvGrpSpPr>        <p:cNvPr id="1" name=""/>        <p:cNvGrpSpPr/>        <p:nvPr/>      </p:nvGrpSpPr>      <p:grpSpPr>        <a:xfrm>          <a:off x="0" y="0"/>          <a:ext cx="0" cy="0"/>          <a:chOff x="0" y="0"/>          <a:chExt cx="0" cy="0"/>        </a:xfrm>      </p:grpSpPr><p:sp><p:nvSpPr><p:cNvPr id="741" name="PlaceHolder 1"></p:cNvPr><p:cNvSpPr><a:spLocks noGrp="1"/></p:cNvSpPr><p:nvPr><p:ph type="title"/></p:nvPr></p:nvSpPr><p:spPr><a:xfrm><a:off x="1866960" y="2181240"/><a:ext cx="5409720" cy="1628280"/></a:xfrm><a:prstGeom prst="rect"><a:avLst/></a:prstGeom><a:noFill/><a:ln w="0"><a:noFill/></a:ln></p:spPr><p:txBody><a:bodyPr lIns="91440" rIns="91440" tIns="91440" bIns="91440" anchor="t"><a:normAutofit/></a:bodyPr><a:p><a:pPr indent="0"><a:lnSpc><a:spcPct val="100000"/></a:lnSpc><a:buNone/><a:tabLst><a:tab algn="l" pos="0"/></a:tabLst></a:pPr><a:r><a:rPr b="1" lang="en" sz="4800" spc="-1" strike="noStrike"><a:solidFill><a:schemeClr val="dk1"></a:schemeClr></a:solidFill><a:latin typeface="Montserrat"/><a:ea typeface="Montserrat"/></a:rPr><a:t>Project Structure</a:t></a:r><a:endParaRPr b="0" lang="fr-FR" sz="4800" spc="-1" strike="noStrike"><a:solidFill><a:schemeClr val="dk1"></a:schemeClr></a:solidFill><a:latin typeface="Arial"/></a:endParaRPr></a:p></p:txBody></p:sp><p:sp><p:nvSpPr><p:cNvPr id="742" name="PlaceHolder 2"></p:cNvPr><p:cNvSpPr><a:spLocks noGrp="1"/></p:cNvSpPr><p:nvPr><p:ph type="title"/></p:nvPr></p:nvSpPr><p:spPr><a:xfrm><a:off x="1866960" y="1333440"/><a:ext cx="1476000" cy="837720"/></a:xfrm><a:prstGeom prst="rect"><a:avLst/></a:prstGeom><a:noFill/><a:ln w="0"><a:noFill/></a:ln></p:spPr><p:txBody><a:bodyPr lIns="91440" rIns="91440" tIns="91440" bIns="91440" anchor="b"><a:normAutofit fontScale="73321"/></a:bodyPr><a:p><a:pPr indent="0"><a:lnSpc><a:spcPct val="100000"/></a:lnSpc><a:buNone/><a:tabLst><a:tab algn="l" pos="0"/></a:tabLst></a:pPr><a:r><a:rPr b="0" lang="en" sz="6000" spc="-1" strike="noStrike"><a:solidFill><a:schemeClr val="lt1"></a:schemeClr></a:solidFill><a:latin typeface="Montserrat"/><a:ea typeface="Montserrat"/></a:rPr><a:t>01</a:t></a:r><a:endParaRPr b="0" lang="fr-FR" sz="6000" spc="-1" strike="noStrike"><a:solidFill><a:schemeClr val="dk1"></a:schemeClr></a:solidFill><a:latin typeface="Arial"/></a:endParaRPr></a:p></p:txBody></p:sp></p:spTree></p:cSld><mc:AlternateContent><mc:Choice Requires="p14"><p:transition spd="slow" p14:dur="2000"></p:transition></mc:Choice><mc:Fallback><p:transition spd="slow"></p:transition></mc:Fallback></mc:AlternateContent></p:sld>